image_path,true_label,pred_label,confidence,short_reason,raw_response
mscoco/images/COCO_train2014_000000462955.jpg,Peace,Confidence,0.85,The man's direct gaze and composed posture suggest self-assurance.,"LABEL: Confidence
CONFIDENCE: 0.85
REASON: The man's direct gaze and composed posture suggest self-assurance."
mscoco/images/COCO_train2014_000000186198.jpg,Peace,Excitement,0.95,The child's posture and gear suggest enthusiasm for skiing.,"LABEL: Excitement
CONFIDENCE: 0.95
REASON: The child's posture and gear suggest enthusiasm for skiing."
mscoco/images/COCO_val2014_000000122997.jpg,Peace,Engagement,0.95,"The individual is focused on a laptop and taking notes, indicating active involvement in a task.","LABEL: Engagement
CONFIDENCE: 0.95
REASON: The individual is focused on a laptop and taking notes, indicating active involvement in a task."
mscoco/images/COCO_train2014_000000253959.jpg,Peace,Surprise,0.95,"The child's wide eyes and open mouth suggest a sudden, unexpected event, likely the appearance of the birthday cake with lit candles.","LABEL: Surprise
CONFIDENCE: 0.95
REASON: The child's wide eyes and open mouth suggest a sudden, unexpected event, likely the appearance of the birthday cake with lit candles."
mscoco/images/COCO_val2014_000000461715.jpg,Peace,Confidence,0.75,"The woman appears relaxed and is enjoying a treat, suggesting a sense of contentment.","LABEL: Contentment
CONFIDENCE: 0.75
REASON: The woman appears relaxed and is enjoying a treat, suggesting a sense of contentment."
framesdb/images/frame_7nseu023ccmqaj3p.jpg,Peace,Engagement,0.85,"The person appears to be actively engaged in an outdoor activity, possibly hiking, with a focused expression and appropriate attire.","LABEL: Engagement
CONFIDENCE: 0.85
REASON: The person appears to be actively engaged in an outdoor activity, possibly hiking, with a focused expression and appropriate attire."
framesdb/images/frame_7nseu023ccmqaj3p.jpg,Peace,Engagement,0.85,"The person appears focused and actively engaged in an activity, possibly interacting with something in front of them.","LABEL: Engagement
CONFIDENCE: 0.85
REASON: The person appears focused and actively engaged in an activity, possibly interacting with something in front of them."
framesdb/images/frame_7nseu023ccmqaj3p.jpg,Peace,Engagement,0.85,"The person appears attentive and actively engaged in the situation, possibly reading a map or interacting with someone.","LABEL: Engagement
CONFIDENCE: 0.85
REASON: The person appears attentive and actively engaged in the situation, possibly reading a map or interacting with someone."
framesdb/images/frame_7nseu023ccmqaj3p.jpg,Peace,Engagement,0.85,"The person appears focused and actively engaged in an activity, possibly writing or drawing, with a concentrated expression.","LABEL: Engagement
CONFIDENCE: 0.85
REASON: The person appears focused and actively engaged in an activity, possibly writing or drawing, with a concentrated expression."
mscoco/images/COCO_train2014_000000149755.jpg,Peace,Happiness,0.95,The child is smiling and appears joyful while wearing a playful costume.,"LABEL: Happiness
CONFIDENCE: 0.95
REASON: The child is smiling and appears joyful while wearing a playful costume."
framesdb/images/frame_j44zhny87dief9zp.jpg,Peace,Engagement,0.95,The person is actively playing a musical instrument with focus and involvement.,"LABEL: Engagement
CONFIDENCE: 0.95
REASON: The person is actively playing a musical instrument with focus and involvement."
framesdb/images/frame_j44zhny87dief9zp.jpg,Peace,Excitement,0.95,"The musicians are actively playing instruments with energetic expressions and dynamic body language, indicating high excitement.","LABEL: Excitement
CONFIDENCE: 0.95
REASON: The musicians are actively playing instruments with energetic expressions and dynamic body language, indicating high excitement."
framesdb/images/frame_hzo04gqf487tm689.jpg,Peace,Happiness,0.95,"The people in the image are smiling and laughing while enjoying a water ride, indicating happiness.","LABEL: Happiness
CONFIDENCE: 0.95
REASON: The people in the image are smiling and laughing while enjoying a water ride, indicating happiness."
emodb_small/images/ab3l4riuiqrc4ivkqk.jpg,Peace,Peace,0.85,"The woman appears calm and relaxed, sitting comfortably with a serene expression while looking out the window.","LABEL: Peace
CONFIDENCE: 0.85
REASON: The woman appears calm and relaxed, sitting comfortably with a serene expression while looking out the window."
mscoco/images/COCO_val2014_000000571264.jpg,Peace,Peace,0.85,"The person stands calmly beside a motorcycle in a serene, open landscape, suggesting a moment of quiet reflection and tranquility.","LABEL: Peace
CONFIDENCE: 0.85
REASON: The person stands calmly beside a motorcycle in a serene, open landscape, suggesting a moment of quiet reflection and tranquility."
mscoco/images/COCO_train2014_000000331832.jpg,Peace,Engagement,0.95,"The man is focused and actively engaged in an activity, showing concentration and involvement.","LABEL: Engagement
CONFIDENCE: 0.95
REASON: The man is focused and actively engaged in an activity, showing concentration and involvement."
mscoco/images/COCO_train2014_000000389772.jpg,Peace,Happiness,0.95,The person is smiling broadly and appears cheerful while holding a tennis racket.,"LABEL: Happiness
CONFIDENCE: 0.95
REASON: The person is smiling broadly and appears cheerful while holding a tennis racket."
framesdb/images/frame_6npxf90s9ozbfo99.jpg,Peace,Peace,0.85,"The person is lying relaxed on a towel, suggesting a calm and peaceful state.","LABEL: Peace
CONFIDENCE: 0.85
REASON: The person is lying relaxed on a towel, suggesting a calm and peaceful state."
mscoco/images/COCO_val2014_000000047801.jpg,Peace,Happiness,0.95,"The person is smiling while enjoying a treat outdoors, indicating a positive emotional state.","LABEL: Happiness
CONFIDENCE: 0.95
REASON: The person is smiling while enjoying a treat outdoors, indicating a positive emotional state."
mscoco/images/COCO_train2014_000000458057.jpg,Peace,Peace,0.85,"The man appears relaxed and calm, with a neutral expression and a comfortable posture in a quiet setting.","LABEL: Peace
CONFIDENCE: 0.85
REASON: The man appears relaxed and calm, with a neutral expression and a comfortable posture in a quiet setting."
mscoco/images/COCO_train2014_000000458057.jpg,Peace,Engagement,0.95,"The man is actively engaged in conversation, gesturing with his hand while speaking.","LABEL: Engagement
CONFIDENCE: 0.95
REASON: The man is actively engaged in conversation, gesturing with his hand while speaking."
mscoco/images/COCO_train2014_000000457168.jpg,Peace,Surprise,0.95,"The boy's wide eyes and hand over his mouth suggest a sudden, unexpected reaction.","LABEL: Surprise
CONFIDENCE: 0.95
REASON: The boy's wide eyes and hand over his mouth suggest a sudden, unexpected reaction."
mscoco/images/COCO_val2014_000000553443.jpg,Peace,Engagement,0.95,"The man is actively eating a piece of fruit while looking directly at the camera, indicating engagement with the situation or observer.","LABEL: Engagement
CONFIDENCE: 0.95
REASON: The man is actively eating a piece of fruit while looking directly at the camera, indicating engagement with the situation or observer."
mscoco/images/COCO_train2014_000000377110.jpg,Peace,Happiness,0.95,"The man is smiling broadly, indicating a clear expression of happiness.","LABEL: Happiness
CONFIDENCE: 0.95
REASON: The man is smiling broadly, indicating a clear expression of happiness."
emodb_small/images/2dx6iyafrj0xqsbyxz.jpg,Peace,Affection,0.95,"The person is leaning closely to another, suggesting a warm and intimate connection.","LABEL: Affection
CONFIDENCE: 0.95
REASON: The person is leaning closely to another, suggesting a warm and intimate connection."
framesdb/images/frame_j9vbydagsea8s830.jpg,Peace,Engagement,0.85,"The person appears focused and attentive, suggesting active engagement with their surroundings.","LABEL: Engagement
CONFIDENCE: 0.85
REASON: The person appears focused and attentive, suggesting active engagement with their surroundings."
framesdb/images/frame_hxrt3v35rhil6sx5.jpg,Peace,Fatigue,0.95,"The person is reaching to turn off an alarm clock while still in bed, indicating tiredness or exhaustion.","LABEL: Fatigue
CONFIDENCE: 0.95
REASON: The person is reaching to turn off an alarm clock while still in bed, indicating tiredness or exhaustion."
mscoco/images/COCO_val2014_000000568765.jpg,Peace,Confidence,0.95,"The individual's upright posture, focused expression, and formal attire convey self-assurance and composure.","LABEL: Confidence
CONFIDENCE: 0.95
REASON: The individual's upright posture, focused expression, and formal attire convey self-assurance and composure."
mscoco/images/COCO_train2014_000000466491.jpg,Peace,Fatigue,0.95,"The person is lying on a bed in a relaxed posture with eyes closed, suggesting tiredness or exhaustion.","LABEL: Fatigue
CONFIDENCE: 0.95
REASON: The person is lying on a bed in a relaxed posture with eyes closed, suggesting tiredness or exhaustion."
mscoco/images/COCO_train2014_000000139429.jpg,Peace,Happiness,0.95,"The woman is smiling and appears relaxed while sitting on a bench, suggesting a positive emotional state.","LABEL: Happiness
CONFIDENCE: 0.95
REASON: The woman is smiling and appears relaxed while sitting on a bench, suggesting a positive emotional state."
mscoco/images/COCO_train2014_000000139429.jpg,Peace,Happiness,0.85,"The woman is smiling while eating, indicating a positive emotional state.","LABEL: Happiness
CONFIDENCE: 0.85
REASON: The woman is smiling while eating, indicating a positive emotional state."
mscoco/images/COCO_train2014_000000050597.jpg,Peace,Happiness,0.95,"The child is smiling while eating a fruit, indicating joy and contentment.","LABEL: Happiness
CONFIDENCE: 0.95
REASON: The child is smiling while eating a fruit, indicating joy and contentment."
mscoco/images/COCO_train2014_000000189810.jpg,Peace,Disconnection,0.75,"The woman appears distant and unengaged, with a neutral expression and gaze directed away, suggesting emotional disconnection.","LABEL: Disconnection
CONFIDENCE: 0.75
REASON: The woman appears distant and unengaged, with a neutral expression and gaze directed away, suggesting emotional disconnection."
mscoco/images/COCO_val2014_000000078060.jpg,Peace,Happiness,0.95,The child is smiling and appears joyful while playing in the snow.,"LABEL: Happiness
CONFIDENCE: 0.95
REASON: The child is smiling and appears joyful while playing in the snow."
mscoco/images/COCO_train2014_000000134496.jpg,Peace,Engagement,0.95,"The woman is actively engaged in a phone conversation, indicated by her focused expression and the way she holds the phone to her ear.","LABEL: Engagement
CONFIDENCE: 0.95
REASON: The woman is actively engaged in a phone conversation, indicated by her focused expression and the way she holds the phone to her ear."
mscoco/images/COCO_train2014_000000445462.jpg,Peace,Engagement,0.95,"The man is focused on his laptop, indicating active engagement with the device.","LABEL: Engagement
CONFIDENCE: 0.95
REASON: The man is focused on his laptop, indicating active engagement with the device."
mscoco/images/COCO_val2014_000000107239.jpg,Affection,Happiness,0.95,The person is smiling widely and appears to be enjoying a piece of food.,"LABEL: Happiness
CONFIDENCE: 0.95
REASON: The person is smiling widely and appears to be enjoying a piece of food."
framesdb/images/frame_gq8umfw35sg36nlq.jpg,Affection,Engagement,0.85,"The man appears focused and actively engaged in a task, possibly playing an instrument or conducting.","LABEL: Engagement
CONFIDENCE: 0.85
REASON: The man appears focused and actively engaged in a task, possibly playing an instrument or conducting."
framesdb/images/frame_jsnriwfd0ffphs5g.jpg,Affection,Happiness,0.95,"The man is smiling broadly, indicating a positive emotional state.","LABEL: Happiness
CONFIDENCE: 0.95
REASON: The man is smiling broadly, indicating a positive emotional state."
framesdb/images/frame_1cnsgmoppetoruv9.jpg,Affection,Happiness,0.85,The person is smiling and appears to be enjoying the moment.,"LABEL: Happiness
CONFIDENCE: 0.85
REASON: The person is smiling and appears to be enjoying the moment."
framesdb/images/frame_c9ctv7ctm2dnic4v.jpg,Affection,Engagement,0.95,"The woman and child are closely observing the brain model, indicating focused attention and interest.","LABEL: Engagement
CONFIDENCE: 0.95
REASON: The woman and child are closely observing the brain model, indicating focused attention and interest."
mscoco/images/COCO_train2014_000000439678.jpg,Affection,Happiness,0.95,"The person is smiling broadly, indicating a clear expression of happiness.","LABEL: Happiness
CONFIDENCE: 0.95
REASON: The person is smiling broadly, indicating a clear expression of happiness."
mscoco/images/COCO_val2014_000000552247.jpg,Affection,Affection,0.95,"The man is smiling warmly and embracing the child, indicating a close, affectionate bond.","LABEL: Affection
CONFIDENCE: 0.95
REASON: The man is smiling warmly and embracing the child, indicating a close, affectionate bond."
emodb_small/images/007eear5kx5qhbzewz.jpg,Affection,Peace,0.95,"The person appears relaxed and content, lying comfortably with a calm expression.","LABEL: Peace
CONFIDENCE: 0.95
REASON: The person appears relaxed and content, lying comfortably with a calm expression."
emodb_small/images/007eear5kx5qhbzewz.jpg,Affection,Affection,0.95,"The woman is resting her head on the man's shoulder, and they are sitting close together in a relaxed posture, indicating warmth and emotional closeness.","LABEL: Affection
CONFIDENCE: 0.95
REASON: The woman is resting her head on the man's shoulder, and they are sitting close together in a relaxed posture, indicating warmth and emotional closeness."
mscoco/images/COCO_train2014_000000043264.jpg,Affection,Engagement,0.85,"The child is actively reaching out and interacting with another person, indicating engagement.","LABEL: Engagement
CONFIDENCE: 0.85
REASON: The child is actively reaching out and interacting with another person, indicating engagement."
emodb_small/images/2wd2hxmqz5sbgy2ypo.jpg,Affection,Affection,0.95,The close physical proximity and gentle expressions suggest a strong emotional bond and affection between the individuals.,"LABEL: Affection
CONFIDENCE: 0.95
REASON: The close physical proximity and gentle expressions suggest a strong emotional bond and affection between the individuals."
emodb_small/images/2wd2hxmqz5sbgy2ypo.jpg,Affection,Affection,0.95,"The woman's gentle smile and closeness to the man suggest a warm, affectionate connection.","LABEL: Affection
CONFIDENCE: 0.95
REASON: The woman's gentle smile and closeness to the man suggest a warm, affectionate connection."
emodb_small/images/2dx6iyafrj0xqsbyxz.jpg,Affection,Sadness,0.95,"The person is hunched over with their head down, suggesting emotional distress or sorrow.","LABEL: Sadness
CONFIDENCE: 0.95
REASON: The person is hunched over with their head down, suggesting emotional distress or sorrow."
framesdb/images/frame_dfne06yl7tjnzbdt.jpg,Affection,Happiness,0.95,"The women are smiling and appear to be enjoying a movie together, indicating happiness.","LABEL: Happiness
CONFIDENCE: 0.95
REASON: The women are smiling and appear to be enjoying a movie together, indicating happiness."
mscoco/images/COCO_train2014_000000444168.jpg,Affection,Happiness,0.95,"The boy is smiling widely while holding a sparkler, indicating joy and excitement.","LABEL: Happiness
CONFIDENCE: 0.95
REASON: The boy is smiling widely while holding a sparkler, indicating joy and excitement."
mscoco/images/COCO_train2014_000000330100.jpg,Affection,Disconnection,0.85,"The person appears isolated, looking away from others and wearing earphones, suggesting emotional or social disengagement.","LABEL: Disconnection
CONFIDENCE: 0.85
REASON: The person appears isolated, looking away from others and wearing earphones, suggesting emotional or social disengagement."
framesdb/images/frame_cmwvbpa676fz8xne.jpg,Affection,Happiness,0.95,"The woman is smiling and appears joyful in her wedding attire, indicating happiness.","LABEL: Happiness
CONFIDENCE: 0.95
REASON: The woman is smiling and appears joyful in her wedding attire, indicating happiness."
framesdb/images/frame_cmwvbpa676fz8xne.jpg,Affection,Confidence,0.95,"The man's upright posture, direct gaze, and formal attire with medals convey self-assurance and authority.","LABEL: Confidence
CONFIDENCE: 0.95
REASON: The man's upright posture, direct gaze, and formal attire with medals convey self-assurance and authority."
framesdb/images/frame_9pwj5e0e3540mhk2.jpg,Affection,Affection,0.95,"The woman is gently holding the baby close, both appearing to be sleeping peacefully, indicating a strong sense of care and affection.","LABEL: Affection
CONFIDENCE: 0.95
REASON: The woman is gently holding the baby close, both appearing to be sleeping peacefully, indicating a strong sense of care and affection."
framesdb/images/frame_d8e8zt0xx79rhd3a.jpg,Affection,Engagement,0.85,"The image shows a collection of postcards, suggesting interest and engagement with travel or memories.","LABEL: Engagement
CONFIDENCE: 0.85
REASON: The image shows a collection of postcards, suggesting interest and engagement with travel or memories."
emodb_small/images/3ehhn46l9yimyuaed8.jpg,Affection,Esteem,0.95,The senior officer's focused attention and the act of pinning a badge convey respect and high regard for the soldier's accomplishments.,"LABEL: Esteem
CONFIDENCE: 0.95
REASON: The senior officer's focused attention and the act of pinning a badge convey respect and high regard for the soldier's accomplishments."
mscoco/images/COCO_val2014_000000243148.jpg,Affection,Sadness,0.85,"The child is sitting on the snow with a downturned expression, suggesting sadness or disappointment.","LABEL: Sadness
CONFIDENCE: 0.85
REASON: The child is sitting on the snow with a downturned expression, suggesting sadness or disappointment."
emodb_small/images/280dp8lwiegcqa2q1z.jpg,Affection,Affection,0.95,"The man is gently kissing the woman's forehead, and she is smiling softly, indicating a tender and affectionate moment.","LABEL: Affection
CONFIDENCE: 0.95
REASON: The man is gently kissing the woman's forehead, and she is smiling softly, indicating a tender and affectionate moment."
framesdb/images/frame_ln54q5tur4s42ez9.jpg,Affection,Happiness,0.95,"The couple is smiling and laughing while affectionately interacting with their dog, indicating a joyful and happy moment.","LABEL: Happiness
CONFIDENCE: 0.95
REASON: The couple is smiling and laughing while affectionately interacting with their dog, indicating a joyful and happy moment."
mscoco/images/COCO_train2014_000000145679.jpg,Affection,Excitement,0.95,"The woman's open posture, raised arm, and focused expression suggest she is engaged in an activity with enthusiasm.","LABEL: Excitement
CONFIDENCE: 0.95
REASON: The woman's open posture, raised arm, and focused expression suggest she is engaged in an activity with enthusiasm."
emodb_small/images/2fahoe54zb00wjdivy.jpg,Affection,Affection,0.95,"The image shows an elderly couple embracing warmly, conveying deep affection and tenderness.","LABEL: Affection
CONFIDENCE: 0.95
REASON: The image shows an elderly couple embracing warmly, conveying deep affection and tenderness."
framesdb/images/frame_gq6sydxtsi4krfma.jpg,Affection,Happiness,0.95,"The individuals are smiling and engaging in a handshake, indicating positive emotions.","LABEL: Happiness
CONFIDENCE: 0.95
REASON: The individuals are smiling and engaging in a handshake, indicating positive emotions."
mscoco/images/COCO_val2014_000000573320.jpg,Affection,Excitement,0.95,"The woman is smiling and actively engaged in playing a video game, indicating excitement.","LABEL: Excitement
CONFIDENCE: 0.95
REASON: The woman is smiling and actively engaged in playing a video game, indicating excitement."
framesdb/images/frame_cayeoa053pjmm6w5.jpg,Affection,Peace,0.95,"The man stands calmly with a composed expression, suggesting inner peace and tranquility.","LABEL: Peace
CONFIDENCE: 0.95
REASON: The man stands calmly with a composed expression, suggesting inner peace and tranquility."
framesdb/images/frame_cayeoa053pjmm6w5.jpg,Affection,Happiness,0.95,"The woman is smiling and holding a bouquet, suggesting she is happy at a celebratory event.","LABEL: Happiness
CONFIDENCE: 0.95
REASON: The woman is smiling and holding a bouquet, suggesting she is happy at a celebratory event."
framesdb/images/frame_cayeoa053pjmm6w5.jpg,Affection,Affection,0.95,"The man is leaning in to kiss the woman, indicating a moment of intimacy and affection.","LABEL: Affection
CONFIDENCE: 0.95
REASON: The man is leaning in to kiss the woman, indicating a moment of intimacy and affection."
mscoco/images/COCO_val2014_000000022680.jpg,Affection,Happiness,0.95,"The boy is smiling broadly, indicating a clear expression of happiness.","LABEL: Happiness
CONFIDENCE: 0.95
REASON: The boy is smiling broadly, indicating a clear expression of happiness."
emodb_small/images/2bmpyaavvm6crl0ids.jpg,Affection,Affection,0.95,"The woman is affectionately kissing the man on the cheek while he smiles broadly, indicating warmth and love.","LABEL: Affection
CONFIDENCE: 0.95
REASON: The woman is affectionately kissing the man on the cheek while he smiles broadly, indicating warmth and love."
emodb_small/images/2bmpyaavvm6crl0ids.jpg,Affection,Happiness,0.95,"The elderly man is smiling broadly, indicating a strong sense of happiness.","LABEL: Happiness
CONFIDENCE: 0.95
REASON: The elderly man is smiling broadly, indicating a strong sense of happiness."
mscoco/images/COCO_val2014_000000564098.jpg,Affection,Engagement,0.95,"The woman is actively participating in a conversation, gesturing with her hand while speaking to another person.","LABEL: Engagement
CONFIDENCE: 0.95
REASON: The woman is actively participating in a conversation, gesturing with her hand while speaking to another person."
mscoco/images/COCO_train2014_000000487007.jpg,Affection,Happiness,0.95,"The person is smiling broadly, indicating a positive emotional state.","LABEL: Happiness
CONFIDENCE: 0.95
REASON: The person is smiling broadly, indicating a positive emotional state."
mscoco/images/COCO_val2014_000000479808.jpg,Affection,Confidence,0.85,The person has a neutral facial expression with no clear emotional cues.,"LABEL: Neutral
CONFIDENCE: 0.85
REASON: The person has a neutral facial expression with no clear emotional cues."
mscoco/images/COCO_train2014_000000411109.jpg,Esteem,Disconnection,0.85,"The umpire's back is turned, creating a sense of detachment from the player on the ground.","LABEL: Disconnection
CONFIDENCE: 0.85
REASON: The umpire's back is turned, creating a sense of detachment from the player on the ground."
mscoco/images/COCO_train2014_000000379034.jpg,Esteem,Engagement,0.95,"The man is focused and actively participating in an activity, indicating engagement.","LABEL: Engagement
CONFIDENCE: 0.95
REASON: The man is focused and actively participating in an activity, indicating engagement."
framesdb/images/frame_3jwi6nrvfphi4lp6.jpg,Esteem,Happiness,0.85,The woman is smiling and appears relaxed while walking on the boardwalk.,"LABEL: Happiness
CONFIDENCE: 0.85
REASON: The woman is smiling and appears relaxed while walking on the boardwalk."
mscoco/images/COCO_train2014_000000498702.jpg,Esteem,Engagement,0.95,"The player is focused and actively participating in the game, showing clear engagement with the activity.","LABEL: Engagement
CONFIDENCE: 0.95
REASON: The player is focused and actively participating in the game, showing clear engagement with the activity."
emodb_small/images/4le1bbiky5djx0iuln.jpg,Esteem,Engagement,0.95,"The speaker is actively gesturing and appears to be communicating with the audience, indicating engagement.","LABEL: Engagement
CONFIDENCE: 0.95
REASON: The speaker is actively gesturing and appears to be communicating with the audience, indicating engagement."
mscoco/images/COCO_val2014_000000510791.jpg,Esteem,Confidence,0.85,The person's upright posture and focused expression suggest self-assurance.,"LABEL: Confidence
CONFIDENCE: 0.85
REASON: The person's upright posture and focused expression suggest self-assurance."
mscoco/images/COCO_train2014_000000385744.jpg,Esteem,Engagement,0.95,"The person is actively taking a photo of the food, showing interest and involvement in the moment.","LABEL: Engagement
CONFIDENCE: 0.95
REASON: The person is actively taking a photo of the food, showing interest and involvement in the moment."
mscoco/images/COCO_train2014_000000002842.jpg,Esteem,Engagement,0.95,"The player is focused and actively engaged in the game, holding a tennis racket and ball, with an attentive posture.","LABEL: Engagement
CONFIDENCE: 0.95
REASON: The player is focused and actively engaged in the game, holding a tennis racket and ball, with an attentive posture."
mscoco/images/COCO_val2014_000000509403.jpg,Esteem,Peace,0.85,"The person is standing calmly in a natural setting, suggesting a peaceful moment.","LABEL: Peace
CONFIDENCE: 0.85
REASON: The person is standing calmly in a natural setting, suggesting a peaceful moment."
framesdb/images/frame_c9ctv7ctm2dnic4v.jpg,Esteem,Engagement,0.95,"The boy is intently observing the anatomical models with focused attention, indicating engagement with the exhibit.","LABEL: Engagement
CONFIDENCE: 0.95
REASON: The boy is intently observing the anatomical models with focused attention, indicating engagement with the exhibit."
mscoco/images/COCO_val2014_000000222681.jpg,Esteem,Anticipation,0.95,"The child is looking at the cake with a focused and expectant expression, suggesting anticipation of eating it.","LABEL: Anticipation
CONFIDENCE: 0.95
REASON: The child is looking at the cake with a focused and expectant expression, suggesting anticipation of eating it."
mscoco/images/COCO_train2014_000000426839.jpg,Esteem,Surprise,0.85,The man's wide eyes and the unexpected nature of holding a phone up to his face suggest surprise.,"LABEL: Surprise
CONFIDENCE: 0.85
REASON: The man's wide eyes and the unexpected nature of holding a phone up to his face suggest surprise."
mscoco/images/COCO_train2014_000000259467.jpg,Esteem,Engagement,0.95,"The child is actively raising their hand, indicating participation and interest in the activity.","LABEL: Engagement
CONFIDENCE: 0.95
REASON: The child is actively raising their hand, indicating participation and interest in the activity."
framesdb/images/frame_belw7xz1lwepxcyq.jpg,Esteem,Engagement,0.85,"The officer appears focused and attentive, suggesting active engagement in their duties.","LABEL: Engagement
CONFIDENCE: 0.85
REASON: The officer appears focused and attentive, suggesting active engagement in their duties."
mscoco/images/COCO_train2014_000000419767.jpg,Esteem,Engagement,0.85,"The individuals appear to be engaged in a conversation, with one person facing another and holding an object, suggesting active interaction.","LABEL: Engagement
CONFIDENCE: 0.85
REASON: The individuals appear to be engaged in a conversation, with one person facing another and holding an object, suggesting active interaction."
mscoco/images/COCO_train2014_000000217224.jpg,Esteem,Engagement,0.95,"The individual is actively leaning forward and interacting with an object, indicating focused involvement.","LABEL: Engagement
CONFIDENCE: 0.95
REASON: The individual is actively leaning forward and interacting with an object, indicating focused involvement."
framesdb/images/frame_cmwvbpa676fz8xne.jpg,Esteem,Engagement,0.95,"The individuals are standing at attention, suggesting focus and involvement in a formal or structured activity.","LABEL: Engagement
CONFIDENCE: 0.95
REASON: The individuals are standing at attention, suggesting focus and involvement in a formal or structured activity."
framesdb/images/frame_cmwvbpa676fz8xne.jpg,Esteem,Disconnection,0.75,"The individuals appear physically close but emotionally distant, with one looking away and the other focused forward, suggesting a lack of interaction or connection.","LABEL: Disconnection
CONFIDENCE: 0.75
REASON: The individuals appear physically close but emotionally distant, with one looking away and the other focused forward, suggesting a lack of interaction or connection."
mscoco/images/COCO_train2014_000000091642.jpg,Esteem,Happiness,0.95,"The person is smiling broadly with arms raised in victory, indicating clear happiness.","LABEL: Happiness
CONFIDENCE: 0.95
REASON: The person is smiling broadly with arms raised in victory, indicating clear happiness."
mscoco/images/COCO_train2014_000000078358.jpg,Esteem,Affection,0.95,"The man is smiling warmly while shaking hands, indicating a friendly and affectionate interaction.","LABEL: Affection
CONFIDENCE: 0.95
REASON: The man is smiling warmly while shaking hands, indicating a friendly and affectionate interaction."
mscoco/images/COCO_train2014_000000078358.jpg,Esteem,Engagement,0.95,"The man is actively shaking hands and smiling, indicating engagement with others in a social or professional setting.","LABEL: Engagement
CONFIDENCE: 0.95
REASON: The man is actively shaking hands and smiling, indicating engagement with others in a social or professional setting."
mscoco/images/COCO_train2014_000000462509.jpg,Esteem,Engagement,0.95,"The player is focused and ready to hit, showing clear engagement in the game.","LABEL: Engagement
CONFIDENCE: 0.95
REASON: The player is focused and ready to hit, showing clear engagement in the game."
mscoco/images/COCO_train2014_000000444171.jpg,Esteem,Engagement,0.95,"The child is focused and attentive, indicating active engagement with the activity or person nearby.","LABEL: Engagement
CONFIDENCE: 0.95
REASON: The child is focused and attentive, indicating active engagement with the activity or person nearby."
mscoco/images/COCO_val2014_000000053364.jpg,Esteem,Excitement,0.95,"The person's animated expression and the festive, colorful attire suggest a high level of excitement.","LABEL: Excitement
CONFIDENCE: 0.95
REASON: The person's animated expression and the festive, colorful attire suggest a high level of excitement."
mscoco/images/COCO_train2014_000000464812.jpg,Esteem,Sadness,0.65,The boy's downturned mouth and slumped posture suggest sadness.,"LABEL: Sadness
CONFIDENCE: 0.65
REASON: The boy's downturned mouth and slumped posture suggest sadness."
mscoco/images/COCO_train2014_000000122667.jpg,Esteem,Happiness,0.95,"The person is smiling broadly, indicating a positive emotional state.","LABEL: Happiness
CONFIDENCE: 0.95
REASON: The person is smiling broadly, indicating a positive emotional state."
mscoco/images/COCO_val2014_000000194704.jpg,Esteem,Excitement,0.95,"The person is smiling widely, raising their arms with ski equipment, and wearing goggles, indicating enthusiasm for skiing.","LABEL: Excitement
CONFIDENCE: 0.95
REASON: The person is smiling widely, raising their arms with ski equipment, and wearing goggles, indicating enthusiasm for skiing."
mscoco/images/COCO_train2014_000000114421.jpg,Esteem,Happiness,0.95,"The woman is smiling broadly, indicating a clear expression of happiness.","LABEL: Happiness
CONFIDENCE: 0.95
REASON: The woman is smiling broadly, indicating a clear expression of happiness."
mscoco/images/COCO_val2014_000000041279.jpg,Esteem,Happiness,0.95,"The person is smiling and appears to be enjoying a meal, indicating positive emotion.","LABEL: Happiness
CONFIDENCE: 0.95
REASON: The person is smiling and appears to be enjoying a meal, indicating positive emotion."
mscoco/images/COCO_train2014_000000353223.jpg,Esteem,Excitement,0.95,"The person is smiling widely and actively riding a wave, showing clear signs of exhilaration.","LABEL: Excitement
CONFIDENCE: 0.95
REASON: The person is smiling widely and actively riding a wave, showing clear signs of exhilaration."
mscoco/images/COCO_train2014_000000304473.jpg,Esteem,Engagement,0.95,"The person is actively engaged in a physical activity, showing focus and participation.","LABEL: Engagement
CONFIDENCE: 0.95
REASON: The person is actively engaged in a physical activity, showing focus and participation."
mscoco/images/COCO_val2014_000000498032.jpg,Esteem,Engagement,0.85,"The person is actively raising their arm, suggesting involvement in an activity or interaction.","LABEL: Engagement
CONFIDENCE: 0.85
REASON: The person is actively raising their arm, suggesting involvement in an activity or interaction."
framesdb/images/frame_9q90mzvc7x4cdyr3.jpg,Esteem,Engagement,0.85,"The person appears actively engaged in an outdoor activity, holding a ball and wearing swimwear suitable for recreation.","LABEL: Engagement
CONFIDENCE: 0.85
REASON: The person appears actively engaged in an outdoor activity, holding a ball and wearing swimwear suitable for recreation."
emodb_small/images/4dvzh6e97rzw27kig1.jpg,Esteem,Happiness,0.95,The man is smiling broadly and appears relaxed and joyful while talking on the phone.,"LABEL: Happiness
CONFIDENCE: 0.95
REASON: The man is smiling broadly and appears relaxed and joyful while talking on the phone."
mscoco/images/COCO_val2014_000000266922.jpg,Esteem,Happiness,0.85,The man is smiling and appears to be enjoying skiing on a sunny day.,"LABEL: Happiness
CONFIDENCE: 0.85
REASON: The man is smiling and appears to be enjoying skiing on a sunny day."
mscoco/images/COCO_train2014_000000443084.jpg,Esteem,Pain,0.85,"The person is grimacing and holding their head, suggesting discomfort or pain.","LABEL: Pain
CONFIDENCE: 0.85
REASON: The person is grimacing and holding their head, suggesting discomfort or pain."
mscoco/images/COCO_train2014_000000288841.jpg,Anticipation,Happiness,0.95,The girl is smiling broadly and appears joyful in her red dress.,"LABEL: Happiness
CONFIDENCE: 0.95
REASON: The girl is smiling broadly and appears joyful in her red dress."
mscoco/images/COCO_val2014_000000168683.jpg,Anticipation,Engagement,0.95,"The person is focused and appears to be deeply engaged in the task at hand, with a thoughtful expression and attentive posture.","LABEL: Engagement
CONFIDENCE: 0.95
REASON: The person is focused and appears to be deeply engaged in the task at hand, with a thoughtful expression and attentive posture."
mscoco/images/COCO_val2014_000000547457.jpg,Anticipation,Happiness,0.95,"The woman is smiling broadly while driving, indicating a clear expression of happiness.","LABEL: Happiness
CONFIDENCE: 0.95
REASON: The woman is smiling broadly while driving, indicating a clear expression of happiness."
mscoco/images/COCO_train2014_000000140322.jpg,Anticipation,Surprise,0.95,The baby's wide eyes and open mouth suggest a sudden reaction to something unexpected.,"LABEL: Surprise
CONFIDENCE: 0.95
REASON: The baby's wide eyes and open mouth suggest a sudden reaction to something unexpected."
mscoco/images/COCO_train2014_000000001966.jpg,Anticipation,Engagement,0.95,"The player is focused and actively preparing to hit the ball, indicating high engagement in the game.","LABEL: Engagement
CONFIDENCE: 0.95
REASON: The player is focused and actively preparing to hit the ball, indicating high engagement in the game."
framesdb/images/frame_kuxvwgw2wheq7szc.jpg,Anticipation,Sadness,0.85,The child's downward gaze and somber expression suggest a feeling of sadness or melancholy.,"LABEL: Sadness
CONFIDENCE: 0.85
REASON: The child's downward gaze and somber expression suggest a feeling of sadness or melancholy."
mscoco/images/COCO_train2014_000000411109.jpg,Anticipation,Engagement,0.95,"The player is actively engaged in the game, focused on pitching with proper form and concentration.","LABEL: Engagement
CONFIDENCE: 0.95
REASON: The player is actively engaged in the game, focused on pitching with proper form and concentration."
mscoco/images/COCO_val2014_000000054277.jpg,Anticipation,Engagement,0.85,The person appears focused and actively engaged in the activity of ice skating.,"LABEL: Engagement
CONFIDENCE: 0.85
REASON: The person appears focused and actively engaged in the activity of ice skating."
mscoco/images/COCO_train2014_000000390644.jpg,Anticipation,Engagement,0.95,"The man is actively engaged in skateboarding, showing focus and physical involvement in the activity.","LABEL: Engagement
CONFIDENCE: 0.95
REASON: The man is actively engaged in skateboarding, showing focus and physical involvement in the activity."
mscoco/images/COCO_train2014_000000322698.jpg,Anticipation,Engagement,0.95,"The man is actively gesturing and focused, suggesting involvement in a conversation or activity.","LABEL: Engagement
CONFIDENCE: 0.95
REASON: The man is actively gesturing and focused, suggesting involvement in a conversation or activity."
mscoco/images/COCO_train2014_000000408190.jpg,Anticipation,Excitement,0.95,"The person is actively surfing, which typically evokes excitement due to the thrill of the activity.","LABEL: Excitement
CONFIDENCE: 0.95
REASON: The person is actively surfing, which typically evokes excitement due to the thrill of the activity."
framesdb/images/frame_aztc78d4kjclxv9e.jpg,Anticipation,Engagement,0.95,"The person is focused on a laptop, suggesting active involvement in a task.","LABEL: Engagement
CONFIDENCE: 0.95
REASON: The person is focused on a laptop, suggesting active involvement in a task."
framesdb/images/frame_aztc78d4kjclxv9e.jpg,Anticipation,Engagement,0.95,"The person is focused on the laptop, indicating active involvement in a task.","LABEL: Engagement
CONFIDENCE: 0.95
REASON: The person is focused on the laptop, indicating active involvement in a task."
mscoco/images/COCO_train2014_000000298949.jpg,Anticipation,Excitement,0.95,"The person is captured mid-air in a dynamic pose, suggesting high energy and enthusiasm.","LABEL: Excitement
CONFIDENCE: 0.95
REASON: The person is captured mid-air in a dynamic pose, suggesting high energy and enthusiasm."
mscoco/images/COCO_val2014_000000576031.jpg,Anticipation,Engagement,0.95,"The person is actively engaged in skiing, focused on the activity with proper equipment and posture.","LABEL: Engagement
CONFIDENCE: 0.95
REASON: The person is actively engaged in skiing, focused on the activity with proper equipment and posture."
framesdb/images/frame_8bcjgl84a80cguy5.jpg,Anticipation,Engagement,0.95,"The woman is focused and actively engaged in examining the fruit, indicating interest and involvement in the activity.","LABEL: Engagement
CONFIDENCE: 0.95
REASON: The woman is focused and actively engaged in examining the fruit, indicating interest and involvement in the activity."
framesdb/images/frame_8bcjgl84a80cguy5.jpg,Anticipation,Engagement,0.95,"The man is actively handling fruit and appears focused on the task, suggesting engagement in the activity.","LABEL: Engagement
CONFIDENCE: 0.95
REASON: The man is actively handling fruit and appears focused on the task, suggesting engagement in the activity."
framesdb/images/frame_bwnq9ntic9dpamg2.jpg,Anticipation,Disconnection,0.75,"The person is facing away from the group, appearing isolated and not engaged with others around them.","LABEL: Disconnection
CONFIDENCE: 0.75
REASON: The person is facing away from the group, appearing isolated and not engaged with others around them."
framesdb/images/frame_6290od7o4jvss70n.jpg,Anticipation,Sadness,0.75,"The person is looking down with a slumped posture, suggesting sorrow or sadness.","LABEL: Sadness
CONFIDENCE: 0.75
REASON: The person is looking down with a slumped posture, suggesting sorrow or sadness."
mscoco/images/COCO_train2014_000000282027.jpg,Anticipation,Engagement,0.95,"The person is actively playing tennis, showing focus and physical involvement in the game.","LABEL: Engagement
CONFIDENCE: 0.95
REASON: The person is actively playing tennis, showing focus and physical involvement in the game."
mscoco/images/COCO_train2014_000000396793.jpg,Anticipation,Confidence,0.85,"The child stands with a relaxed posture and direct gaze, suggesting self-assurance.","LABEL: Confidence
CONFIDENCE: 0.85
REASON: The child stands with a relaxed posture and direct gaze, suggesting self-assurance."
mscoco/images/COCO_train2014_000000252375.jpg,Anticipation,Excitement,0.95,The skateboarder's dynamic pose and forward motion convey a sense of thrill and exhilaration.,"LABEL: Excitement
CONFIDENCE: 0.95
REASON: The skateboarder's dynamic pose and forward motion convey a sense of thrill and exhilaration."
mscoco/images/COCO_train2014_000000483078.jpg,Anticipation,Engagement,0.95,"The child is focused and actively participating in the baseball game, showing engagement.","LABEL: Engagement
CONFIDENCE: 0.95
REASON: The child is focused and actively participating in the baseball game, showing engagement."
mscoco/images/COCO_train2014_000000509626.jpg,Anticipation,Excitement,0.95,The player's dynamic pose and focused expression suggest high energy and anticipation during the game.,"LABEL: Excitement
CONFIDENCE: 0.95
REASON: The player's dynamic pose and focused expression suggest high energy and anticipation during the game."
mscoco/images/COCO_train2014_000000252801.jpg,Anticipation,Engagement,0.95,"The man is focused on the task of pouring water, showing concentration and involvement in the activity.","LABEL: Engagement
CONFIDENCE: 0.95
REASON: The man is focused on the task of pouring water, showing concentration and involvement in the activity."
mscoco/images/COCO_train2014_000000107072.jpg,Anticipation,Disquietment,0.95,The person's zombie-like appearance and blood-stained clothing evoke a sense of unease and discomfort.,"LABEL: Disquietment
CONFIDENCE: 0.95
REASON: The person's zombie-like appearance and blood-stained clothing evoke a sense of unease and discomfort."
framesdb/images/frame_7qztqnocqk4d67lc.jpg,Anticipation,Excitement,0.95,"The man is smiling widely and appears to be celebrating, indicating a high level of excitement.","LABEL: Excitement
CONFIDENCE: 0.95
REASON: The man is smiling widely and appears to be celebrating, indicating a high level of excitement."
framesdb/images/frame_7qztqnocqk4d67lc.jpg,Anticipation,Engagement,0.85,"The person appears focused and actively participating in a track event, indicating engagement.","LABEL: Engagement
CONFIDENCE: 0.85
REASON: The person appears focused and actively participating in a track event, indicating engagement."
framesdb/images/frame_hkvjon62ft6acgnx.jpg,Anticipation,Excitement,0.95,The player's intense focus and powerful swing suggest high energy and excitement during the game.,"LABEL: Excitement
CONFIDENCE: 0.95
REASON: The player's intense focus and powerful swing suggest high energy and excitement during the game."
mscoco/images/COCO_train2014_000000385280.jpg,Anticipation,Excitement,0.95,"The person is captured mid-air performing a dynamic skateboarding trick, conveying high energy and thrill.","LABEL: Excitement
CONFIDENCE: 0.95
REASON: The person is captured mid-air performing a dynamic skateboarding trick, conveying high energy and thrill."
mscoco/images/COCO_val2014_000000202476.jpg,Anticipation,Engagement,0.95,The player's focused expression and active posture suggest deep involvement in the game.,"LABEL: Engagement
CONFIDENCE: 0.95
REASON: The player's focused expression and active posture suggest deep involvement in the game."
mscoco/images/COCO_train2014_000000269588.jpg,Anticipation,Disconnection,0.85,"The man appears isolated and detached, focused on his phone while standing alone in an urban setting.","LABEL: Disconnection
CONFIDENCE: 0.85
REASON: The man appears isolated and detached, focused on his phone while standing alone in an urban setting."
mscoco/images/COCO_train2014_000000221625.jpg,Anticipation,Engagement,0.95,"The person is actively engaged in a tennis match, focused and in motion.","LABEL: Engagement
CONFIDENCE: 0.95
REASON: The person is actively engaged in a tennis match, focused and in motion."
mscoco/images/COCO_val2014_000000558171.jpg,Engagement,Excitement,0.95,"The person is raising a frisbee in the air with an enthusiastic expression, suggesting excitement.","LABEL: Excitement
CONFIDENCE: 0.95
REASON: The person is raising a frisbee in the air with an enthusiastic expression, suggesting excitement."
mscoco/images/COCO_train2014_000000006590.jpg,Engagement,Happiness,0.95,"The child is smiling broadly, indicating clear happiness.","LABEL: Happiness
CONFIDENCE: 0.95
REASON: The child is smiling broadly, indicating clear happiness."
mscoco/images/COCO_val2014_000000122997.jpg,Engagement,Engagement,0.95,"The individuals are focused and actively participating, suggesting high engagement.","LABEL: Engagement
CONFIDENCE: 0.95
REASON: The individuals are focused and actively participating, suggesting high engagement."
framesdb/images/frame_k245twaqc30i5imc.jpg,Engagement,Peace,0.95,The woman is sleeping peacefully with a calm expression and relaxed posture.,"LABEL: Peace
CONFIDENCE: 0.95
REASON: The woman is sleeping peacefully with a calm expression and relaxed posture."
framesdb/images/frame_fjgek3oeqc8r0e3o.jpg,Engagement,Engagement,0.95,"The person is actively engaged in playing tennis, showing focus and physical involvement in the game.","LABEL: Engagement
CONFIDENCE: 0.95
REASON: The person is actively engaged in playing tennis, showing focus and physical involvement in the game."
mscoco/images/COCO_train2014_000000094268.jpg,Engagement,Happiness,0.95,The man is smiling broadly and appears relaxed and content in a casual outdoor setting.,"LABEL: Happiness
CONFIDENCE: 0.95
REASON: The man is smiling broadly and appears relaxed and content in a casual outdoor setting."
mscoco/images/COCO_train2014_000000094268.jpg,Engagement,Excitement,0.95,"The man's wide eyes, open mouth, and dynamic pose suggest high energy and enthusiasm.","LABEL: Excitement
CONFIDENCE: 0.95
REASON: The man's wide eyes, open mouth, and dynamic pose suggest high energy and enthusiasm."
mscoco/images/COCO_val2014_000000231589.jpg,Engagement,Surprise,0.85,The child's wide eyes and open mouth suggest a sudden reaction to something unexpected.,"LABEL: Surprise
CONFIDENCE: 0.85
REASON: The child's wide eyes and open mouth suggest a sudden reaction to something unexpected."
mscoco/images/COCO_train2014_000000055276.jpg,Engagement,Happiness,0.85,The man is smiling broadly and appears to be enjoying himself while holding a colorful object.,"LABEL: Happiness
CONFIDENCE: 0.85
REASON: The man is smiling broadly and appears to be enjoying himself while holding a colorful object."
mscoco/images/COCO_val2014_000000568202.jpg,Engagement,Peace,0.85,"The woman appears calm and content, with a gentle expression and relaxed posture, suggesting a sense of peace.","LABEL: Peace
CONFIDENCE: 0.85
REASON: The woman appears calm and content, with a gentle expression and relaxed posture, suggesting a sense of peace."
framesdb/images/frame_erwzk3npaleubsqm.jpg,Engagement,Engagement,0.85,"The person is focused on their phone, suggesting active involvement or engagement with the device.","LABEL: Engagement
CONFIDENCE: 0.85
REASON: The person is focused on their phone, suggesting active involvement or engagement with the device."
framesdb/images/frame_erwzk3npaleubsqm.jpg,Engagement,Disconnection,0.85,"The person stands with hands in pockets, looking away from the crowd, suggesting emotional or social detachment.","LABEL: Disconnection
CONFIDENCE: 0.85
REASON: The person stands with hands in pockets, looking away from the crowd, suggesting emotional or social detachment."
mscoco/images/COCO_train2014_000000549216.jpg,Engagement,Engagement,0.95,"The person is focused on a laptop screen, suggesting active involvement with the task at hand.","LABEL: Engagement
CONFIDENCE: 0.95
REASON: The person is focused on a laptop screen, suggesting active involvement with the task at hand."
mscoco/images/COCO_train2014_000000551481.jpg,Engagement,Anticipation,0.95,"The boy is standing on the field, wearing a baseball uniform and glove, looking ready for the game to start.","LABEL: Anticipation
CONFIDENCE: 0.95
REASON: The boy is standing on the field, wearing a baseball uniform and glove, looking ready for the game to start."
mscoco/images/COCO_train2014_000000528657.jpg,Engagement,Disconnection,0.75,"The person appears to be looking at their reflection in a mirror with a distant, detached expression, suggesting emotional disconnection.","LABEL: Disconnection
CONFIDENCE: 0.75
REASON: The person appears to be looking at their reflection in a mirror with a distant, detached expression, suggesting emotional disconnection."
mscoco/images/COCO_train2014_000000552054.jpg,Engagement,Engagement,0.95,"The man is focused on his phone, indicating active engagement with the device.","LABEL: Engagement
CONFIDENCE: 0.95
REASON: The man is focused on his phone, indicating active engagement with the device."
mscoco/images/COCO_train2014_000000563727.jpg,Engagement,Excitement,0.95,The man's wide eyes and eager expression suggest excitement as he eats the sandwich.,"LABEL: Excitement
CONFIDENCE: 0.95
REASON: The man's wide eyes and eager expression suggest excitement as he eats the sandwich."
mscoco/images/COCO_val2014_000000182785.jpg,Engagement,Excitement,0.95,"The person is performing a dynamic skateboarding trick with focus and energy, indicating excitement.","LABEL: Excitement
CONFIDENCE: 0.95
REASON: The person is performing a dynamic skateboarding trick with focus and energy, indicating excitement."
framesdb/images/frame_aztc78d4kjclxv9e.jpg,Engagement,Disconnection,0.7,"The person appears isolated and not engaged with their surroundings, suggesting a sense of disconnection.","LABEL: Disconnection
CONFIDENCE: 0.7
REASON: The person appears isolated and not engaged with their surroundings, suggesting a sense of disconnection."
framesdb/images/frame_kpokdxsxymvz4qk3.jpg,Engagement,Peace,0.95,The man's closed eyes and serene expression suggest a state of calm and inner peace.,"LABEL: Peace
CONFIDENCE: 0.95
REASON: The man's closed eyes and serene expression suggest a state of calm and inner peace."
framesdb/images/frame_3jwi6nrvfphi4lp6.jpg,Engagement,Disconnection,0.75,"The man appears isolated and detached, looking away from the camera with a neutral expression in a crowded setting.","LABEL: Disconnection
CONFIDENCE: 0.75
REASON: The man appears isolated and detached, looking away from the camera with a neutral expression in a crowded setting."
framesdb/images/frame_3jwi6nrvfphi4lp6.jpg,Engagement,Peace,0.85,"The person is walking calmly in a relaxed posture, suggesting a peaceful state.","LABEL: Peace
CONFIDENCE: 0.85
REASON: The person is walking calmly in a relaxed posture, suggesting a peaceful state."
framesdb/images/frame_3jwi6nrvfphi4lp6.jpg,Engagement,Engagement,0.85,"The person appears to be actively walking with purpose, suggesting engagement in an activity or destination.","LABEL: Engagement
CONFIDENCE: 0.85
REASON: The person appears to be actively walking with purpose, suggesting engagement in an activity or destination."
mscoco/images/COCO_train2014_000000053608.jpg,Engagement,Engagement,0.95,"The man is focused and actively engaged in preparing food, showing concentration and involvement in the task.","LABEL: Engagement
CONFIDENCE: 0.95
REASON: The man is focused and actively engaged in preparing food, showing concentration and involvement in the task."
framesdb/images/frame_hzo04gqf487tm689.jpg,Engagement,Happiness,0.95,The person is smiling widely and appears to be enjoying themselves in the water.,"LABEL: Happiness
CONFIDENCE: 0.95
REASON: The person is smiling widely and appears to be enjoying themselves in the water."
mscoco/images/COCO_train2014_000000014103.jpg,Engagement,Engagement,0.85,"The person is actively participating in a winter activity, likely snowboarding or skiing, showing focus and involvement.","LABEL: Engagement
CONFIDENCE: 0.85
REASON: The person is actively participating in a winter activity, likely snowboarding or skiing, showing focus and involvement."
framesdb/images/frame_bwnq9ntic9dpamg2.jpg,Engagement,Disconnection,0.75,"The person is facing away, creating a sense of emotional or physical separation from the viewer.","LABEL: Disconnection
CONFIDENCE: 0.75
REASON: The person is facing away, creating a sense of emotional or physical separation from the viewer."
mscoco/images/COCO_train2014_000000261879.jpg,Engagement,Peace,0.85,"The man appears relaxed and comfortable, lying on a bed with a calm expression, suggesting a state of peace.","LABEL: Peace
CONFIDENCE: 0.85
REASON: The man appears relaxed and comfortable, lying on a bed with a calm expression, suggesting a state of peace."
mscoco/images/COCO_train2014_000000167028.jpg,Engagement,Surprise,0.85,The woman's wide eyes and slightly open mouth suggest a sudden unexpected event or revelation.,"LABEL: Surprise
CONFIDENCE: 0.85
REASON: The woman's wide eyes and slightly open mouth suggest a sudden unexpected event or revelation."
mscoco/images/COCO_train2014_000000167028.jpg,Engagement,Engagement,0.95,"The person is actively participating in a meal, holding a dish and looking at it with focus, suggesting engagement in the activity.","LABEL: Engagement
CONFIDENCE: 0.95
REASON: The person is actively participating in a meal, holding a dish and looking at it with focus, suggesting engagement in the activity."
framesdb/images/frame_gq8umfw35sg36nlq.jpg,Engagement,Disconnection,0.75,"The man appears isolated and detached, standing in a reflective space with a neutral expression, suggesting emotional distance.","LABEL: Disconnection
CONFIDENCE: 0.75
REASON: The man appears isolated and detached, standing in a reflective space with a neutral expression, suggesting emotional distance."
emodb_small/images/h705hnfsvdwf6mh2xw.jpg,Engagement,Fear,0.95,"The person is being grabbed and appears to be in distress, indicating fear.","LABEL: Fear
CONFIDENCE: 0.95
REASON: The person is being grabbed and appears to be in distress, indicating fear."
mscoco/images/COCO_train2014_000000213009.jpg,Confidence,Engagement,0.95,The player's focused stance and readiness to swing indicate high engagement in the game.,"LABEL: Engagement
CONFIDENCE: 0.95
REASON: The player's focused stance and readiness to swing indicate high engagement in the game."
mscoco/images/COCO_val2014_000000121006.jpg,Confidence,Happiness,0.95,The boy is smiling broadly and appears joyful while showing off his cast.,"LABEL: Happiness
CONFIDENCE: 0.95
REASON: The boy is smiling broadly and appears joyful while showing off his cast."
mscoco/images/COCO_train2014_000000423647.jpg,Confidence,Engagement,0.95,"The man is actively engaged in a game, focused on the frisbee with a determined expression and dynamic posture.","LABEL: Engagement
CONFIDENCE: 0.95
REASON: The man is actively engaged in a game, focused on the frisbee with a determined expression and dynamic posture."
mscoco/images/COCO_train2014_000000432683.jpg,Confidence,Engagement,0.95,"The man is actively holding a tennis racket and appears focused, suggesting engagement in the game.","LABEL: Engagement
CONFIDENCE: 0.95
REASON: The man is actively holding a tennis racket and appears focused, suggesting engagement in the game."
framesdb/images/frame_hzo04gqf487tm689.jpg,Confidence,Happiness,0.95,"The individuals are smiling and enjoying a water activity, indicating happiness.","LABEL: Happiness
CONFIDENCE: 0.95
REASON: The individuals are smiling and enjoying a water activity, indicating happiness."
mscoco/images/COCO_val2014_000000482172.jpg,Confidence,Excitement,0.95,The surfer's dynamic pose and focused expression convey a sense of thrill and exhilaration.,"LABEL: Excitement
CONFIDENCE: 0.95
REASON: The surfer's dynamic pose and focused expression convey a sense of thrill and exhilaration."
mscoco/images/COCO_train2014_000000498702.jpg,Confidence,Excitement,0.95,The player's focused posture and the dynamic action of the game suggest high energy and anticipation.,"LABEL: Excitement
CONFIDENCE: 0.95
REASON: The player's focused posture and the dynamic action of the game suggest high energy and anticipation."
mscoco/images/COCO_val2014_000000108758.jpg,Confidence,Confidence,0.85,The man's direct gaze and composed expression convey self-assurance.,"LABEL: Confidence
CONFIDENCE: 0.85
REASON: The man's direct gaze and composed expression convey self-assurance."
mscoco/images/COCO_train2014_000000106596.jpg,Confidence,Confidence,0.85,"The man's relaxed posture, direct gaze, and confident handling of the surfboard suggest self-assurance.","LABEL: Confidence
CONFIDENCE: 0.85
REASON: The man's relaxed posture, direct gaze, and confident handling of the surfboard suggest self-assurance."
framesdb/images/frame_1cnsgmoppetoruv9.jpg,Confidence,Disconnection,0.75,"The person appears to be looking away and not engaging with their surroundings, suggesting a sense of disconnection.","LABEL: Disconnection
CONFIDENCE: 0.75
REASON: The person appears to be looking away and not engaging with their surroundings, suggesting a sense of disconnection."
mscoco/images/COCO_train2014_000000389772.jpg,Confidence,Happiness,0.95,The person is smiling broadly and appears cheerful while holding a tennis racket.,"LABEL: Happiness
CONFIDENCE: 0.95
REASON: The person is smiling broadly and appears cheerful while holding a tennis racket."
mscoco/images/COCO_train2014_000000394058.jpg,Confidence,Confidence,0.85,"The person is standing confidently on skis with a relaxed posture, suggesting self-assurance in their skiing ability.","LABEL: Confidence
CONFIDENCE: 0.85
REASON: The person is standing confidently on skis with a relaxed posture, suggesting self-assurance in their skiing ability."
mscoco/images/COCO_train2014_000000367519.jpg,Confidence,Engagement,0.95,"The person is actively participating in a soccer game, showing focus and involvement.","LABEL: Engagement
CONFIDENCE: 0.95
REASON: The person is actively participating in a soccer game, showing focus and involvement."
mscoco/images/COCO_train2014_000000055516.jpg,Confidence,Excitement,0.95,The snowboarder's dynamic pose and upward motion suggest exhilaration and excitement.,"LABEL: Excitement
CONFIDENCE: 0.95
REASON: The snowboarder's dynamic pose and upward motion suggest exhilaration and excitement."
mscoco/images/COCO_val2014_000000097924.jpg,Confidence,Engagement,0.95,"The person is actively assisting the horse, showing focus and involvement in the task.","LABEL: Engagement
CONFIDENCE: 0.95
REASON: The person is actively assisting the horse, showing focus and involvement in the task."
mscoco/images/COCO_val2014_000000075783.jpg,Confidence,Excitement,0.95,The surfer's dynamic posture and the splashing water convey a sense of exhilaration and thrill.,"LABEL: Excitement
CONFIDENCE: 0.95
REASON: The surfer's dynamic posture and the splashing water convey a sense of exhilaration and thrill."
mscoco/images/COCO_train2014_000000552985.jpg,Confidence,Excitement,0.95,The man's wide eyes and eager expression suggest excitement as he prepares to eat the pizza.,"LABEL: Excitement
CONFIDENCE: 0.95
REASON: The man's wide eyes and eager expression suggest excitement as he prepares to eat the pizza."
mscoco/images/COCO_train2014_000000480947.jpg,Confidence,Excitement,0.95,"The person is actively running in a sports uniform, suggesting high energy and enthusiasm.","LABEL: Excitement
CONFIDENCE: 0.95
REASON: The person is actively running in a sports uniform, suggesting high energy and enthusiasm."
mscoco/images/COCO_train2014_000000443005.jpg,Confidence,Excitement,0.95,The rider's posture and the dynamic motion suggest exhilaration and thrill.,"LABEL: Excitement
CONFIDENCE: 0.95
REASON: The rider's posture and the dynamic motion suggest exhilaration and thrill."
mscoco/images/COCO_train2014_000000145462.jpg,Confidence,Excitement,0.95,The person's dynamic pose and focused expression suggest enthusiasm and engagement in the activity.,"LABEL: Excitement
CONFIDENCE: 0.95
REASON: The person's dynamic pose and focused expression suggest enthusiasm and engagement in the activity."
mscoco/images/COCO_train2014_000000399630.jpg,Confidence,Engagement,0.95,The player's focused posture and readiness to hit the ball indicate high engagement in the game.,"LABEL: Engagement
CONFIDENCE: 0.95
REASON: The player's focused posture and readiness to hit the ball indicate high engagement in the game."
mscoco/images/COCO_train2014_000000563617.jpg,Confidence,Confidence,0.85,The person's upright posture and relaxed demeanor suggest self-assurance.,"LABEL: Confidence
CONFIDENCE: 0.85
REASON: The person's upright posture and relaxed demeanor suggest self-assurance."
mscoco/images/COCO_train2014_000000091642.jpg,Confidence,Happiness,0.95,"The person is smiling broadly with arms raised in victory, indicating clear happiness.","LABEL: Happiness
CONFIDENCE: 0.95
REASON: The person is smiling broadly with arms raised in victory, indicating clear happiness."
framesdb/images/frame_i1gbq80jq8yd2tjk.jpg,Confidence,Happiness,0.95,The person is smiling broadly and appears relaxed and joyful in a sunny beach setting.,"LABEL: Happiness
CONFIDENCE: 0.95
REASON: The person is smiling broadly and appears relaxed and joyful in a sunny beach setting."
framesdb/images/frame_kuq0kdzyl2m9b7eo.jpg,Confidence,Engagement,0.95,"The lifeguard is attentively supporting the person in the water, showing focus and active involvement.","LABEL: Engagement
CONFIDENCE: 0.95
REASON: The lifeguard is attentively supporting the person in the water, showing focus and active involvement."
mscoco/images/COCO_train2014_000000211033.jpg,Confidence,Excitement,0.95,The player's dynamic pose and focused expression suggest high energy and anticipation during the game.,"LABEL: Excitement
CONFIDENCE: 0.95
REASON: The player's dynamic pose and focused expression suggest high energy and anticipation during the game."
framesdb/images/frame_k7l5mndx4o6fuoat.jpg,Confidence,Disconnection,0.75,"The person appears to be looking away and not engaging with their surroundings, suggesting a sense of disconnection.","LABEL: Disconnection
CONFIDENCE: 0.75
REASON: The person appears to be looking away and not engaging with their surroundings, suggesting a sense of disconnection."
mscoco/images/COCO_train2014_000000385913.jpg,Confidence,Happiness,0.95,"The man is smiling broadly, indicating a strong sense of happiness.","LABEL: Happiness
CONFIDENCE: 0.95
REASON: The man is smiling broadly, indicating a strong sense of happiness."
mscoco/images/COCO_train2014_000000071005.jpg,Confidence,Happiness,0.95,"The person is smiling broadly, indicating a clear expression of happiness.","LABEL: Happiness
CONFIDENCE: 0.95
REASON: The person is smiling broadly, indicating a clear expression of happiness."
mscoco/images/COCO_train2014_000000449889.jpg,Confidence,Confidence,0.95,"The officer's upright posture, direct gaze, and firm grip on the motorcycle handlebars convey a strong sense of self-assurance and authority.","LABEL: Confidence
CONFIDENCE: 0.95
REASON: The officer's upright posture, direct gaze, and firm grip on the motorcycle handlebars convey a strong sense of self-assurance and authority."
mscoco/images/COCO_train2014_000000296257.jpg,Confidence,Confidence,0.9,"The man stands with hands on hips, wearing protective gear, and has a composed expression, suggesting confidence in his abilities.","LABEL: Confidence
CONFIDENCE: 0.9
REASON: The man stands with hands on hips, wearing protective gear, and has a composed expression, suggesting confidence in his abilities."
framesdb/images/frame_7ed6c8al4ihr3zvr.jpg,Confidence,Engagement,0.95,"The boy is actively participating in an activity, showing focus and involvement.","LABEL: Engagement
CONFIDENCE: 0.95
REASON: The boy is actively participating in an activity, showing focus and involvement."
mscoco/images/COCO_train2014_000000360475.jpg,Confidence,Engagement,0.95,"The man is focused and actively engaged in playing tennis, showing concentration and physical involvement.","LABEL: Engagement
CONFIDENCE: 0.95
REASON: The man is focused and actively engaged in playing tennis, showing concentration and physical involvement."
mscoco/images/COCO_train2014_000000535971.jpg,Confidence,Excitement,0.95,The skier's focused expression and dynamic posture suggest exhilaration and enjoyment of the activity.,"LABEL: Excitement
CONFIDENCE: 0.95
REASON: The skier's focused expression and dynamic posture suggest exhilaration and enjoyment of the activity."
framesdb/images/frame_jjko64pib60qhjet.jpg,Confidence,Sadness,0.95,"The sign ""VOLCANO VICTIM"" suggests a tragic event, evoking sorrow and loss.","LABEL: Sadness
CONFIDENCE: 0.95
REASON: The sign ""VOLCANO VICTIM"" suggests a tragic event, evoking sorrow and loss."
mscoco/images/COCO_train2014_000000324882.jpg,Confidence,Engagement,0.95,"The person is actively engaged in skateboarding, showing focus and physical involvement.","LABEL: Engagement
CONFIDENCE: 0.95
REASON: The person is actively engaged in skateboarding, showing focus and physical involvement."
emodb_small/images/3ehhn46l9yimyuaed8.jpg,Confidence,Confidence,0.95,The individual's upright posture and focused expression convey self-assurance.,"LABEL: Confidence
CONFIDENCE: 0.95
REASON: The individual's upright posture and focused expression convey self-assurance."
framesdb/images/frame_iki3j35k80cw0t6v.jpg,Confidence,Peace,0.85,"The gentle, rippling water creates a calming and serene visual effect.","LABEL: Peace
CONFIDENCE: 0.85
REASON: The gentle, rippling water creates a calming and serene visual effect."
mscoco/images/COCO_train2014_000000144608.jpg,Happiness,Engagement,0.95,The child is actively paddling a paddleboard with focused effort and attention.,"LABEL: Engagement
CONFIDENCE: 0.95
REASON: The child is actively paddling a paddleboard with focused effort and attention."
framesdb/images/frame_dkwhvgj0m40g01gs.jpg,Happiness,Excitement,0.95,"The player's wide smile, raised arms, and dynamic pose convey intense excitement and joy.","LABEL: Excitement
CONFIDENCE: 0.95
REASON: The player's wide smile, raised arms, and dynamic pose convey intense excitement and joy."
mscoco/images/COCO_train2014_000000140322.jpg,Happiness,Excitement,0.95,The child's wide eyes and focused expression suggest excitement while holding the money.,"LABEL: Excitement
CONFIDENCE: 0.95
REASON: The child's wide eyes and focused expression suggest excitement while holding the money."
mscoco/images/COCO_train2014_000000055276.jpg,Happiness,Happiness,0.95,The person is smiling broadly and appears to be enjoying the moment with a playful hat on.,"LABEL: Happiness
CONFIDENCE: 0.95
REASON: The person is smiling broadly and appears to be enjoying the moment with a playful hat on."
mscoco/images/COCO_train2014_000000088609.jpg,Happiness,Happiness,0.95,"The child is smiling broadly, indicating a clear expression of happiness.","LABEL: Happiness
CONFIDENCE: 0.95
REASON: The child is smiling broadly, indicating a clear expression of happiness."
framesdb/images/frame_j44zhny87dief9zp.jpg,Happiness,Engagement,0.95,"The person is focused on playing a musical instrument, indicating active engagement in the activity.","LABEL: Engagement
CONFIDENCE: 0.95
REASON: The person is focused on playing a musical instrument, indicating active engagement in the activity."
mscoco/images/COCO_train2014_000000524651.jpg,Happiness,Happiness,0.95,The person is smiling broadly and appears joyful in a snowy outdoor setting.,"LABEL: Happiness
CONFIDENCE: 0.95
REASON: The person is smiling broadly and appears joyful in a snowy outdoor setting."
mscoco/images/COCO_train2014_000000014103.jpg,Happiness,Excitement,0.95,The snowboarder's dynamic pose and focused expression convey high energy and enthusiasm for the activity.,"LABEL: Excitement
CONFIDENCE: 0.95
REASON: The snowboarder's dynamic pose and focused expression convey high energy and enthusiasm for the activity."
framesdb/images/frame_hdepjixs67t3l4zo.jpg,Happiness,Happiness,0.95,The woman is smiling broadly and appears to be enjoying herself in a lively social setting.,"LABEL: Happiness
CONFIDENCE: 0.95
REASON: The woman is smiling broadly and appears to be enjoying herself in a lively social setting."
mscoco/images/COCO_train2014_000000377160.jpg,Happiness,Happiness,0.85,"The person is smiling, indicating a positive emotional state.","LABEL: Happiness
CONFIDENCE: 0.85
REASON: The person is smiling, indicating a positive emotional state."
mscoco/images/COCO_train2014_000000147012.jpg,Happiness,Engagement,0.95,"The boy is focused on the frisbee, suggesting active involvement in a game or activity.","LABEL: Engagement
CONFIDENCE: 0.95
REASON: The boy is focused on the frisbee, suggesting active involvement in a game or activity."
framesdb/images/frame_hqxrmmcc6c2zqzr4.jpg,Happiness,Happiness,0.95,"The woman is smiling broadly with a relaxed and joyful expression, indicating happiness.","LABEL: Happiness
CONFIDENCE: 0.95
REASON: The woman is smiling broadly with a relaxed and joyful expression, indicating happiness."
framesdb/images/frame_gfeivpuiazkxf29e.jpg,Happiness,Peace,0.95,"The man appears relaxed and content while fishing, suggesting a peaceful state of mind.","LABEL: Peace
CONFIDENCE: 0.95
REASON: The man appears relaxed and content while fishing, suggesting a peaceful state of mind."
mscoco/images/COCO_train2014_000000006692.jpg,Happiness,Happiness,0.95,The man is smiling and appears relaxed while sitting on his bicycle in a sunny outdoor setting.,"LABEL: Happiness
CONFIDENCE: 0.95
REASON: The man is smiling and appears relaxed while sitting on his bicycle in a sunny outdoor setting."
mscoco/images/COCO_train2014_000000360548.jpg,Happiness,Happiness,0.85,"The person is smiling gently, suggesting a positive emotional state.","LABEL: Happiness
CONFIDENCE: 0.85
REASON: The person is smiling gently, suggesting a positive emotional state."
framesdb/images/frame_2m658fp3xgkeqkug.jpg,Happiness,Engagement,0.95,"The person is deeply focused and engaged in a solemn religious ceremony, as indicated by their posture and attire.","LABEL: Engagement
CONFIDENCE: 0.95
REASON: The person is deeply focused and engaged in a solemn religious ceremony, as indicated by their posture and attire."
mscoco/images/COCO_train2014_000000248403.jpg,Happiness,Disconnection,0.75,"The person appears distant and not fully engaged with their surroundings, suggesting a sense of disconnection.","LABEL: Disconnection
CONFIDENCE: 0.75
REASON: The person appears distant and not fully engaged with their surroundings, suggesting a sense of disconnection."
mscoco/images/COCO_train2014_000000512854.jpg,Happiness,Excitement,0.95,"The man is raising his arm enthusiastically while holding a controller, indicating excitement.","LABEL: Excitement
CONFIDENCE: 0.95
REASON: The man is raising his arm enthusiastically while holding a controller, indicating excitement."
framesdb/images/frame_fq5auwuqb7gh7kn6.jpg,Happiness,Happiness,0.95,"The individuals are smiling and engaging playfully in the water, indicating joy.","LABEL: Happiness
CONFIDENCE: 0.95
REASON: The individuals are smiling and engaging playfully in the water, indicating joy."
framesdb/images/frame_fq5auwuqb7gh7kn6.jpg,Happiness,Happiness,0.95,The individuals in the image are smiling and appear to be enjoying themselves in a relaxed setting.,"LABEL: Happiness
CONFIDENCE: 0.95
REASON: The individuals in the image are smiling and appear to be enjoying themselves in a relaxed setting."
mscoco/images/COCO_train2014_000000439678.jpg,Happiness,Happiness,0.95,"The person is smiling broadly, indicating a clear expression of happiness.","LABEL: Happiness
CONFIDENCE: 0.95
REASON: The person is smiling broadly, indicating a clear expression of happiness."
framesdb/images/frame_gko26fo2wzz06i1r.jpg,Happiness,Excitement,0.95,"The athlete's wide-open mouth, raised arms, and intense expression convey a strong sense of excitement and triumph.","LABEL: Excitement
CONFIDENCE: 0.95
REASON: The athlete's wide-open mouth, raised arms, and intense expression convey a strong sense of excitement and triumph."
framesdb/images/frame_dmt5sh6c2mlvoqp0.jpg,Happiness,Happiness,0.95,"The man is smiling widely with his mouth open, eyes crinkled, and arms raised in a celebratory gesture, indicating strong happiness.","LABEL: Happiness
CONFIDENCE: 0.95
REASON: The man is smiling widely with his mouth open, eyes crinkled, and arms raised in a celebratory gesture, indicating strong happiness."
framesdb/images/frame_hgjcg5y89ooy0gul.jpg,Happiness,Peace,0.85,The still water and quiet natural setting evoke a sense of calm and tranquility.,"LABEL: Peace
CONFIDENCE: 0.85
REASON: The still water and quiet natural setting evoke a sense of calm and tranquility."
framesdb/images/frame_hl32tqfwoavgpc0f.jpg,Happiness,Happiness,0.85,"The person is smiling slightly while kneeling in the snow, suggesting a positive mood.","LABEL: Happiness
CONFIDENCE: 0.85
REASON: The person is smiling slightly while kneeling in the snow, suggesting a positive mood."
framesdb/images/frame_i9i87bp5glxa4qgv.jpg,Happiness,Confidence,0.85,"The woman's bold pose, sunglasses, and self-assured expression while applying makeup suggest confidence.","LABEL: Confidence
CONFIDENCE: 0.85
REASON: The woman's bold pose, sunglasses, and self-assured expression while applying makeup suggest confidence."
mscoco/images/COCO_train2014_000000045659.jpg,Happiness,Excitement,0.95,The player's wide smile and dynamic pose suggest excitement after a successful play.,"LABEL: Excitement
CONFIDENCE: 0.95
REASON: The player's wide smile and dynamic pose suggest excitement after a successful play."
mscoco/images/COCO_train2014_000000483769.jpg,Happiness,Happiness,0.95,"The person is smiling broadly, indicating a strong sense of happiness.","LABEL: Happiness
CONFIDENCE: 0.95
REASON: The person is smiling broadly, indicating a strong sense of happiness."
mscoco/images/COCO_train2014_000000328676.jpg,Happiness,Happiness,0.95,"The child has a broad smile and bright eyes, indicating joy.","LABEL: Happiness
CONFIDENCE: 0.95
REASON: The child has a broad smile and bright eyes, indicating joy."
framesdb/images/frame_egot35ej6dqtyuvz.jpg,Happiness,Confidence,0.9,The woman's posture and expression convey self-assurance and poise.,"LABEL: Confidence
CONFIDENCE: 0.9
REASON: The woman's posture and expression convey self-assurance and poise."
framesdb/images/frame_egot35ej6dqtyuvz.jpg,Happiness,Confidence,0.95,The man's posture and direct gaze convey self-assurance and poise.,"LABEL: Confidence
CONFIDENCE: 0.95
REASON: The man's posture and direct gaze convey self-assurance and poise."
framesdb/images/frame_3s4re47ibjv2yfmm.jpg,Happiness,Happiness,0.95,"The woman is smiling broadly, indicating a clear expression of happiness.","LABEL: Happiness
CONFIDENCE: 0.95
REASON: The woman is smiling broadly, indicating a clear expression of happiness."
mscoco/images/COCO_train2014_000000091642.jpg,Happiness,Happiness,0.95,"The person is smiling broadly and raising their arms in a celebratory gesture, indicating joy.","LABEL: Happiness
CONFIDENCE: 0.95
REASON: The person is smiling broadly and raising their arms in a celebratory gesture, indicating joy."
mscoco/images/COCO_val2014_000000142620.jpg,Happiness,Engagement,0.95,"The man is focused on an activity, showing concentration and involvement.","LABEL: Engagement
CONFIDENCE: 0.95
REASON: The man is focused on an activity, showing concentration and involvement."
mscoco/images/COCO_train2014_000000216987.jpg,Happiness,Happiness,0.95,The person is smiling widely and has arms outstretched in a joyful pose while skiing in the snow.,"LABEL: Happiness
CONFIDENCE: 0.95
REASON: The person is smiling widely and has arms outstretched in a joyful pose while skiing in the snow."
mscoco/images/COCO_train2014_000000103166.jpg,Happiness,Happiness,0.95,"The child is smiling broadly while skiing, indicating clear joy and happiness.","LABEL: Happiness
CONFIDENCE: 0.95
REASON: The child is smiling broadly while skiing, indicating clear joy and happiness."
mscoco/images/COCO_train2014_000000369575.jpg,Pleasure,Engagement,0.95,The child is focused and actively interacting with the objects on the table.,"LABEL: Engagement
CONFIDENCE: 0.95
REASON: The child is focused and actively interacting with the objects on the table."
mscoco/images/COCO_train2014_000000334220.jpg,Pleasure,Happiness,0.95,"The person is smiling broadly, indicating a clear expression of happiness.","LABEL: Happiness
CONFIDENCE: 0.95
REASON: The person is smiling broadly, indicating a clear expression of happiness."
mscoco/images/COCO_train2014_000000162177.jpg,Pleasure,Disconnection,0.95,"The player is seen through a chain-link fence, creating a visual barrier that suggests emotional or physical separation from the viewer.","LABEL: Disconnection
CONFIDENCE: 0.95
REASON: The player is seen through a chain-link fence, creating a visual barrier that suggests emotional or physical separation from the viewer."
mscoco/images/COCO_train2014_000000078550.jpg,Pleasure,Engagement,0.95,"The person is actively holding a tennis racket and appears focused on playing, indicating engagement in the activity.","LABEL: Engagement
CONFIDENCE: 0.95
REASON: The person is actively holding a tennis racket and appears focused on playing, indicating engagement in the activity."
emodb_small/images/4xmnrhc7pxoxbv1rjw.jpg,Pleasure,Peace,0.95,The woman's relaxed facial expression and closed eyes suggest a state of calm and tranquility.,"LABEL: Peace
CONFIDENCE: 0.95
REASON: The woman's relaxed facial expression and closed eyes suggest a state of calm and tranquility."
mscoco/images/COCO_train2014_000000053591.jpg,Pleasure,Engagement,0.95,"The man is actively interacting with the elephant, showing focus and involvement in the task.","LABEL: Engagement
CONFIDENCE: 0.95
REASON: The man is actively interacting with the elephant, showing focus and involvement in the task."
mscoco/images/COCO_val2014_000000179898.jpg,Pleasure,Happiness,0.95,The child is smiling broadly and appears excited while holding two hot dogs.,"LABEL: Happiness
CONFIDENCE: 0.95
REASON: The child is smiling broadly and appears excited while holding two hot dogs."
mscoco/images/COCO_train2014_000000279131.jpg,Pleasure,Happiness,0.95,"The individuals are smiling broadly, indicating a positive emotional state.","LABEL: Happiness
CONFIDENCE: 0.95
REASON: The individuals are smiling broadly, indicating a positive emotional state."
mscoco/images/COCO_train2014_000000156084.jpg,Pleasure,Happiness,0.95,The person is smiling and appears relaxed and content while holding a colorful umbrella.,"LABEL: Happiness
CONFIDENCE: 0.95
REASON: The person is smiling and appears relaxed and content while holding a colorful umbrella."
mscoco/images/COCO_train2014_000000136316.jpg,Pleasure,Happiness,0.95,"The woman is smiling broadly, showing clear signs of joy and positive emotion.","LABEL: Happiness
CONFIDENCE: 0.95
REASON: The woman is smiling broadly, showing clear signs of joy and positive emotion."
framesdb/images/frame_2k6cczb6hx4jdrq9.jpg,Pleasure,Engagement,0.95,"The children are focused and actively reading together, showing interest and involvement in the activity.","LABEL: Engagement
CONFIDENCE: 0.95
REASON: The children are focused and actively reading together, showing interest and involvement in the activity."
mscoco/images/COCO_train2014_000000480851.jpg,Pleasure,Excitement,0.95,"The person is actively water skiing, showing an energetic and thrilled expression with splashing water around them.","LABEL: Excitement
CONFIDENCE: 0.95
REASON: The person is actively water skiing, showing an energetic and thrilled expression with splashing water around them."
mscoco/images/COCO_train2014_000000229449.jpg,Pleasure,Excitement,0.95,The rider's posture and speed suggest exhilaration and thrill.,"LABEL: Excitement
CONFIDENCE: 0.95
REASON: The rider's posture and speed suggest exhilaration and thrill."
mscoco/images/COCO_val2014_000000096785.jpg,Pleasure,Engagement,0.95,"The person is focused and actively engaged in playing a musical instrument, showing concentration and involvement.","LABEL: Engagement
CONFIDENCE: 0.95
REASON: The person is focused and actively engaged in playing a musical instrument, showing concentration and involvement."
mscoco/images/COCO_train2014_000000553179.jpg,Pleasure,Confidence,0.95,"The man's posture, direct gaze, and formal attire convey self-assurance.","LABEL: Confidence
CONFIDENCE: 0.95
REASON: The man's posture, direct gaze, and formal attire convey self-assurance."
mscoco/images/COCO_train2014_000000357837.jpg,Pleasure,Happiness,0.95,The person is smiling warmly and appears relaxed and content in the setting.,"LABEL: Happiness
CONFIDENCE: 0.95
REASON: The person is smiling warmly and appears relaxed and content in the setting."
framesdb/images/frame_kx4x2gnb85gubure.jpg,Pleasure,Happiness,0.95,"The child is smiling and playing in water, indicating joy and happiness.","LABEL: Happiness
CONFIDENCE: 0.95
REASON: The child is smiling and playing in water, indicating joy and happiness."
framesdb/images/frame_a8fbmxdln3g2poie.jpg,Pleasure,Pleasure,0.95,"The man is enjoying a large burger and fries, indicating pleasure from the meal.","LABEL: Pleasure
CONFIDENCE: 0.95
REASON: The man is enjoying a large burger and fries, indicating pleasure from the meal."
mscoco/images/COCO_train2014_000000078977.jpg,Pleasure,Pain,0.95,"The boy is in a contorted position, suggesting he may be experiencing physical discomfort or pain.","LABEL: Pain
CONFIDENCE: 0.95
REASON: The boy is in a contorted position, suggesting he may be experiencing physical discomfort or pain."
mscoco/images/COCO_train2014_000000123907.jpg,Pleasure,Engagement,0.95,"The tennis player is focused and in a ready stance, indicating active engagement in the game.","LABEL: Engagement
CONFIDENCE: 0.95
REASON: The tennis player is focused and in a ready stance, indicating active engagement in the game."
framesdb/images/frame_l977sym2yk4k1aow.jpg,Pleasure,Engagement,0.85,"The woman is actively holding a tool and appears focused on a task, suggesting engagement in an activity.","LABEL: Engagement
CONFIDENCE: 0.85
REASON: The woman is actively holding a tool and appears focused on a task, suggesting engagement in an activity."
mscoco/images/COCO_train2014_000000370441.jpg,Pleasure,Happiness,0.95,"The person is smiling broadly, indicating clear happiness.","LABEL: Happiness
CONFIDENCE: 0.95
REASON: The person is smiling broadly, indicating clear happiness."
framesdb/images/frame_gtjfg923z58plp2f.jpg,Pleasure,Engagement,0.85,"The person appears focused and actively engaged in an activity, possibly holding or using an object out of frame.","LABEL: Engagement
CONFIDENCE: 0.85
REASON: The person appears focused and actively engaged in an activity, possibly holding or using an object out of frame."
mscoco/images/COCO_train2014_000000035707.jpg,Pleasure,Engagement,0.95,"The boy is focused on eating pizza, showing interest and involvement in the activity.","LABEL: Engagement
CONFIDENCE: 0.95
REASON: The boy is focused on eating pizza, showing interest and involvement in the activity."
mscoco/images/COCO_train2014_000000565360.jpg,Pleasure,Engagement,0.95,"The individual is actively participating in a soccer game, showing focus and physical involvement.","LABEL: Engagement
CONFIDENCE: 0.95
REASON: The individual is actively participating in a soccer game, showing focus and physical involvement."
mscoco/images/COCO_train2014_000000333748.jpg,Pleasure,Disconnection,0.75,"The person appears distant and introspective, with a gaze directed away, suggesting emotional detachment.","LABEL: Disconnection
CONFIDENCE: 0.75
REASON: The person appears distant and introspective, with a gaze directed away, suggesting emotional detachment."
emodb_small/images/am9j3t9a22e5jzjfp2.jpg,Pleasure,Sadness,0.95,"The person is holding their face with a hand, appearing distressed and possibly crying, indicating sadness.","LABEL: Sadness
CONFIDENCE: 0.95
REASON: The person is holding their face with a hand, appearing distressed and possibly crying, indicating sadness."
framesdb/images/frame_e7klbuacxme075uu.jpg,Pleasure,Excitement,0.95,"The person is mid-jump into water, with dynamic motion and splashing, suggesting exhilaration and joy.","LABEL: Excitement
CONFIDENCE: 0.95
REASON: The person is mid-jump into water, with dynamic motion and splashing, suggesting exhilaration and joy."
mscoco/images/COCO_train2014_000000332135.jpg,Pleasure,Happiness,0.95,The girl is smiling broadly and appears joyful while celebrating with a cake.,"LABEL: Happiness
CONFIDENCE: 0.95
REASON: The girl is smiling broadly and appears joyful while celebrating with a cake."
mscoco/images/COCO_val2014_000000129659.jpg,Pleasure,Pleasure,0.95,"The person is enjoying a drink and food in a relaxed outdoor setting, indicating pleasure.","LABEL: Pleasure
CONFIDENCE: 0.95
REASON: The person is enjoying a drink and food in a relaxed outdoor setting, indicating pleasure."
mscoco/images/COCO_val2014_000000175082.jpg,Pleasure,Happiness,0.95,"The boy has a wide smile and bright eyes while eating, indicating joy.","LABEL: Happiness
CONFIDENCE: 0.95
REASON: The boy has a wide smile and bright eyes while eating, indicating joy."
framesdb/images/frame_k56u9ldus0ht2r3w.jpg,Pleasure,Fatigue,0.95,"The person appears to be slumped and resting with their eyes closed, suggesting tiredness or exhaustion.","LABEL: Fatigue
CONFIDENCE: 0.95
REASON: The person appears to be slumped and resting with their eyes closed, suggesting tiredness or exhaustion."
mscoco/images/COCO_train2014_000000013278.jpg,Pleasure,Excitement,0.95,"The person is actively skateboarding with dynamic movement and focus, suggesting high energy and excitement.","LABEL: Excitement
CONFIDENCE: 0.95
REASON: The person is actively skateboarding with dynamic movement and focus, suggesting high energy and excitement."
framesdb/images/frame_1c2a9wnx8u1fl4we.jpg,Pleasure,Happiness,0.95,"The person is smiling broadly, indicating a strong sense of happiness.","LABEL: Happiness
CONFIDENCE: 0.95
REASON: The person is smiling broadly, indicating a strong sense of happiness."
mscoco/images/COCO_train2014_000000429433.jpg,Pleasure,Engagement,0.95,"The child is focused on the flowers and food, showing interest in the surroundings.","LABEL: Engagement
CONFIDENCE: 0.95
REASON: The child is focused on the flowers and food, showing interest in the surroundings."
mscoco/images/COCO_train2014_000000140180.jpg,Pleasure,Happiness,0.95,The woman is smiling and appears relaxed and content in her posture.,"LABEL: Happiness
CONFIDENCE: 0.95
REASON: The woman is smiling and appears relaxed and content in her posture."
mscoco/images/COCO_val2014_000000575487.jpg,Pleasure,Engagement,0.85,"The person is focused on an object in front of them, suggesting active involvement or interest.","LABEL: Engagement
CONFIDENCE: 0.85
REASON: The person is focused on an object in front of them, suggesting active involvement or interest."
mscoco/images/COCO_val2014_000000180521.jpg,Pleasure,Engagement,0.85,"The person appears to be actively participating in a conversation, holding a pen and paper, suggesting involvement in a task or discussion.","LABEL: Engagement
CONFIDENCE: 0.85
REASON: The person appears to be actively participating in a conversation, holding a pen and paper, suggesting involvement in a task or discussion."
mscoco/images/COCO_train2014_000000137029.jpg,Excitement,Surprise,0.95,"The man's wide eyes and open mouth suggest a sudden, unexpected reaction to the banana floating in front of him.","LABEL: Surprise
CONFIDENCE: 0.95
REASON: The man's wide eyes and open mouth suggest a sudden, unexpected reaction to the banana floating in front of him."
emodb_small/images/4le1bbiky5djx0iuln.jpg,Excitement,Fear,0.85,"The dark, blurry image creates a sense of unease and potential danger, evoking fear.","LABEL: Fear
CONFIDENCE: 0.85
REASON: The dark, blurry image creates a sense of unease and potential danger, evoking fear."
framesdb/images/frame_482f0lsguoiv0sk6.jpg,Excitement,Excitement,0.95,The player's dynamic pose and focused expression suggest high energy and enthusiasm.,"LABEL: Excitement
CONFIDENCE: 0.95
REASON: The player's dynamic pose and focused expression suggest high energy and enthusiasm."
framesdb/images/frame_4b7yta6mg9sm2x6n.jpg,Excitement,Excitement,0.95,"The player's wide smile, open mouth, and energetic pose suggest intense excitement.","LABEL: Excitement
CONFIDENCE: 0.95
REASON: The player's wide smile, open mouth, and energetic pose suggest intense excitement."
mscoco/images/COCO_train2014_000000319521.jpg,Excitement,Excitement,0.95,The person's raised hand and open mouth suggest a moment of enthusiastic expression or celebration.,"LABEL: Excitement
CONFIDENCE: 0.95
REASON: The person's raised hand and open mouth suggest a moment of enthusiastic expression or celebration."
mscoco/images/COCO_train2014_000000095711.jpg,Excitement,Excitement,0.95,The player's dynamic pose and focused expression suggest high energy and enthusiasm during the game.,"LABEL: Excitement
CONFIDENCE: 0.95
REASON: The player's dynamic pose and focused expression suggest high energy and enthusiasm during the game."
framesdb/images/frame_i2z4j8ih080q3cma.jpg,Excitement,Disconnection,0.65,"The image shows a detached object on the ground, suggesting a lack of connection to its surroundings.","LABEL: Disconnection
CONFIDENCE: 0.65
REASON: The image shows a detached object on the ground, suggesting a lack of connection to its surroundings."
mscoco/images/COCO_train2014_000000385913.jpg,Excitement,Engagement,0.95,"The man is focused and actively participating in the activity, showing clear engagement.","LABEL: Engagement
CONFIDENCE: 0.95
REASON: The man is focused and actively participating in the activity, showing clear engagement."
mscoco/images/COCO_train2014_000000251754.jpg,Excitement,Confidence,0.85,"The person is standing confidently with ski equipment, wearing a determined expression and proper gear for skiing.","LABEL: Confidence
CONFIDENCE: 0.85
REASON: The person is standing confidently with ski equipment, wearing a determined expression and proper gear for skiing."
mscoco/images/COCO_val2014_000000529314.jpg,Excitement,Excitement,0.95,The player's dynamic posture and focused expression suggest high energy and enthusiasm during the game.,"LABEL: Excitement
CONFIDENCE: 0.95
REASON: The player's dynamic posture and focused expression suggest high energy and enthusiasm during the game."
framesdb/images/frame_3xw8740px7b49km0.jpg,Excitement,Excitement,0.95,"The individuals appear to be actively engaged in skateboarding, with dynamic movement and expressions suggesting enthusiasm and energy.","LABEL: Excitement
CONFIDENCE: 0.95
REASON: The individuals appear to be actively engaged in skateboarding, with dynamic movement and expressions suggesting enthusiasm and energy."
mscoco/images/COCO_train2014_000000433715.jpg,Excitement,Excitement,0.95,The skateboarder's dynamic pose and focused expression convey a high level of enthusiasm and energy.,"LABEL: Excitement
CONFIDENCE: 0.95
REASON: The skateboarder's dynamic pose and focused expression convey a high level of enthusiasm and energy."
mscoco/images/COCO_train2014_000000351451.jpg,Excitement,Excitement,0.95,The person's dynamic pose and focused expression suggest energetic engagement in physical activity.,"LABEL: Excitement
CONFIDENCE: 0.95
REASON: The person's dynamic pose and focused expression suggest energetic engagement in physical activity."
emodb_small/images/he3gfq8i7gxouwd8xf.jpg,Excitement,Surprise,0.95,The woman's wide eyes and open mouth indicate a strong reaction of surprise.,"LABEL: Surprise
CONFIDENCE: 0.95
REASON: The woman's wide eyes and open mouth indicate a strong reaction of surprise."
mscoco/images/COCO_train2014_000000374553.jpg,Excitement,Engagement,0.95,"The catcher is focused and actively engaged in the game, with his body positioned to receive the pitch.","LABEL: Engagement
CONFIDENCE: 0.95
REASON: The catcher is focused and actively engaged in the game, with his body positioned to receive the pitch."
mscoco/images/COCO_train2014_000000112707.jpg,Excitement,Engagement,0.95,"The baseball player is focused and actively preparing to swing, indicating high engagement in the game.","LABEL: Engagement
CONFIDENCE: 0.95
REASON: The baseball player is focused and actively preparing to swing, indicating high engagement in the game."
mscoco/images/COCO_train2014_000000554665.jpg,Excitement,Engagement,0.95,"The person is focused and actively engaged in skateboarding, showing concentration and physical involvement.","LABEL: Engagement
CONFIDENCE: 0.95
REASON: The person is focused and actively engaged in skateboarding, showing concentration and physical involvement."
mscoco/images/COCO_train2014_000000246044.jpg,Excitement,Engagement,0.95,"The person is actively participating in a physical activity, showing focus and involvement.","LABEL: Engagement
CONFIDENCE: 0.95
REASON: The person is actively participating in a physical activity, showing focus and involvement."
mscoco/images/COCO_train2014_000000306913.jpg,Excitement,Peace,0.85,"The person appears relaxed and contemplative, sitting calmly in a natural setting with a serene expression.","LABEL: Peace
CONFIDENCE: 0.85
REASON: The person appears relaxed and contemplative, sitting calmly in a natural setting with a serene expression."
mscoco/images/COCO_train2014_000000179504.jpg,Excitement,Engagement,0.85,"The person appears to be actively engaged in a conversation or situation, with an attentive posture and direct gaze.","LABEL: Engagement
CONFIDENCE: 0.85
REASON: The person appears to be actively engaged in a conversation or situation, with an attentive posture and direct gaze."
mscoco/images/COCO_val2014_000000580613.jpg,Excitement,Happiness,0.95,The person is smiling broadly and appears joyful while riding the motorcycle.,"LABEL: Happiness
CONFIDENCE: 0.95
REASON: The person is smiling broadly and appears joyful while riding the motorcycle."
mscoco/images/COCO_train2014_000000032627.jpg,Excitement,Excitement,0.95,The person's dynamic posture and focused expression suggest energetic movement and enthusiasm.,"LABEL: Excitement
CONFIDENCE: 0.95
REASON: The person's dynamic posture and focused expression suggest energetic movement and enthusiasm."
mscoco/images/COCO_train2014_000000226378.jpg,Excitement,Engagement,0.85,"The man is smiling and looking attentively at something, suggesting active involvement or interest in the situation.","LABEL: Engagement
CONFIDENCE: 0.85
REASON: The man is smiling and looking attentively at something, suggesting active involvement or interest in the situation."
mscoco/images/COCO_train2014_000000328064.jpg,Excitement,Happiness,0.95,"The child is smiling widely with an open mouth, indicating joy and excitement.","LABEL: Happiness
CONFIDENCE: 0.95
REASON: The child is smiling widely with an open mouth, indicating joy and excitement."
mscoco/images/COCO_train2014_000000021983.jpg,Excitement,Excitement,0.95,The man's wide smile and dynamic posture suggest high energy and enthusiasm during the rugby game.,"LABEL: Excitement
CONFIDENCE: 0.95
REASON: The man's wide smile and dynamic posture suggest high energy and enthusiasm during the rugby game."
mscoco/images/COCO_train2014_000000201640.jpg,Excitement,Surprise,0.85,"The child's wide eyes and puckered lips suggest a sudden, unexpected reaction.","LABEL: Surprise
CONFIDENCE: 0.85
REASON: The child's wide eyes and puckered lips suggest a sudden, unexpected reaction."
mscoco/images/COCO_train2014_000000521218.jpg,Excitement,Disconnection,0.75,The man's neutral expression and lack of engagement with his surroundings suggest a sense of disconnection.,"LABEL: Disconnection
CONFIDENCE: 0.75
REASON: The man's neutral expression and lack of engagement with his surroundings suggest a sense of disconnection."
mscoco/images/COCO_train2014_000000406488.jpg,Excitement,Sadness,0.6,The boy's downcast eyes and slouched posture suggest a sad or melancholic mood.,"LABEL: Sadness
CONFIDENCE: 0.6
REASON: The boy's downcast eyes and slouched posture suggest a sad or melancholic mood."
mscoco/images/COCO_train2014_000000452500.jpg,Excitement,Happiness,0.95,"The person is smiling broadly while skiing, indicating clear happiness.","LABEL: Happiness
CONFIDENCE: 0.95
REASON: The person is smiling broadly while skiing, indicating clear happiness."
mscoco/images/COCO_train2014_000000289662.jpg,Excitement,Happiness,0.95,"The person is smiling broadly, indicating a clear expression of happiness.","LABEL: Happiness
CONFIDENCE: 0.95
REASON: The person is smiling broadly, indicating a clear expression of happiness."
mscoco/images/COCO_train2014_000000244835.jpg,Excitement,Engagement,0.85,"The person is focused on a laptop, suggesting active involvement in a task.","LABEL: Engagement
CONFIDENCE: 0.85
REASON: The person is focused on a laptop, suggesting active involvement in a task."
mscoco/images/COCO_train2014_000000510859.jpg,Excitement,Happiness,0.95,"The person is smiling and appears relaxed while holding a cup, suggesting a positive emotional state.","LABEL: Happiness
CONFIDENCE: 0.95
REASON: The person is smiling and appears relaxed while holding a cup, suggesting a positive emotional state."
emodb_small/images/e9b5cftu9bwcw29nnh.jpg,Excitement,Engagement,0.85,"The person appears focused and attentive, suggesting active engagement with their surroundings.","LABEL: Engagement
CONFIDENCE: 0.85
REASON: The person appears focused and attentive, suggesting active engagement with their surroundings."
mscoco/images/COCO_train2014_000000351749.jpg,Excitement,Engagement,0.95,"The catcher is focused and ready, indicating active engagement in the game.","LABEL: Engagement
CONFIDENCE: 0.95
REASON: The catcher is focused and ready, indicating active engagement in the game."
mscoco/images/COCO_train2014_000000538518.jpg,Excitement,Engagement,0.95,"The person is actively standing and facing a screen, suggesting focused attention on the content displayed.","LABEL: Engagement
CONFIDENCE: 0.95
REASON: The person is actively standing and facing a screen, suggesting focused attention on the content displayed."
framesdb/images/frame_27b7dm1sh1ildgcx.jpg,Excitement,Disconnection,0.85,The blurred and indistinct visual elements suggest a lack of clarity or connection to the environment.,"LABEL: Disconnection
CONFIDENCE: 0.85
REASON: The blurred and indistinct visual elements suggest a lack of clarity or connection to the environment."
mscoco/images/COCO_train2014_000000014653.jpg,Excitement,Engagement,0.85,"The child is focused on the device, indicating active engagement with the content.","LABEL: Engagement
CONFIDENCE: 0.85
REASON: The child is focused on the device, indicating active engagement with the content."
mscoco/images/COCO_train2014_000000250877.jpg,Excitement,Excitement,0.95,The skier's dynamic pose and focused expression suggest anticipation and thrill of the activity.,"LABEL: Excitement
CONFIDENCE: 0.95
REASON: The skier's dynamic pose and focused expression suggest anticipation and thrill of the activity."
framesdb/images/frame_4b7yta6mg9sm2x6n.jpg,Surprise,Engagement,0.85,"The person appears focused and attentive, suggesting active engagement with their surroundings.","LABEL: Engagement
CONFIDENCE: 0.85
REASON: The person appears focused and attentive, suggesting active engagement with their surroundings."
mscoco/images/COCO_train2014_000000480947.jpg,Surprise,Engagement,0.95,"The person is actively participating in a soccer game, focused and moving with purpose.","LABEL: Engagement
CONFIDENCE: 0.95
REASON: The person is actively participating in a soccer game, focused and moving with purpose."
mscoco/images/COCO_train2014_000000469667.jpg,Surprise,Sadness,0.85,The boy's downturned mouth and somber expression suggest sadness.,"LABEL: Sadness
CONFIDENCE: 0.85
REASON: The boy's downturned mouth and somber expression suggest sadness."
emodb_small/images/hh0dlplyw068ttct7q.jpg,Surprise,Confidence,0.85,"The person stands with hands on hips, displaying a self-assured posture.","LABEL: Confidence
CONFIDENCE: 0.85
REASON: The person stands with hands on hips, displaying a self-assured posture."
emodb_small/images/hh0dlplyw068ttct7q.jpg,Surprise,Engagement,0.85,The man's focused posture and physical engagement suggest active involvement in an activity.,"LABEL: Engagement
CONFIDENCE: 0.85
REASON: The man's focused posture and physical engagement suggest active involvement in an activity."
emodb_small/images/hh0dlplyw068ttct7q.jpg,Surprise,Pain,0.95,"The person appears to be in discomfort or pain, as indicated by their facial expression and body posture.","LABEL: Pain
CONFIDENCE: 0.95
REASON: The person appears to be in discomfort or pain, as indicated by their facial expression and body posture."
framesdb/images/frame_74lkcx21hyahy01y.jpg,Surprise,Excitement,0.95,The player's intense expression and dynamic posture suggest high energy and excitement during the game.,"LABEL: Excitement
CONFIDENCE: 0.95
REASON: The player's intense expression and dynamic posture suggest high energy and excitement during the game."
mscoco/images/COCO_train2014_000000122250.jpg,Surprise,Surprise,0.95,The baby's wide eyes and open mouth suggest a sudden reaction to something unexpected.,"LABEL: Surprise
CONFIDENCE: 0.95
REASON: The baby's wide eyes and open mouth suggest a sudden reaction to something unexpected."
emodb_small/images/c6gt3ckhh65l3ibaha.jpg,Surprise,Pain,0.95,"The woman is holding her head with both hands, displaying a pained expression, which suggests she is experiencing physical or emotional pain.","LABEL: Pain
CONFIDENCE: 0.95
REASON: The woman is holding her head with both hands, displaying a pained expression, which suggests she is experiencing physical or emotional pain."
framesdb/images/frame_0jitkh35z3x11rxv.jpg,Surprise,Excitement,0.95,The pitcher's focused expression and dynamic pose suggest high energy and anticipation in the game.,"LABEL: Excitement
CONFIDENCE: 0.95
REASON: The pitcher's focused expression and dynamic pose suggest high energy and anticipation in the game."
framesdb/images/frame_fiex8y8ohfcn1odt.jpg,Surprise,Engagement,0.95,"The woman is actively examining a garment, suggesting focused attention and involvement in the activity.","LABEL: Engagement
CONFIDENCE: 0.95
REASON: The woman is actively examining a garment, suggesting focused attention and involvement in the activity."
framesdb/images/frame_fiex8y8ohfcn1odt.jpg,Surprise,Surprise,0.95,The person's wide eyes and open mouth indicate a strong reaction of surprise.,"LABEL: Surprise
CONFIDENCE: 0.95
REASON: The person's wide eyes and open mouth indicate a strong reaction of surprise."
mscoco/images/COCO_train2014_000000513124.jpg,Surprise,Engagement,0.95,"The player is focused and actively engaged in the pitching motion, showing concentration and involvement in the game.","LABEL: Engagement
CONFIDENCE: 0.95
REASON: The player is focused and actively engaged in the pitching motion, showing concentration and involvement in the game."
mscoco/images/COCO_val2014_000000106113.jpg,Surprise,Sadness,0.65,"The child has a neutral expression with slightly downturned lips, suggesting mild sadness or disappointment.","LABEL: Sadness
CONFIDENCE: 0.65
REASON: The child has a neutral expression with slightly downturned lips, suggesting mild sadness or disappointment."
emodb_small/images/4jdr4joweoi5dedxky.jpg,Surprise,Engagement,0.95,"The person is leaning forward with a focused expression, indicating active engagement in the task or conversation.","LABEL: Engagement
CONFIDENCE: 0.95
REASON: The person is leaning forward with a focused expression, indicating active engagement in the task or conversation."
emodb_small/images/8u356oxk5s7sgj1hvf.jpg,Surprise,Fatigue,0.95,"The woman is resting her head on her hand with her eyes closed, indicating tiredness or sleepiness.","LABEL: Fatigue
CONFIDENCE: 0.95
REASON: The woman is resting her head on her hand with her eyes closed, indicating tiredness or sleepiness."
mscoco/images/COCO_val2014_000000269098.jpg,Surprise,Fatigue,0.95,"The person is slumped in a chair with their head down, suggesting tiredness or exhaustion.","LABEL: Fatigue
CONFIDENCE: 0.95
REASON: The person is slumped in a chair with their head down, suggesting tiredness or exhaustion."
emodb_small/images/dkcdoniucgma3ljau4.jpg,Surprise,Pain,0.95,"The woman is holding her head in distress, indicating physical or emotional pain.","LABEL: Pain
CONFIDENCE: 0.95
REASON: The woman is holding her head in distress, indicating physical or emotional pain."
mscoco/images/COCO_val2014_000000055528.jpg,Surprise,Excitement,0.95,"The person is smiling widely and holding an object with a look of enthusiasm, suggesting excitement.","LABEL: Excitement
CONFIDENCE: 0.95
REASON: The person is smiling widely and holding an object with a look of enthusiasm, suggesting excitement."
mscoco/images/COCO_train2014_000000002372.jpg,Surprise,Engagement,0.95,"The man appears focused and attentive, with his hands clasped and eyes directed forward, suggesting active engagement in a discussion or presentation.","LABEL: Engagement
CONFIDENCE: 0.95
REASON: The man appears focused and attentive, with his hands clasped and eyes directed forward, suggesting active engagement in a discussion or presentation."
mscoco/images/COCO_train2014_000000031794.jpg,Surprise,Anticipation,0.95,"The person is standing on a snowboard, facing the slope, suggesting excitement and readiness for skiing or snowboarding.","LABEL: Anticipation
CONFIDENCE: 0.95
REASON: The person is standing on a snowboard, facing the slope, suggesting excitement and readiness for skiing or snowboarding."
mscoco/images/COCO_train2014_000000052897.jpg,Surprise,Engagement,0.95,"The woman is actively playing tennis, holding a racket and focused on the game.","LABEL: Engagement
CONFIDENCE: 0.95
REASON: The woman is actively playing tennis, holding a racket and focused on the game."
emodb_small/images/h7vpzemgea4y12fi5q.jpg,Surprise,Pain,0.95,"The person is grimacing with eyes closed and mouth open, indicating physical discomfort or pain.","LABEL: Pain
CONFIDENCE: 0.95
REASON: The person is grimacing with eyes closed and mouth open, indicating physical discomfort or pain."
emodb_small/images/h7vpzemgea4y12fi5q.jpg,Surprise,Affection,0.95,"The woman is embracing the man closely, suggesting a warm and intimate connection.","LABEL: Affection
CONFIDENCE: 0.95
REASON: The woman is embracing the man closely, suggesting a warm and intimate connection."
framesdb/images/frame_chiiybhtwodylpwy.jpg,Surprise,Disconnection,0.75,"The individuals appear physically close but emotionally distant, with one person looking away and another covering their face, suggesting a lack of connection.","LABEL: Disconnection
CONFIDENCE: 0.75
REASON: The individuals appear physically close but emotionally distant, with one person looking away and another covering their face, suggesting a lack of connection."
emodb_small/images/am9j3t9a22e5jzjfp2.jpg,Surprise,Sadness,0.95,"The person is holding their head in their hands, appearing distressed and possibly crying.","LABEL: Sadness
CONFIDENCE: 0.95
REASON: The person is holding their head in their hands, appearing distressed and possibly crying."
framesdb/images/frame_14iknyfwkaiybiqi.jpg,Surprise,Engagement,0.95,The person is focused and actively engaged with the controls and instruments in the cockpit.,"LABEL: Engagement
CONFIDENCE: 0.95
REASON: The person is focused and actively engaged with the controls and instruments in the cockpit."
mscoco/images/COCO_val2014_000000146120.jpg,Surprise,Excitement,0.95,The boy's wide eyes and open mouth suggest enthusiastic enjoyment while eating.,"LABEL: Excitement
CONFIDENCE: 0.95
REASON: The boy's wide eyes and open mouth suggest enthusiastic enjoyment while eating."
framesdb/images/frame_cbfyiwge4be9on3e.jpg,Surprise,Affection,0.95,"The man is gently holding a bottle to feed a tiger cub, showing care and tenderness.","LABEL: Affection
CONFIDENCE: 0.95
REASON: The man is gently holding a bottle to feed a tiger cub, showing care and tenderness."
framesdb/images/frame_59d8sov4rs6g2xp4.jpg,Surprise,Engagement,0.85,"The individuals are actively participating in a shared activity, suggesting engagement.","LABEL: Engagement
CONFIDENCE: 0.85
REASON: The individuals are actively participating in a shared activity, suggesting engagement."
emodb_small/images/eyd27i8afqr4hfed0w.jpg,Surprise,Surprise,0.95,"The person's wide eyes and open mouth suggest a sudden, unexpected reaction.","LABEL: Surprise
CONFIDENCE: 0.95
REASON: The person's wide eyes and open mouth suggest a sudden, unexpected reaction."
mscoco/images/COCO_train2014_000000029582.jpg,Surprise,Engagement,0.95,"The person is actively participating in an activity, focused and engaged with the horse.","LABEL: Engagement
CONFIDENCE: 0.95
REASON: The person is actively participating in an activity, focused and engaged with the horse."
mscoco/images/COCO_train2014_000000034100.jpg,Surprise,Engagement,0.95,"The man is actively holding a controller and appears focused, suggesting engagement in an activity.","LABEL: Engagement
CONFIDENCE: 0.95
REASON: The man is actively holding a controller and appears focused, suggesting engagement in an activity."
emodb_small/images/hijg5oi27a7glihvq6.jpg,Surprise,Surprise,0.95,"The woman's wide eyes and open mouth, combined with her hand on her chest while looking at her phone, indicate a strong reaction of surprise.","LABEL: Surprise
CONFIDENCE: 0.95
REASON: The woman's wide eyes and open mouth, combined with her hand on her chest while looking at her phone, indicate a strong reaction of surprise."
emodb_small/images/hijg5oi27a7glihvq6.jpg,Surprise,Surprise,0.95,The woman's wide eyes and open mouth indicate a strong reaction to something unexpected on the phone.,"LABEL: Surprise
CONFIDENCE: 0.95
REASON: The woman's wide eyes and open mouth indicate a strong reaction to something unexpected on the phone."
mscoco/images/COCO_val2014_000000222512.jpg,Surprise,Surprise,0.95,"The baby's wide eyes and open mouth suggest a sudden, unexpected reaction.","LABEL: Surprise
CONFIDENCE: 0.95
REASON: The baby's wide eyes and open mouth suggest a sudden, unexpected reaction."
mscoco/images/COCO_train2014_000000283303.jpg,Surprise,Engagement,0.95,"The person is actively focused on drawing or writing on the wall, showing deep involvement in the task.","LABEL: Engagement
CONFIDENCE: 0.95
REASON: The person is actively focused on drawing or writing on the wall, showing deep involvement in the task."
emodb_small/images/ebpsbjqzfhd7efh00i.jpg,Sympathy,Sadness,0.95,"The children are crying and the woman appears distressed, indicating sadness.","LABEL: Sadness
CONFIDENCE: 0.95
REASON: The children are crying and the woman appears distressed, indicating sadness."
framesdb/images/frame_belw7xz1lwepxcyq.jpg,Sympathy,Confidence,0.9,The man's upright posture and focused expression suggest self-assurance.,"LABEL: Confidence
CONFIDENCE: 0.9
REASON: The man's upright posture and focused expression suggest self-assurance."
framesdb/images/frame_4tdwa014fryeivdi.jpg,Sympathy,Happiness,0.95,"The woman is smiling broadly, conveying clear happiness.","LABEL: Happiness
CONFIDENCE: 0.95
REASON: The woman is smiling broadly, conveying clear happiness."
mscoco/images/COCO_train2014_000000423834.jpg,Sympathy,Confidence,0.9,The person's upright posture and direct gaze suggest self-assurance.,"LABEL: Confidence
CONFIDENCE: 0.9
REASON: The person's upright posture and direct gaze suggest self-assurance."
mscoco/images/COCO_train2014_000000031590.jpg,Sympathy,Sadness,0.95,The woman's solemn expression and the act of placing flowers suggest mourning or grief.,"LABEL: Sadness
CONFIDENCE: 0.95
REASON: The woman's solemn expression and the act of placing flowers suggest mourning or grief."
mscoco/images/COCO_train2014_000000011690.jpg,Sympathy,Engagement,0.95,"The person is actively riding a motorcycle, focused on the road ahead.","LABEL: Engagement
CONFIDENCE: 0.95
REASON: The person is actively riding a motorcycle, focused on the road ahead."
mscoco/images/COCO_val2014_000000558294.jpg,Sympathy,Happiness,0.85,The person is smiling and appears relaxed while holding a surfboard at the beach.,"LABEL: Happiness
CONFIDENCE: 0.85
REASON: The person is smiling and appears relaxed while holding a surfboard at the beach."
framesdb/images/frame_77qu28arixwblan1.jpg,Sympathy,Happiness,0.95,"The woman is smiling broadly, indicating a clear expression of happiness.","LABEL: Happiness
CONFIDENCE: 0.95
REASON: The woman is smiling broadly, indicating a clear expression of happiness."
emodb_small/images/dnz8r16rduh2vxoigq.jpg,Sympathy,Disquietment,0.95,The woman's furrowed brow and tense expression while on the phone suggest unease or anxiety.,"LABEL: Disquietment
CONFIDENCE: 0.95
REASON: The woman's furrowed brow and tense expression while on the phone suggest unease or anxiety."
mscoco/images/COCO_train2014_000000443084.jpg,Sympathy,Happiness,0.95,"The man is smiling broadly, indicating a clear expression of happiness.","LABEL: Happiness
CONFIDENCE: 0.95
REASON: The man is smiling broadly, indicating a clear expression of happiness."
framesdb/images/frame_bdmxcn549kxpgyuz.jpg,Sympathy,Happiness,0.95,"The person is smiling broadly while holding a microphone, indicating joy and positive emotion.","LABEL: Happiness
CONFIDENCE: 0.95
REASON: The person is smiling broadly while holding a microphone, indicating joy and positive emotion."
framesdb/images/frame_8ltmp4v74tu3grzd.jpg,Sympathy,Engagement,0.95,"The doctor and patient are facing each other, suggesting active interaction and attention.","LABEL: Engagement
CONFIDENCE: 0.95
REASON: The doctor and patient are facing each other, suggesting active interaction and attention."
mscoco/images/COCO_train2014_000000317349.jpg,Sympathy,Disconnection,0.95,"Both individuals are focused on their phones, showing little interaction with each other or their surroundings.","LABEL: Disconnection
CONFIDENCE: 0.95
REASON: Both individuals are focused on their phones, showing little interaction with each other or their surroundings."
emodb_small/images/e6boj6smji3dnyouuj.jpg,Sympathy,Suffering,0.95,"The man's facial expression, with closed eyes and tears, indicates intense emotional or physical pain.","LABEL: Suffering
CONFIDENCE: 0.95
REASON: The man's facial expression, with closed eyes and tears, indicates intense emotional or physical pain."
mscoco/images/COCO_val2014_000000118966.jpg,Sympathy,Happiness,0.95,The man is smiling broadly and appears relaxed and joyful in the company of another person.,"LABEL: Happiness
CONFIDENCE: 0.95
REASON: The man is smiling broadly and appears relaxed and joyful in the company of another person."
mscoco/images/COCO_val2014_000000262353.jpg,Sympathy,Disconnection,0.85,"The person is turned away from others, appearing isolated and disengaged from the social setting.","LABEL: Disconnection
CONFIDENCE: 0.85
REASON: The person is turned away from others, appearing isolated and disengaged from the social setting."
framesdb/images/frame_4nflflpt92cq1v77.jpg,Sympathy,Engagement,0.95,"The healthcare professional is focused and actively attending to the patient, indicating engagement in her work.","LABEL: Engagement
CONFIDENCE: 0.95
REASON: The healthcare professional is focused and actively attending to the patient, indicating engagement in her work."
mscoco/images/COCO_val2014_000000541924.jpg,Sympathy,Sadness,0.85,The person's downward gaze and somber expression suggest a melancholic mood.,"LABEL: Sadness
CONFIDENCE: 0.85
REASON: The person's downward gaze and somber expression suggest a melancholic mood."
mscoco/images/COCO_train2014_000000366048.jpg,Sympathy,Confidence,0.95,"The individual is wearing an official uniform and appears to be directing traffic with a firm posture, indicating authority and self-assurance.","LABEL: Confidence  
CONFIDENCE: 0.95  
REASON: The individual is wearing an official uniform and appears to be directing traffic with a firm posture, indicating authority and self-assurance."
mscoco/images/COCO_train2014_000000441461.jpg,Sympathy,Happiness,0.95,The person is smiling and appears to be enjoying a playful moment with face paint.,"LABEL: Happiness
CONFIDENCE: 0.95
REASON: The person is smiling and appears to be enjoying a playful moment with face paint."
emodb_small/images/e9b5cftu9bwcw29nnh.jpg,Sympathy,Sadness,0.95,The woman's downward gaze and somber expression convey a sense of sadness.,"LABEL: Sadness
CONFIDENCE: 0.95
REASON: The woman's downward gaze and somber expression convey a sense of sadness."
emodb_small/images/e9b5cftu9bwcw29nnh.jpg,Sympathy,Sadness,0.95,The woman's facial expression and body language convey deep sorrow and grief.,"LABEL: Sadness
CONFIDENCE: 0.95
REASON: The woman's facial expression and body language convey deep sorrow and grief."
emodb_small/images/2ldklkk137ks9aufpe.jpg,Sympathy,Affection,0.95,"The man is gently kissing the dog on the head, showing clear affection.","LABEL: Affection
CONFIDENCE: 0.95
REASON: The man is gently kissing the dog on the head, showing clear affection."
mscoco/images/COCO_val2014_000000243482.jpg,Sympathy,Disconnection,0.85,"The man appears physically present but mentally distant, with a neutral expression and lack of engagement with his surroundings or the person beside him.","LABEL: Disconnection
CONFIDENCE: 0.85
REASON: The man appears physically present but mentally distant, with a neutral expression and lack of engagement with his surroundings or the person beside him."
mscoco/images/COCO_val2014_000000497002.jpg,Sympathy,Engagement,0.85,"The man is actively engaged in a conversation, looking at the other person with focused attention and a slight smile.","LABEL: Engagement
CONFIDENCE: 0.85
REASON: The man is actively engaged in a conversation, looking at the other person with focused attention and a slight smile."
emodb_small/images/es1e330nznobcurs4z.jpg,Sympathy,Pain,0.95,"The person's facial expression, with closed eyes and strained features, indicates physical or emotional pain.","LABEL: Pain
CONFIDENCE: 0.95
REASON: The person's facial expression, with closed eyes and strained features, indicates physical or emotional pain."
emodb_small/images/es1e330nznobcurs4z.jpg,Sympathy,Suffering,0.95,"The person is crying intensely with hands on their face, indicating severe emotional or physical distress.","LABEL: Suffering
CONFIDENCE: 0.95
REASON: The person is crying intensely with hands on their face, indicating severe emotional or physical distress."
mscoco/images/COCO_train2014_000000144620.jpg,Sympathy,Peace,0.95,"The man is sitting calmly on a bench, smiling slightly, with a relaxed posture and a peaceful outdoor setting.","LABEL: Peace
CONFIDENCE: 0.95
REASON: The man is sitting calmly on a bench, smiling slightly, with a relaxed posture and a peaceful outdoor setting."
framesdb/images/frame_aniupzjqv88h989h.jpg,Sympathy,Excitement,0.95,The woman's wide smile and energetic gesture suggest enthusiasm and excitement.,"LABEL: Excitement
CONFIDENCE: 0.95
REASON: The woman's wide smile and energetic gesture suggest enthusiasm and excitement."
emodb_small/images/7lj5yqy3a3keo5ptlj.jpg,Sympathy,Fatigue,0.95,"The person is slumped over in a chair with their head tilted back, indicating exhaustion or sleepiness.","LABEL: Fatigue
CONFIDENCE: 0.95
REASON: The person is slumped over in a chair with their head tilted back, indicating exhaustion or sleepiness."
emodb_small/images/eyd27i8afqr4hfed0w.jpg,Sympathy,Disapproval,0.95,The man's stern expression and furrowed brow suggest strong disapproval of something happening off-camera.,"LABEL: Disapproval
CONFIDENCE: 0.95
REASON: The man's stern expression and furrowed brow suggest strong disapproval of something happening off-camera."
mscoco/images/COCO_val2014_000000179141.jpg,Sympathy,Happiness,0.85,"The person is smiling, indicating a positive emotional state.","LABEL: Happiness
CONFIDENCE: 0.85
REASON: The person is smiling, indicating a positive emotional state."
mscoco/images/COCO_val2014_000000190372.jpg,Sympathy,Happiness,0.95,"The person is smiling broadly, indicating a clear expression of happiness.","LABEL: Happiness
CONFIDENCE: 0.95
REASON: The person is smiling broadly, indicating a clear expression of happiness."
mscoco/images/COCO_train2014_000000464415.jpg,Sympathy,Happiness,0.95,"The man is smiling broadly, indicating a clear expression of happiness.","LABEL: Happiness
CONFIDENCE: 0.95
REASON: The man is smiling broadly, indicating a clear expression of happiness."
mscoco/images/COCO_train2014_000000134893.jpg,Sympathy,Happiness,0.95,The person is smiling broadly and appears to be enjoying the snowy environment while wearing a playful costume.,"LABEL: Happiness
CONFIDENCE: 0.95
REASON: The person is smiling broadly and appears to be enjoying the snowy environment while wearing a playful costume."
emodb_small/images/a70o0l552iqxerys7g.jpg,Sympathy,Disconnection,0.85,"The person appears to be looking away with a neutral expression, suggesting emotional detachment or disengagement from the situation.","LABEL: Disconnection
CONFIDENCE: 0.85
REASON: The person appears to be looking away with a neutral expression, suggesting emotional detachment or disengagement from the situation."
mscoco/images/COCO_val2014_000000180521.jpg,Sympathy,Disconnection,0.7,"The man is turned away from the camera, facing another person, suggesting a lack of engagement with the viewer.","LABEL: Disconnection
CONFIDENCE: 0.7
REASON: The man is turned away from the camera, facing another person, suggesting a lack of engagement with the viewer."
mscoco/images/COCO_val2014_000000562243.jpg,Doubt/Confusion,Confidence,0.85,"The man's upright posture, direct gaze, and composed expression convey self-assurance.","LABEL: Confidence
CONFIDENCE: 0.85
REASON: The man's upright posture, direct gaze, and composed expression convey self-assurance."
emodb_small/images/78tk87458zwsmxaoi7.jpg,Doubt/Confusion,Doubt/Confusion,0.95,"The person is holding their head in a gesture of frustration while looking at an open book, suggesting confusion or difficulty understanding the material.","LABEL: Doubt/Confusion
CONFIDENCE: 0.95
REASON: The person is holding their head in a gesture of frustration while looking at an open book, suggesting confusion or difficulty understanding the material."
framesdb/images/frame_hdepjixs67t3l4zo.jpg,Doubt/Confusion,Disconnection,0.75,"The man appears distant and unengaged, with a neutral expression and lack of interaction with his surroundings.","LABEL: Disconnection
CONFIDENCE: 0.75
REASON: The man appears distant and unengaged, with a neutral expression and lack of interaction with his surroundings."
mscoco/images/COCO_train2014_000000002842.jpg,Doubt/Confusion,Engagement,0.95,"The man is actively gesturing and appears focused, indicating engagement in the game or interaction.","LABEL: Engagement
CONFIDENCE: 0.95
REASON: The man is actively gesturing and appears focused, indicating engagement in the game or interaction."
emodb_small/images/85e4yd4bqerachtx4a.jpg,Doubt/Confusion,Fatigue,0.95,"The person is slouching, holding their head with a hand, and appears tired while working.","LABEL: Fatigue
CONFIDENCE: 0.95
REASON: The person is slouching, holding their head with a hand, and appears tired while working."
mscoco/images/COCO_train2014_000000206801.jpg,Doubt/Confusion,Surprise,0.95,The person's wide eyes and slightly open mouth suggest a sudden unexpected reaction.,"LABEL: Surprise
CONFIDENCE: 0.95
REASON: The person's wide eyes and slightly open mouth suggest a sudden unexpected reaction."
mscoco/images/COCO_train2014_000000104888.jpg,Doubt/Confusion,Sadness,0.85,The child's downturned mouth and somber expression convey a sense of sadness.,"LABEL: Sadness
CONFIDENCE: 0.85
REASON: The child's downturned mouth and somber expression convey a sense of sadness."
mscoco/images/COCO_train2014_000000183538.jpg,Doubt/Confusion,Fatigue,0.9,"The man appears tired, with his head resting on his hand and a weary expression while looking at the laptop.","LABEL: Fatigue
CONFIDENCE: 0.9
REASON: The man appears tired, with his head resting on his hand and a weary expression while looking at the laptop."
mscoco/images/COCO_val2014_000000259497.jpg,Doubt/Confusion,Disconnection,0.75,"The woman appears distant and unengaged, with a neutral expression and gaze directed away, suggesting emotional disconnection.","LABEL: Disconnection
CONFIDENCE: 0.75
REASON: The woman appears distant and unengaged, with a neutral expression and gaze directed away, suggesting emotional disconnection."
mscoco/images/COCO_val2014_000000511066.jpg,Doubt/Confusion,Disconnection,0.7,"The person appears isolated and detached, with a neutral expression and posture that suggests emotional distance.","LABEL: Disconnection
CONFIDENCE: 0.7
REASON: The person appears isolated and detached, with a neutral expression and posture that suggests emotional distance."
framesdb/images/frame_5zvm7jv460br8d5g.jpg,Doubt/Confusion,Fear,0.95,The man's wide eyes and tense expression suggest he is experiencing fear.,"LABEL: Fear
CONFIDENCE: 0.95
REASON: The man's wide eyes and tense expression suggest he is experiencing fear."
mscoco/images/COCO_val2014_000000102517.jpg,Doubt/Confusion,Disapproval,0.95,"The man's furrowed brow, downturned mouth, and intense gaze convey a strong sense of disapproval.","LABEL: Disapproval
CONFIDENCE: 0.95
REASON: The man's furrowed brow, downturned mouth, and intense gaze convey a strong sense of disapproval."
emodb_small/images/68ywy6tv3qzjmyl3ip.jpg,Doubt/Confusion,Pain,0.95,"The woman is holding her head with a pained expression, indicating physical or emotional discomfort.","LABEL: Pain
CONFIDENCE: 0.95
REASON: The woman is holding her head with a pained expression, indicating physical or emotional discomfort."
emodb_small/images/awm6wf1u8hehkvpl9r.jpg,Doubt/Confusion,Peace,0.85,"The person appears calm and relaxed in a natural outdoor setting, suggesting a peaceful state of mind.","LABEL: Peace
CONFIDENCE: 0.85
REASON: The person appears calm and relaxed in a natural outdoor setting, suggesting a peaceful state of mind."
ade20k/images/sun_avvemgvxatrpclie.jpg,Doubt/Confusion,Disconnection,0.75,"The person appears to be physically present but mentally detached, with a distant gaze and lack of engagement with the surroundings.","LABEL: Disconnection
CONFIDENCE: 0.75
REASON: The person appears to be physically present but mentally detached, with a distant gaze and lack of engagement with the surroundings."
mscoco/images/COCO_train2014_000000077012.jpg,Doubt/Confusion,Sadness,0.95,"The woman's downturned mouth, teary eyes, and somber expression convey deep sadness.","LABEL: Sadness
CONFIDENCE: 0.95
REASON: The woman's downturned mouth, teary eyes, and somber expression convey deep sadness."
mscoco/images/COCO_val2014_000000247317.jpg,Doubt/Confusion,Peace,0.95,"The person appears calm and contemplative with closed eyes and hands clasped, suggesting a peaceful state.","LABEL: Peace
CONFIDENCE: 0.95
REASON: The person appears calm and contemplative with closed eyes and hands clasped, suggesting a peaceful state."
ade20k/images/sun_bcqhfikrglmxqdqc.jpg,Doubt/Confusion,Disconnection,0.85,"The individuals are seated apart with their backs turned, suggesting emotional or physical distance.","LABEL: Disconnection
CONFIDENCE: 0.85
REASON: The individuals are seated apart with their backs turned, suggesting emotional or physical distance."
mscoco/images/COCO_val2014_000000479808.jpg,Doubt/Confusion,Engagement,0.85,"The man is holding a frisbee and appears focused, suggesting he is engaged in or preparing for an activity.","LABEL: Engagement
CONFIDENCE: 0.85
REASON: The man is holding a frisbee and appears focused, suggesting he is engaged in or preparing for an activity."
mscoco/images/COCO_train2014_000000570738.jpg,Doubt/Confusion,Disconnection,0.75,"The player stands alone, looking down with a neutral expression, suggesting emotional detachment from the game or surroundings.","LABEL: Disconnection
CONFIDENCE: 0.75
REASON: The player stands alone, looking down with a neutral expression, suggesting emotional detachment from the game or surroundings."
emodb_small/images/8envv4lus044d68bse.jpg,Doubt/Confusion,Disquietment,0.95,The man's tense expression and hand-on-head posture suggest unease or anxiety.,"LABEL: Disquietment
CONFIDENCE: 0.95
REASON: The man's tense expression and hand-on-head posture suggest unease or anxiety."
framesdb/images/frame_7src19u0l6oz4fv2.jpg,Doubt/Confusion,Disconnection,0.85,"The individuals are facing away from each other, suggesting a lack of interaction or emotional connection.","LABEL: Disconnection
CONFIDENCE: 0.85
REASON: The individuals are facing away from each other, suggesting a lack of interaction or emotional connection."
mscoco/images/COCO_train2014_000000050161.jpg,Doubt/Confusion,Disconnection,0.75,"The man appears isolated and detached, with a neutral expression and body language that suggests he is not engaged with his surroundings.","LABEL: Disconnection
CONFIDENCE: 0.75
REASON: The man appears isolated and detached, with a neutral expression and body language that suggests he is not engaged with his surroundings."
mscoco/images/COCO_val2014_000000488086.jpg,Doubt/Confusion,Fatigue,0.95,"The man is sitting on the floor with a slouched posture, suggesting exhaustion or tiredness.","LABEL: Fatigue
CONFIDENCE: 0.95
REASON: The man is sitting on the floor with a slouched posture, suggesting exhaustion or tiredness."
mscoco/images/COCO_train2014_000000575133.jpg,Doubt/Confusion,Sadness,0.85,"The person's downward gaze, closed posture, and somber expression convey a sense of sadness.","LABEL: Sadness
CONFIDENCE: 0.85
REASON: The person's downward gaze, closed posture, and somber expression convey a sense of sadness."
framesdb/images/frame_h7mbqmbmbdrl7hwp.jpg,Doubt/Confusion,Disconnection,0.7,"The man appears isolated and detached, standing with a neutral expression and arms crossed, suggesting emotional distance from his surroundings.","LABEL: Disconnection
CONFIDENCE: 0.7
REASON: The man appears isolated and detached, standing with a neutral expression and arms crossed, suggesting emotional distance from his surroundings."
framesdb/images/frame_h7mbqmbmbdrl7hwp.jpg,Doubt/Confusion,Engagement,0.85,"The person appears attentive and engaged, with a slight smile and direct posture, suggesting active involvement in the situation.","LABEL: Engagement
CONFIDENCE: 0.85
REASON: The person appears attentive and engaged, with a slight smile and direct posture, suggesting active involvement in the situation."
mscoco/images/COCO_train2014_000000552895.jpg,Doubt/Confusion,Disconnection,0.85,"The person is looking down and away, appearing isolated and detached from their surroundings.","LABEL: Disconnection
CONFIDENCE: 0.85
REASON: The person is looking down and away, appearing isolated and detached from their surroundings."
mscoco/images/COCO_train2014_000000144388.jpg,Doubt/Confusion,Disconnection,0.85,"The man appears isolated, looking directly at the camera with a neutral expression while holding food, suggesting emotional distance from his surroundings.","LABEL: Disconnection
CONFIDENCE: 0.85
REASON: The man appears isolated, looking directly at the camera with a neutral expression while holding food, suggesting emotional distance from his surroundings."
framesdb/images/frame_cypxzomjoyjmel85.jpg,Doubt/Confusion,Disconnection,0.85,The child's distant gaze and physical isolation from others suggest emotional detachment.,"LABEL: Disconnection
CONFIDENCE: 0.85
REASON: The child's distant gaze and physical isolation from others suggest emotional detachment."
framesdb/images/frame_i1b36c5f7mf4oqnm.jpg,Doubt/Confusion,Engagement,0.95,"The individuals are actively participating in a martial arts training session, showing focus and interaction.","LABEL: Engagement
CONFIDENCE: 0.95
REASON: The individuals are actively participating in a martial arts training session, showing focus and interaction."
emodb_small/images/6ru9myoiseatt9m1g2.jpg,Doubt/Confusion,Sadness,0.95,"The man's downward gaze, hand on his head, and somber expression convey deep sadness.","LABEL: Sadness
CONFIDENCE: 0.95
REASON: The man's downward gaze, hand on his head, and somber expression convey deep sadness."
mscoco/images/COCO_train2014_000000543201.jpg,Doubt/Confusion,Surprise,0.95,The child's wide eyes and slightly open mouth suggest a sudden unexpected event or stimulus.,"LABEL: Surprise
CONFIDENCE: 0.95
REASON: The child's wide eyes and slightly open mouth suggest a sudden unexpected event or stimulus."
mscoco/images/COCO_train2014_000000027307.jpg,Doubt/Confusion,Engagement,0.95,"The man is actively engaged in a baseball game, focused and ready to field the ball.","LABEL: Engagement
CONFIDENCE: 0.95
REASON: The man is actively engaged in a baseball game, focused and ready to field the ball."
framesdb/images/frame_h5s6co5aguuad887.jpg,Doubt/Confusion,Disconnection,0.75,"The person appears to be looking away from the camera with a neutral expression, suggesting a lack of engagement or emotional connection with the surroundings.","LABEL: Disconnection
CONFIDENCE: 0.75
REASON: The person appears to be looking away from the camera with a neutral expression, suggesting a lack of engagement or emotional connection with the surroundings."
mscoco/images/COCO_train2014_000000488138.jpg,Doubt/Confusion,Sadness,0.95,"The person's somber expression, hunched posture, and clutching of a stuffed animal convey a sense of melancholy and emotional distress.","LABEL: Sadness
CONFIDENCE: 0.95
REASON: The person's somber expression, hunched posture, and clutching of a stuffed animal convey a sense of melancholy and emotional distress."
mscoco/images/COCO_train2014_000000197503.jpg,Doubt/Confusion,Engagement,0.95,"The boy is actively holding a controller and appears focused on the screen, indicating engagement in a game.","LABEL: Engagement
CONFIDENCE: 0.95
REASON: The boy is actively holding a controller and appears focused on the screen, indicating engagement in a game."
mscoco/images/COCO_train2014_000000569889.jpg,Doubt/Confusion,Disconnection,0.75,"The person is facing away from the camera and appears isolated in a crowd, suggesting emotional or social disconnection.","LABEL: Disconnection
CONFIDENCE: 0.75
REASON: The person is facing away from the camera and appears isolated in a crowd, suggesting emotional or social disconnection."
mscoco/images/COCO_train2014_000000022683.jpg,Disconnection,Engagement,0.95,"The officer is actively engaged in a public event, maintaining a vigilant posture while interacting with the crowd.","LABEL: Engagement
CONFIDENCE: 0.95
REASON: The officer is actively engaged in a public event, maintaining a vigilant posture while interacting with the crowd."
mscoco/images/COCO_val2014_000000508538.jpg,Disconnection,Engagement,0.85,"The person appears focused and actively engaged in a physical activity, likely skateboarding, showing concentration and involvement.","LABEL: Engagement
CONFIDENCE: 0.85
REASON: The person appears focused and actively engaged in a physical activity, likely skateboarding, showing concentration and involvement."
framesdb/images/frame_8bcjgl84a80cguy5.jpg,Disconnection,Engagement,0.95,"The woman is focused and actively handling items, indicating engagement with her task.","LABEL: Engagement
CONFIDENCE: 0.95
REASON: The woman is focused and actively handling items, indicating engagement with her task."
framesdb/images/frame_fvot32utqi78m926.jpg,Disconnection,Disconnection,0.95,"The image is completely dark and indistinct, suggesting a lack of visual connection or engagement.","LABEL: Disconnection
CONFIDENCE: 0.95
REASON: The image is completely dark and indistinct, suggesting a lack of visual connection or engagement."
mscoco/images/COCO_train2014_000000202906.jpg,Disconnection,Peace,0.85,"The person appears relaxed and seated calmly in a quiet outdoor setting, suggesting a peaceful atmosphere.","LABEL: Peace
CONFIDENCE: 0.85
REASON: The person appears relaxed and seated calmly in a quiet outdoor setting, suggesting a peaceful atmosphere."
framesdb/images/frame_8add2r7r1w3oj417.jpg,Disconnection,Peace,0.95,The soft lighting and neutral colors create a calm and tranquil atmosphere.,"LABEL: Peace
CONFIDENCE: 0.95
REASON: The soft lighting and neutral colors create a calm and tranquil atmosphere."
mscoco/images/COCO_val2014_000000505818.jpg,Disconnection,Peace,0.95,"The individuals appear relaxed and comfortable, with one person reclining in a supportive chair, suggesting a calm and peaceful atmosphere.","LABEL: Peace
CONFIDENCE: 0.95
REASON: The individuals appear relaxed and comfortable, with one person reclining in a supportive chair, suggesting a calm and peaceful atmosphere."
framesdb/images/frame_e2f1a6s2780ils40.jpg,Disconnection,Disconnection,0.85,The blurred and fragmented visual elements create a sense of detachment from the environment.,"LABEL: Disconnection
CONFIDENCE: 0.85
REASON: The blurred and fragmented visual elements create a sense of detachment from the environment."
mscoco/images/COCO_train2014_000000205131.jpg,Disconnection,Happiness,0.95,The person is smiling and appears to be enjoying an outdoor activity with a kite.,"LABEL: Happiness
CONFIDENCE: 0.95
REASON: The person is smiling and appears to be enjoying an outdoor activity with a kite."
framesdb/images/frame_7diuhdr9mxx153xs.jpg,Disconnection,Disconnection,0.7,"The person appears to be looking away from the camera with a neutral expression, suggesting emotional distance or disengagement.","LABEL: Disconnection
CONFIDENCE: 0.7
REASON: The person appears to be looking away from the camera with a neutral expression, suggesting emotional distance or disengagement."
mscoco/images/COCO_train2014_000000046473.jpg,Disconnection,Engagement,0.95,"The officer is actively gesturing and interacting with the person, indicating engagement in a conversation.","LABEL: Engagement
CONFIDENCE: 0.95
REASON: The officer is actively gesturing and interacting with the person, indicating engagement in a conversation."
framesdb/images/frame_dqx3pak8cayina6c.jpg,Disconnection,Disconnection,0.75,"The person is standing apart from others, looking down at their phone, suggesting a lack of engagement with their surroundings.","LABEL: Disconnection
CONFIDENCE: 0.75
REASON: The person is standing apart from others, looking down at their phone, suggesting a lack of engagement with their surroundings."
emodb_small/images/85e4yd4bqerachtx4a.jpg,Disconnection,Doubt/Confusion,0.95,"The person is touching their temple and looking down, suggesting deep thought or confusion.","LABEL: Doubt/Confusion
CONFIDENCE: 0.95
REASON: The person is touching their temple and looking down, suggesting deep thought or confusion."
framesdb/images/frame_cmwvbpa676fz8xne.jpg,Disconnection,Disconnection,0.85,"The individuals appear physically close but emotionally distant, with one turned away and no apparent interaction.","LABEL: Disconnection
CONFIDENCE: 0.85
REASON: The individuals appear physically close but emotionally distant, with one turned away and no apparent interaction."
framesdb/images/frame_eqqloog40nrqm6m0.jpg,Disconnection,Engagement,0.85,"The child appears focused and actively participating in an outdoor activity, suggesting engagement.","LABEL: Engagement
CONFIDENCE: 0.85
REASON: The child appears focused and actively participating in an outdoor activity, suggesting engagement."
framesdb/images/frame_d998hookcg6inu0j.jpg,Disconnection,Engagement,0.95,"The individuals are actively engaged in reading and discussing documents, showing focused attention.","LABEL: Engagement
CONFIDENCE: 0.95
REASON: The individuals are actively engaged in reading and discussing documents, showing focused attention."
mscoco/images/COCO_val2014_000000531061.jpg,Disconnection,Peace,0.85,"The person appears calm and composed, with a serene posture and traditional attire that suggests cultural tranquility.","LABEL: Peace
CONFIDENCE: 0.85
REASON: The person appears calm and composed, with a serene posture and traditional attire that suggests cultural tranquility."
framesdb/images/frame_dy0xnq4fy1sn1ra8.jpg,Disconnection,Engagement,0.85,"The person appears to be actively engaged in a social setting, as suggested by their posture and proximity to others.","LABEL: Engagement
CONFIDENCE: 0.85
REASON: The person appears to be actively engaged in a social setting, as suggested by their posture and proximity to others."
framesdb/images/frame_kz4qbgr5rna0vfaf.jpg,Disconnection,Engagement,0.85,"The man appears to be actively speaking or presenting, with a focused expression and posture that suggests engagement with an audience.","LABEL: Engagement
CONFIDENCE: 0.85
REASON: The man appears to be actively speaking or presenting, with a focused expression and posture that suggests engagement with an audience."
framesdb/images/frame_7s5y7yti09w5wwo4.jpg,Disconnection,Disconnection,0.65,"The person appears isolated and detached, possibly due to their posture and the blurred background suggesting a lack of engagement with their surroundings.","LABEL: Disconnection
CONFIDENCE: 0.65
REASON: The person appears isolated and detached, possibly due to their posture and the blurred background suggesting a lack of engagement with their surroundings."
mscoco/images/COCO_train2014_000000033631.jpg,Disconnection,Disconnection,0.85,"The person appears isolated and detached, focused on a book while sitting alone in a public space.","LABEL: Disconnection
CONFIDENCE: 0.85
REASON: The person appears isolated and detached, focused on a book while sitting alone in a public space."
framesdb/images/frame_78cvnjrqof09ixds.jpg,Disconnection,Sadness,0.85,The man's downward gaze and somber expression suggest a melancholic mood.,"LABEL: Sadness
CONFIDENCE: 0.85
REASON: The man's downward gaze and somber expression suggest a melancholic mood."
mscoco/images/COCO_train2014_000000499425.jpg,Disconnection,Surprise,0.85,The man's wide eyes and slightly open mouth suggest he is reacting to an unexpected event or piece of information during the phone call.,"LABEL: Surprise
CONFIDENCE: 0.85
REASON: The man's wide eyes and slightly open mouth suggest he is reacting to an unexpected event or piece of information during the phone call."
framesdb/images/frame_9931k2p1ko1u30qy.jpg,Disconnection,Peace,0.95,"The person is reclining comfortably in a relaxed posture, suggesting a calm and peaceful state.","LABEL: Peace
CONFIDENCE: 0.95
REASON: The person is reclining comfortably in a relaxed posture, suggesting a calm and peaceful state."
mscoco/images/COCO_val2014_000000168491.jpg,Disconnection,Engagement,0.85,"The person is focused on a handheld device, suggesting active involvement in an activity.","LABEL: Engagement
CONFIDENCE: 0.85
REASON: The person is focused on a handheld device, suggesting active involvement in an activity."
framesdb/images/frame_746ku2c3z5y835ti.jpg,Disconnection,Sadness,0.85,The individual's downward gaze and closed eyes suggest a somber or melancholic mood.,"LABEL: Sadness
CONFIDENCE: 0.85
REASON: The individual's downward gaze and closed eyes suggest a somber or melancholic mood."
emodb_small/images/ahn1gc4jxzwx0a6s13.jpg,Disconnection,Disconnection,0.95,"The student appears detached and lost in thought, with a distant expression and lack of engagement with the classroom environment.","LABEL: Disconnection
CONFIDENCE: 0.95
REASON: The student appears detached and lost in thought, with a distant expression and lack of engagement with the classroom environment."
framesdb/images/frame_77qu28arixwblan1.jpg,Disconnection,Disconnection,0.75,"The man appears distant and introspective, with a neutral expression and gaze directed away, suggesting emotional detachment.","LABEL: Disconnection
CONFIDENCE: 0.75
REASON: The man appears distant and introspective, with a neutral expression and gaze directed away, suggesting emotional detachment."
ade20k/images/sun_avvemgvxatrpclie.jpg,Disconnection,Engagement,0.85,"The man is focused on the task at hand, actively using a device with his hands, indicating engagement.","LABEL: Engagement
CONFIDENCE: 0.85
REASON: The man is focused on the task at hand, actively using a device with his hands, indicating engagement."
framesdb/images/frame_6fdrr65sbgvhbs0o.jpg,Disconnection,Engagement,0.85,"The person appears focused and actively moving, suggesting engagement in a task or environment.","LABEL: Engagement
CONFIDENCE: 0.85
REASON: The person appears focused and actively moving, suggesting engagement in a task or environment."
mscoco/images/COCO_val2014_000000198154.jpg,Disconnection,Disconnection,0.85,"The person is turned away from the camera, creating a sense of emotional or physical separation from the surroundings.","LABEL: Disconnection
CONFIDENCE: 0.85
REASON: The person is turned away from the camera, creating a sense of emotional or physical separation from the surroundings."
mscoco/images/COCO_train2014_000000261879.jpg,Fatigue,Peace,0.95,"The man is lying comfortably on a bed, appearing relaxed and at ease.","LABEL: Peace
CONFIDENCE: 0.95
REASON: The man is lying comfortably on a bed, appearing relaxed and at ease."
mscoco/images/COCO_train2014_000000162177.jpg,Fatigue,Disconnection,0.85,"The player is viewed through a chain-link fence, creating a visual barrier that suggests emotional or physical separation from the observer.","LABEL: Disconnection
CONFIDENCE: 0.85
REASON: The player is viewed through a chain-link fence, creating a visual barrier that suggests emotional or physical separation from the observer."
emodb_small/images/edknfl4d7l58nt06sm.jpg,Fatigue,Pain,0.95,"The person is grimacing with hands on their head, indicating intense physical or emotional pain.","LABEL: Pain
CONFIDENCE: 0.95
REASON: The person is grimacing with hands on their head, indicating intense physical or emotional pain."
mscoco/images/COCO_val2014_000000553443.jpg,Fatigue,Disconnection,0.75,"The person appears to be physically present but mentally distant, with a neutral expression and lack of engagement with others around them.","LABEL: Disconnection
CONFIDENCE: 0.75
REASON: The person appears to be physically present but mentally distant, with a neutral expression and lack of engagement with others around them."
emodb_small/images/8w9mab5ujnmma506e1.jpg,Fatigue,Fatigue,0.95,"The woman's posture, with her head resting on her hand and closed eyes, suggests exhaustion or tiredness.","LABEL: Fatigue
CONFIDENCE: 0.95
REASON: The woman's posture, with her head resting on her hand and closed eyes, suggests exhaustion or tiredness."
ade20k/images/sun_deeiqqckmjalhvyj.jpg,Fatigue,Engagement,0.95,"The person is focused and actively working with the dough, showing concentration and involvement in the task.","LABEL: Engagement
CONFIDENCE: 0.95
REASON: The person is focused and actively working with the dough, showing concentration and involvement in the task."
mscoco/images/COCO_val2014_000000523953.jpg,Fatigue,Sadness,0.85,The boy's downcast expression and somber gaze suggest a sense of sadness.,"LABEL: Sadness
CONFIDENCE: 0.85
REASON: The boy's downcast expression and somber gaze suggest a sense of sadness."
mscoco/images/COCO_train2014_000000241265.jpg,Fatigue,Fatigue,0.95,"The person appears to be leaning heavily on their luggage with a tired posture, suggesting exhaustion.","LABEL: Fatigue
CONFIDENCE: 0.95
REASON: The person appears to be leaning heavily on their luggage with a tired posture, suggesting exhaustion."
emodb_small/images/c3ezirejabm4sgyzix.jpg,Fatigue,Fatigue,0.95,"The woman is resting her head on her hand, appearing tired and possibly overwhelmed while working at her desk.","LABEL: Fatigue
CONFIDENCE: 0.95
REASON: The woman is resting her head on her hand, appearing tired and possibly overwhelmed while working at her desk."
mscoco/images/COCO_train2014_000000205299.jpg,Fatigue,Disconnection,0.75,"The woman appears detached and focused on her own thoughts, with a neutral expression and lack of engagement with others around her.","LABEL: Disconnection
CONFIDENCE: 0.75
REASON: The woman appears detached and focused on her own thoughts, with a neutral expression and lack of engagement with others around her."
emodb_small/images/6vd6w47myjp3fuod1j.jpg,Fatigue,Fatigue,0.95,"The man is leaning forward with his head down, appearing exhausted and physically drained.","LABEL: Fatigue
CONFIDENCE: 0.95
REASON: The man is leaning forward with his head down, appearing exhausted and physically drained."
mscoco/images/COCO_val2014_000000069356.jpg,Fatigue,Confidence,0.85,"The woman stands upright with a direct gaze and composed posture, conveying self-assurance.","LABEL: Confidence
CONFIDENCE: 0.85
REASON: The woman stands upright with a direct gaze and composed posture, conveying self-assurance."
mscoco/images/COCO_val2014_000000016959.jpg,Fatigue,Peace,0.85,"The individual appears calm and relaxed, holding a surfboard in a serene coastal setting, suggesting a peaceful moment.","LABEL: Peace
CONFIDENCE: 0.85
REASON: The individual appears calm and relaxed, holding a surfboard in a serene coastal setting, suggesting a peaceful moment."
mscoco/images/COCO_train2014_000000264197.jpg,Fatigue,Peace,0.85,"The person appears calm and composed, holding an umbrella in a relaxed manner, suggesting a sense of tranquility.","LABEL: Peace
CONFIDENCE: 0.85
REASON: The person appears calm and composed, holding an umbrella in a relaxed manner, suggesting a sense of tranquility."
emodb_small/images/7izh0beosiq1gwvw2h.jpg,Fatigue,Fatigue,0.95,"The person is bent over with hands on knees, a common posture indicating exhaustion or tiredness after physical activity.","LABEL: Fatigue
CONFIDENCE: 0.95
REASON: The person is bent over with hands on knees, a common posture indicating exhaustion or tiredness after physical activity."
mscoco/images/COCO_train2014_000000154462.jpg,Fatigue,Engagement,0.95,"The person is focused on their phone, indicating active engagement with the device.","LABEL: Engagement
CONFIDENCE: 0.95
REASON: The person is focused on their phone, indicating active engagement with the device."
emodb_small/images/8xdy7wkwjf8cye47vf.jpg,Fatigue,Fatigue,0.95,"The person is sitting with a hand on their forehead, holding a water bottle, and appears exhausted after physical activity.","LABEL: Fatigue
CONFIDENCE: 0.95
REASON: The person is sitting with a hand on their forehead, holding a water bottle, and appears exhausted after physical activity."
mscoco/images/COCO_train2014_000000157194.jpg,Fatigue,Engagement,0.95,"The person is leaning forward with a focused expression, suggesting active involvement or interest in an activity.","LABEL: Engagement
CONFIDENCE: 0.95
REASON: The person is leaning forward with a focused expression, suggesting active involvement or interest in an activity."
emodb_small/images/7yfw4gdcdak0kdvqu2.jpg,Fatigue,Pain,0.95,"The person's facial expression, with a wide-open mouth and strained features, suggests they are experiencing physical discomfort or pain.","LABEL: Pain
CONFIDENCE: 0.95
REASON: The person's facial expression, with a wide-open mouth and strained features, suggests they are experiencing physical discomfort or pain."
emodb_small/images/7ra2q7lp16or6suhp5.jpg,Fatigue,Fatigue,0.95,"The man's posture, closed eyes, and hand on his forehead suggest exhaustion or tiredness.","LABEL: Fatigue
CONFIDENCE: 0.95
REASON: The man's posture, closed eyes, and hand on his forehead suggest exhaustion or tiredness."
emodb_small/images/am9j3t9a22e5jzjfp2.jpg,Fatigue,Fatigue,0.95,"The person is resting their head on their hand with a tired expression, suggesting fatigue.","LABEL: Fatigue
CONFIDENCE: 0.95
REASON: The person is resting their head on their hand with a tired expression, suggesting fatigue."
emodb_small/images/am9j3t9a22e5jzjfp2.jpg,Fatigue,Sadness,0.95,"The person is holding their head in their hands with a distressed expression, indicating sadness.","LABEL: Sadness
CONFIDENCE: 0.95
REASON: The person is holding their head in their hands with a distressed expression, indicating sadness."
emodb_small/images/7wkw1c1nde6b0u2gqr.jpg,Fatigue,Fatigue,0.95,"The man is hunched over with his head down, appearing physically exhausted and possibly taking a break from intense activity.","LABEL: Fatigue
CONFIDENCE: 0.95
REASON: The man is hunched over with his head down, appearing physically exhausted and possibly taking a break from intense activity."
mscoco/images/COCO_val2014_000000491689.jpg,Fatigue,Engagement,0.85,"The woman is smiling and looking directly at the camera, indicating engagement with the photographer or situation.","LABEL: Engagement
CONFIDENCE: 0.85
REASON: The woman is smiling and looking directly at the camera, indicating engagement with the photographer or situation."
emodb_small/images/7hogfrr8pgo4xd9uza.jpg,Fatigue,Fatigue,0.95,"The man's posture, with his head in his hand and eyes closed, strongly suggests exhaustion or tiredness.","LABEL: Fatigue
CONFIDENCE: 0.95
REASON: The man's posture, with his head in his hand and eyes closed, strongly suggests exhaustion or tiredness."
mscoco/images/COCO_train2014_000000155417.jpg,Fatigue,Engagement,0.95,"The individual is focused and actively handling equipment, indicating engagement in a task.","LABEL: Engagement
CONFIDENCE: 0.95
REASON: The individual is focused and actively handling equipment, indicating engagement in a task."
emodb_small/images/8ivunqxoi7to4qvg43.jpg,Fatigue,Fatigue,0.95,"The person is sleeping with their head on the desk, indicating extreme tiredness.","LABEL: Fatigue
CONFIDENCE: 0.95
REASON: The person is sleeping with their head on the desk, indicating extreme tiredness."
mscoco/images/COCO_train2014_000000256431.jpg,Fatigue,Disconnection,0.75,The person's neutral expression and downward gaze suggest emotional detachment or disengagement from their surroundings.,"LABEL: Disconnection
CONFIDENCE: 0.75
REASON: The person's neutral expression and downward gaze suggest emotional detachment or disengagement from their surroundings."
emodb_small/images/8v2pdcpemnwcnqhrlt.jpg,Fatigue,Doubt/Confusion,0.85,The woman's contemplative expression and hand on her chin suggest she is pondering or uncertain about something.,"LABEL: Doubt/Confusion
CONFIDENCE: 0.85
REASON: The woman's contemplative expression and hand on her chin suggest she is pondering or uncertain about something."
mscoco/images/COCO_val2014_000000573819.jpg,Fatigue,Doubt/Confusion,0.95,The boy's furrowed brow and hand on his forehead suggest he is struggling to understand something.,"LABEL: Doubt/Confusion
CONFIDENCE: 0.95
REASON: The boy's furrowed brow and hand on his forehead suggest he is struggling to understand something."
mscoco/images/COCO_train2014_000000019375.jpg,Fatigue,Disconnection,0.75,"The person appears to be looking away and adjusting their hair, suggesting a lack of engagement with their surroundings.","LABEL: Disconnection
CONFIDENCE: 0.75
REASON: The person appears to be looking away and adjusting their hair, suggesting a lack of engagement with their surroundings."
mscoco/images/COCO_train2014_000000091465.jpg,Fatigue,Peace,0.95,"The person appears to be sleeping peacefully in a cozy, comfortable setting.","LABEL: Peace
CONFIDENCE: 0.95
REASON: The person appears to be sleeping peacefully in a cozy, comfortable setting."
mscoco/images/COCO_val2014_000000055223.jpg,Fatigue,Engagement,0.95,"The man is focused on the game, holding controllers and actively participating.","LABEL: Engagement
CONFIDENCE: 0.95
REASON: The man is focused on the game, holding controllers and actively participating."
mscoco/images/COCO_train2014_000000112124.jpg,Fatigue,Engagement,0.95,The jockey's focused expression and attentive posture suggest deep engagement with the race.,"LABEL: Engagement
CONFIDENCE: 0.95
REASON: The jockey's focused expression and attentive posture suggest deep engagement with the race."
emodb_small/images/84ylr78s2vu1x66mau.jpg,Fatigue,Disquietment,0.95,The man's tense posture and hand-on-head gesture suggest inner turmoil or unease.,"LABEL: Disquietment
CONFIDENCE: 0.95
REASON: The man's tense posture and hand-on-head gesture suggest inner turmoil or unease."
mscoco/images/COCO_train2014_000000168763.jpg,Fatigue,Engagement,0.95,"The officer appears focused and attentive while interacting with the radio, indicating active engagement in their duties.","LABEL: Engagement
CONFIDENCE: 0.95
REASON: The officer appears focused and attentive while interacting with the radio, indicating active engagement in their duties."
emodb_small/images/dffd0x4aalsu45395f.jpg,Fatigue,Pain,0.95,"The man is clutching his chest and appears to be in physical distress, indicating pain.","LABEL: Pain
CONFIDENCE: 0.95
REASON: The man is clutching his chest and appears to be in physical distress, indicating pain."
mscoco/images/COCO_train2014_000000493439.jpg,Fatigue,Fatigue,0.95,"The man's relaxed posture, closed eyes, and slumped position suggest exhaustion or tiredness.","LABEL: Fatigue
CONFIDENCE: 0.95
REASON: The man's relaxed posture, closed eyes, and slumped position suggest exhaustion or tiredness."
framesdb/images/frame_63mtckpdjfc0y9q8.jpg,Embarrassment,Engagement,0.95,The focused stance and proximity of players suggest active involvement in the game.,"LABEL: Engagement
CONFIDENCE: 0.95
REASON: The focused stance and proximity of players suggest active involvement in the game."
mscoco/images/COCO_train2014_000000296153.jpg,Embarrassment,Surprise,0.95,The person's wide eyes and hands covering their mouth suggest a strong reaction of surprise.,"LABEL: Surprise
CONFIDENCE: 0.95
REASON: The person's wide eyes and hands covering their mouth suggest a strong reaction of surprise."
mscoco/images/COCO_train2014_000000485224.jpg,Embarrassment,Sadness,0.65,"The person's downward gaze and neutral expression suggest a subdued mood, possibly indicating sadness.","LABEL: Sadness
CONFIDENCE: 0.65
REASON: The person's downward gaze and neutral expression suggest a subdued mood, possibly indicating sadness."
mscoco/images/COCO_train2014_000000472266.jpg,Embarrassment,Engagement,0.95,"The person is actively participating in a game, focused and engaged with the frisbee.","LABEL: Engagement
CONFIDENCE: 0.95
REASON: The person is actively participating in a game, focused and engaged with the frisbee."
emodb_small/images/b3kg3dju8rmaxpf4ia.jpg,Embarrassment,Annoyance,0.95,"The woman's furrowed brow, narrowed eyes, and puffed cheeks suggest she is irritated or bothered by something.","LABEL: Annoyance
CONFIDENCE: 0.95
REASON: The woman's furrowed brow, narrowed eyes, and puffed cheeks suggest she is irritated or bothered by something."
mscoco/images/COCO_train2014_000000387299.jpg,Embarrassment,Engagement,0.95,"The person is focused and actively engaged in skateboarding, showing concentration and physical involvement.","LABEL: Engagement
CONFIDENCE: 0.95
REASON: The person is focused and actively engaged in skateboarding, showing concentration and physical involvement."
mscoco/images/COCO_train2014_000000033272.jpg,Embarrassment,Excitement,0.95,"The person is actively engaged in a thrilling outdoor activity, suggesting high energy and excitement.","LABEL: Excitement
CONFIDENCE: 0.95
REASON: The person is actively engaged in a thrilling outdoor activity, suggesting high energy and excitement."
mscoco/images/COCO_val2014_000000555538.jpg,Embarrassment,Disconnection,0.75,"The player is walking away from the action, appearing isolated and detached from the game environment.","LABEL: Disconnection
CONFIDENCE: 0.75
REASON: The player is walking away from the action, appearing isolated and detached from the game environment."
mscoco/images/COCO_train2014_000000502508.jpg,Embarrassment,Engagement,0.95,"The person is focused on the laptop, indicating active involvement with the task.","LABEL: Engagement
CONFIDENCE: 0.95
REASON: The person is focused on the laptop, indicating active involvement with the task."
mscoco/images/COCO_train2014_000000005471.jpg,Embarrassment,Excitement,0.95,The person's open posture and focused expression suggest enthusiasm and engagement in an activity.,"LABEL: Excitement
CONFIDENCE: 0.95
REASON: The person's open posture and focused expression suggest enthusiasm and engagement in an activity."
emodb_small/images/eicizjamovv03k3xcj.jpg,Embarrassment,Sadness,0.95,"The person is sitting on steps with a distressed expression, hands in hair, and head bowed, conveying deep sadness.","LABEL: Sadness
CONFIDENCE: 0.95
REASON: The person is sitting on steps with a distressed expression, hands in hair, and head bowed, conveying deep sadness."
emodb_small/images/h7vpzemgea4y12fi5q.jpg,Embarrassment,Surprise,0.95,"The man and woman have wide eyes and open mouths, indicating a sudden and unexpected event.","LABEL: Surprise
CONFIDENCE: 0.95
REASON: The man and woman have wide eyes and open mouths, indicating a sudden and unexpected event."
mscoco/images/COCO_train2014_000000018396.jpg,Embarrassment,Disconnection,0.85,The man's distant gaze and isolated posture suggest emotional detachment from his surroundings.,"LABEL: Disconnection
CONFIDENCE: 0.85
REASON: The man's distant gaze and isolated posture suggest emotional detachment from his surroundings."
framesdb/images/frame_k9xzbwxfy48vd3uw.jpg,Embarrassment,Affection,0.95,"The woman is gently adjusting the child's seatbelt with a caring expression, indicating affection.","LABEL: Affection
CONFIDENCE: 0.95
REASON: The woman is gently adjusting the child's seatbelt with a caring expression, indicating affection."
mscoco/images/COCO_train2014_000000247068.jpg,Embarrassment,Engagement,0.95,"The child is focused on the object in their hands, showing interest and concentration.","LABEL: Engagement
CONFIDENCE: 0.95
REASON: The child is focused on the object in their hands, showing interest and concentration."
mscoco/images/COCO_train2014_000000487458.jpg,Embarrassment,Engagement,0.95,"The man is actively engaged in a tennis match, focused and ready to hit the ball.","LABEL: Engagement
CONFIDENCE: 0.95
REASON: The man is actively engaged in a tennis match, focused and ready to hit the ball."
mscoco/images/COCO_train2014_000000499396.jpg,Embarrassment,Excitement,0.95,The snowboarder's dynamic pose and focused expression convey high energy and enthusiasm.,"LABEL: Excitement
CONFIDENCE: 0.95
REASON: The snowboarder's dynamic pose and focused expression convey high energy and enthusiasm."
mscoco/images/COCO_val2014_000000561491.jpg,Embarrassment,Excitement,0.95,The woman's focused expression and the context of holding a pregnancy test suggest anticipation and excitement about the result.,"LABEL: Excitement
CONFIDENCE: 0.95
REASON: The woman's focused expression and the context of holding a pregnancy test suggest anticipation and excitement about the result."
mscoco/images/COCO_train2014_000000489107.jpg,Embarrassment,Excitement,0.95,The person's dynamic posture and focused expression suggest enthusiasm while riding the bicycle.,"LABEL: Excitement
CONFIDENCE: 0.95
REASON: The person's dynamic posture and focused expression suggest enthusiasm while riding the bicycle."
ade20k/images/sun_aclothkttyccszmc.jpg,Embarrassment,Engagement,0.85,"The person appears focused and actively interacting with the object in front of them, suggesting engagement.","LABEL: Engagement
CONFIDENCE: 0.85
REASON: The person appears focused and actively interacting with the object in front of them, suggesting engagement."
mscoco/images/COCO_val2014_000000487338.jpg,Embarrassment,Surprise,0.85,"The person is holding a blank paper, possibly expecting something to be written on it, which could lead to surprise if nothing appears.","LABEL: Surprise
CONFIDENCE: 0.85
REASON: The person is holding a blank paper, possibly expecting something to be written on it, which could lead to surprise if nothing appears."
framesdb/images/frame_0ldz88bmoxvgqove.jpg,Embarrassment,Engagement,0.95,The individuals are focused and actively involved in the medical procedure with the cat.,"LABEL: Engagement
CONFIDENCE: 0.95
REASON: The individuals are focused and actively involved in the medical procedure with the cat."
mscoco/images/COCO_train2014_000000021747.jpg,Embarrassment,Happiness,0.95,The child is smiling and appears joyful while eating pizza.,"LABEL: Happiness
CONFIDENCE: 0.95
REASON: The child is smiling and appears joyful while eating pizza."
mscoco/images/COCO_train2014_000000512458.jpg,Embarrassment,Engagement,0.95,"The person is actively engaged in playing a video game, as indicated by their focused posture and use of a controller.","LABEL: Engagement
CONFIDENCE: 0.95
REASON: The person is actively engaged in playing a video game, as indicated by their focused posture and use of a controller."
mscoco/images/COCO_train2014_000000015678.jpg,Embarrassment,Sadness,0.75,The boy's solemn expression and downward gaze suggest a melancholic mood.,"LABEL: Sadness
CONFIDENCE: 0.75
REASON: The boy's solemn expression and downward gaze suggest a melancholic mood."
emodb_small/images/6ypnlgwpdwm4cxhzyq.jpg,Embarrassment,Sadness,0.95,"The person is sitting with their head in their hands, a posture often associated with sadness or emotional distress.","LABEL: Sadness
CONFIDENCE: 0.95
REASON: The person is sitting with their head in their hands, a posture often associated with sadness or emotional distress."
mscoco/images/COCO_train2014_000000506735.jpg,Embarrassment,Engagement,0.85,"The person appears focused and attentive, suggesting active engagement with their surroundings.","LABEL: Engagement
CONFIDENCE: 0.85
REASON: The person appears focused and attentive, suggesting active engagement with their surroundings."
emodb_small/images/gssths0kyu8ulve7sg.jpg,Embarrassment,Pain,0.95,"The person is grimacing and holding their head in apparent distress, indicating physical or emotional pain.","LABEL: Pain
CONFIDENCE: 0.95
REASON: The person is grimacing and holding their head in apparent distress, indicating physical or emotional pain."
mscoco/images/COCO_train2014_000000504492.jpg,Embarrassment,Engagement,0.95,"The child is actively participating in a baseball game, focused on catching the ball with a glove.","LABEL: Engagement
CONFIDENCE: 0.95
REASON: The child is actively participating in a baseball game, focused on catching the ball with a glove."
emodb_small/images/ga228xx0ev5bzcwwik.jpg,Embarrassment,Doubt/Confusion,0.95,The man's furrowed brow and hand on his head suggest he is confused or uncertain.,"LABEL: Doubt/Confusion
CONFIDENCE: 0.95
REASON: The man's furrowed brow and hand on his head suggest he is confused or uncertain."
framesdb/images/frame_fhk5svb2ww1s6v9s.jpg,Embarrassment,Fatigue,0.9,The boxer's slumped posture and downward gaze suggest exhaustion after a physically demanding match.,"LABEL: Fatigue
CONFIDENCE: 0.9
REASON: The boxer's slumped posture and downward gaze suggest exhaustion after a physically demanding match."
emodb_small/images/e21mn5q3qdfpnalcek.jpg,Embarrassment,Sadness,0.85,The person's downcast eyes and slightly parted lips convey a sense of melancholy or sadness.,"LABEL: Sadness
CONFIDENCE: 0.85
REASON: The person's downcast eyes and slightly parted lips convey a sense of melancholy or sadness."
mscoco/images/COCO_train2014_000000381377.jpg,Embarrassment,Engagement,0.95,"The man is actively participating in a physical activity, showing focus and involvement.","LABEL: Engagement
CONFIDENCE: 0.95
REASON: The man is actively participating in a physical activity, showing focus and involvement."
emodb_small/images/gsdbbh55557mi0cas4.jpg,Embarrassment,Sadness,0.95,The person's downward gaze and closed eyes suggest sorrow or emotional distress.,"LABEL: Sadness
CONFIDENCE: 0.95
REASON: The person's downward gaze and closed eyes suggest sorrow or emotional distress."
mscoco/images/COCO_train2014_000000084801.jpg,Embarrassment,Engagement,0.95,"The person is actively participating in a physical activity, showing focus and involvement.","LABEL: Engagement
CONFIDENCE: 0.95
REASON: The person is actively participating in a physical activity, showing focus and involvement."
mscoco/images/COCO_train2014_000000419249.jpg,Embarrassment,Disconnection,0.75,"The man appears isolated and focused on his phone, suggesting emotional detachment from his surroundings.","LABEL: Disconnection
CONFIDENCE: 0.75
REASON: The man appears isolated and focused on his phone, suggesting emotional detachment from his surroundings."
framesdb/images/frame_cwyxahgbij3estub.jpg,Embarrassment,Sadness,0.95,"The man is holding his head in his hands, appearing distressed and dejected.","LABEL: Sadness
CONFIDENCE: 0.95
REASON: The man is holding his head in his hands, appearing distressed and dejected."
mscoco/images/COCO_train2014_000000179164.jpg,Yearning,Disconnection,0.75,"The person is turned away, looking out at a scene, suggesting emotional or social detachment.","LABEL: Disconnection
CONFIDENCE: 0.75
REASON: The person is turned away, looking out at a scene, suggesting emotional or social detachment."
mscoco/images/COCO_train2014_000000326320.jpg,Yearning,Engagement,0.85,"The man is actively engaged in a phone conversation while holding a drink, suggesting focused attention and involvement.","LABEL: Engagement
CONFIDENCE: 0.85
REASON: The man is actively engaged in a phone conversation while holding a drink, suggesting focused attention and involvement."
mscoco/images/COCO_train2014_000000233526.jpg,Yearning,Fatigue,0.95,"The person is slouched on a couch with their eyes closed, suggesting tiredness or exhaustion.","LABEL: Fatigue
CONFIDENCE: 0.95
REASON: The person is slouched on a couch with their eyes closed, suggesting tiredness or exhaustion."
mscoco/images/COCO_train2014_000000159225.jpg,Yearning,Engagement,0.95,The rider's focused expression and posture suggest active involvement in the activity.,"LABEL: Engagement
CONFIDENCE: 0.95
REASON: The rider's focused expression and posture suggest active involvement in the activity."
mscoco/images/COCO_train2014_000000385744.jpg,Yearning,Disconnection,0.85,"The woman appears physically present but mentally detached, focused on her phone rather than engaging with her surroundings.","LABEL: Disconnection
CONFIDENCE: 0.85
REASON: The woman appears physically present but mentally detached, focused on her phone rather than engaging with her surroundings."
framesdb/images/frame_hgjcg5y89ooy0gul.jpg,Yearning,Engagement,0.95,"The person is actively preparing their kayak gear, showing focus and involvement in the activity.","LABEL: Engagement
CONFIDENCE: 0.95
REASON: The person is actively preparing their kayak gear, showing focus and involvement in the activity."
mscoco/images/COCO_train2014_000000383452.jpg,Yearning,Excitement,0.95,"The person is dressed in snow gear and holding a snowboard, standing on a snowy mountain with a bright sky, suggesting anticipation and excitement for snowboarding.","LABEL: Excitement
CONFIDENCE: 0.95
REASON: The person is dressed in snow gear and holding a snowboard, standing on a snowy mountain with a bright sky, suggesting anticipation and excitement for snowboarding."
mscoco/images/COCO_train2014_000000392055.jpg,Yearning,Sadness,0.85,The woman's downward gaze and somber expression suggest a sense of sadness or melancholy.,"LABEL: Sadness
CONFIDENCE: 0.85
REASON: The woman's downward gaze and somber expression suggest a sense of sadness or melancholy."
mscoco/images/COCO_train2014_000000258853.jpg,Yearning,Disconnection,0.85,"The person is looking down at their phone with a neutral expression, suggesting detachment from their surroundings.","LABEL: Disconnection
CONFIDENCE: 0.85
REASON: The person is looking down at their phone with a neutral expression, suggesting detachment from their surroundings."
mscoco/images/COCO_train2014_000000258094.jpg,Yearning,Engagement,0.85,"The person is actively observing the aircraft, suggesting interest and involvement in the activity.","LABEL: Engagement
CONFIDENCE: 0.85
REASON: The person is actively observing the aircraft, suggesting interest and involvement in the activity."
mscoco/images/COCO_train2014_000000333684.jpg,Yearning,Sadness,0.85,The person's downward gaze and neutral expression convey a sense of melancholy or sadness.,"LABEL: Sadness
CONFIDENCE: 0.85
REASON: The person's downward gaze and neutral expression convey a sense of melancholy or sadness."
mscoco/images/COCO_train2014_000000350939.jpg,Yearning,Engagement,0.95,"The man is actively participating in an event, holding a rope and wearing appropriate attire, indicating involvement and focus.","LABEL: Engagement
CONFIDENCE: 0.95
REASON: The man is actively participating in an event, holding a rope and wearing appropriate attire, indicating involvement and focus."
mscoco/images/COCO_train2014_000000159768.jpg,Yearning,Disconnection,0.75,"The person appears to be looking down and away, with a neutral expression, suggesting a lack of engagement or emotional connection with their surroundings.","LABEL: Disconnection
CONFIDENCE: 0.75
REASON: The person appears to be looking down and away, with a neutral expression, suggesting a lack of engagement or emotional connection with their surroundings."
mscoco/images/COCO_train2014_000000431400.jpg,Yearning,Confidence,0.85,"The person appears relaxed and self-assured while riding the motorcycle, with a calm posture and confident expression.","LABEL: Confidence
CONFIDENCE: 0.85
REASON: The person appears relaxed and self-assured while riding the motorcycle, with a calm posture and confident expression."
mscoco/images/COCO_train2014_000000516474.jpg,Yearning,Happiness,0.95,"The child is smiling widely while eating, indicating joy and happiness.","LABEL: Happiness
CONFIDENCE: 0.95
REASON: The child is smiling widely while eating, indicating joy and happiness."
mscoco/images/COCO_train2014_000000430205.jpg,Yearning,Peace,0.85,"The person is calmly sitting on the snow, suggesting a peaceful moment in a quiet, snowy environment.","LABEL: Peace
CONFIDENCE: 0.85
REASON: The person is calmly sitting on the snow, suggesting a peaceful moment in a quiet, snowy environment."
mscoco/images/COCO_train2014_000000309873.jpg,Yearning,Disconnection,0.95,"The man and woman are sitting close but not interacting, each absorbed in their own thoughts or devices, showing emotional distance.","LABEL: Disconnection
CONFIDENCE: 0.95
REASON: The man and woman are sitting close but not interacting, each absorbed in their own thoughts or devices, showing emotional distance."
mscoco/images/COCO_train2014_000000403567.jpg,Yearning,Confidence,0.95,"The man's upright posture, direct gaze, and formal attire convey self-assurance and authority.","LABEL: Confidence
CONFIDENCE: 0.95
REASON: The man's upright posture, direct gaze, and formal attire convey self-assurance and authority."
mscoco/images/COCO_train2014_000000298160.jpg,Yearning,Confidence,0.85,The man's upright posture and direct gaze suggest self-assurance.,"LABEL: Confidence
CONFIDENCE: 0.85
REASON: The man's upright posture and direct gaze suggest self-assurance."
mscoco/images/COCO_train2014_000000226350.jpg,Yearning,Happiness,0.85,"The person is smiling and appears relaxed while sitting on a motorcycle, suggesting a positive emotional state.","LABEL: Happiness
CONFIDENCE: 0.85
REASON: The person is smiling and appears relaxed while sitting on a motorcycle, suggesting a positive emotional state."
mscoco/images/COCO_train2014_000000224230.jpg,Yearning,Engagement,0.95,"The person is actively engaged in an outdoor activity, riding a bicycle and looking at the water, suggesting focus and involvement.","LABEL: Engagement
CONFIDENCE: 0.95
REASON: The person is actively engaged in an outdoor activity, riding a bicycle and looking at the water, suggesting focus and involvement."
mscoco/images/COCO_train2014_000000331278.jpg,Yearning,Peace,0.85,"The man appears relaxed and comfortable, lying down with his eyes closed in a calm setting.","LABEL: Peace
CONFIDENCE: 0.85
REASON: The man appears relaxed and comfortable, lying down with his eyes closed in a calm setting."
mscoco/images/COCO_train2014_000000399922.jpg,Yearning,Engagement,0.85,"The person appears actively engaged in an outdoor activity, possibly shopping or navigating a market, as suggested by their posture and interaction with the environment.","LABEL: Engagement
CONFIDENCE: 0.85
REASON: The person appears actively engaged in an outdoor activity, possibly shopping or navigating a market, as suggested by their posture and interaction with the environment."
mscoco/images/COCO_train2014_000000160152.jpg,Yearning,Disconnection,0.85,"The man's posture, with his back turned and hands clasped behind his back, suggests he is disengaged from the surrounding activity.","LABEL: Disconnection
CONFIDENCE: 0.85
REASON: The man's posture, with his back turned and hands clasped behind his back, suggests he is disengaged from the surrounding activity."
emodb_small/images/3wj2x6ifpqruktlzo3.jpg,Yearning,Sadness,0.95,"The woman's downward gaze, slumped posture, and hand on her face convey a sense of melancholy or sadness.","LABEL: Sadness
CONFIDENCE: 0.95
REASON: The woman's downward gaze, slumped posture, and hand on her face convey a sense of melancholy or sadness."
mscoco/images/COCO_train2014_000000225508.jpg,Yearning,Engagement,0.95,"The woman is focused on her phone, indicating active engagement with the device.","LABEL: Engagement
CONFIDENCE: 0.95
REASON: The woman is focused on her phone, indicating active engagement with the device."
mscoco/images/COCO_train2014_000000127073.jpg,Yearning,Peace,0.85,"The person appears calm and relaxed, sitting peacefully in a natural setting with a serene expression.","LABEL: Peace
CONFIDENCE: 0.85
REASON: The person appears calm and relaxed, sitting peacefully in a natural setting with a serene expression."
mscoco/images/COCO_train2014_000000184201.jpg,Yearning,Peace,0.85,"The person appears calm and still, with a serene posture and natural surroundings, suggesting a peaceful moment.","LABEL: Peace
CONFIDENCE: 0.85
REASON: The person appears calm and still, with a serene posture and natural surroundings, suggesting a peaceful moment."
mscoco/images/COCO_train2014_000000369478.jpg,Yearning,Engagement,0.95,"The man is focused and actively working on a task, indicating engagement.","LABEL: Engagement
CONFIDENCE: 0.95
REASON: The man is focused and actively working on a task, indicating engagement."
mscoco/images/COCO_train2014_000000332913.jpg,Yearning,Engagement,0.95,"The woman appears focused and actively involved in a task, suggesting engagement.","LABEL: Engagement
CONFIDENCE: 0.95
REASON: The woman appears focused and actively involved in a task, suggesting engagement."
mscoco/images/COCO_train2014_000000321291.jpg,Yearning,Engagement,0.95,"The person is focused and actively working on a task, showing concentration and involvement.","LABEL: Engagement
CONFIDENCE: 0.95
REASON: The person is focused and actively working on a task, showing concentration and involvement."
mscoco/images/COCO_train2014_000000254562.jpg,Yearning,Peace,0.85,"The person appears calm and contemplative, standing still by the water with a relaxed posture.","LABEL: Peace
CONFIDENCE: 0.85
REASON: The person appears calm and contemplative, standing still by the water with a relaxed posture."
mscoco/images/COCO_train2014_000000220790.jpg,Yearning,Peace,0.85,"The person appears calm and composed, with a relaxed posture and neutral expression, suggesting a state of inner peace.","LABEL: Peace
CONFIDENCE: 0.85
REASON: The person appears calm and composed, with a relaxed posture and neutral expression, suggesting a state of inner peace."
mscoco/images/COCO_train2014_000000268428.jpg,Yearning,Disconnection,0.75,"The person appears isolated and detached from the surrounding crowd, with a neutral expression and body language suggesting disengagement.","LABEL: Disconnection
CONFIDENCE: 0.75
REASON: The person appears isolated and detached from the surrounding crowd, with a neutral expression and body language suggesting disengagement."
mscoco/images/COCO_train2014_000000292351.jpg,Yearning,Disconnection,0.75,"The person is standing apart from others, focused on their phone, suggesting emotional or social detachment.","LABEL: Disconnection
CONFIDENCE: 0.75
REASON: The person is standing apart from others, focused on their phone, suggesting emotional or social detachment."
emodb_small/images/d85m8vhgppaj2t6i68.jpg,Yearning,Excitement,0.95,The boy's wide eyes and focused expression suggest anticipation and excitement while eating the cookie.,"LABEL: Excitement
CONFIDENCE: 0.95
REASON: The boy's wide eyes and focused expression suggest anticipation and excitement while eating the cookie."
emodb_small/images/d85m8vhgppaj2t6i68.jpg,Yearning,Engagement,0.95,The child's focused gaze and attentive posture suggest active engagement with something out of frame.,"LABEL: Engagement
CONFIDENCE: 0.95
REASON: The child's focused gaze and attentive posture suggest active engagement with something out of frame."
mscoco/images/COCO_train2014_000000337882.jpg,Yearning,Disconnection,0.75,"The person is seen from behind, facing away from the camera and seemingly disengaged from the surrounding interaction.","LABEL: Disconnection
CONFIDENCE: 0.75
REASON: The person is seen from behind, facing away from the camera and seemingly disengaged from the surrounding interaction."
emodb_small/images/gs84txnh5el02zkbp9.jpg,Disapproval,Disapproval,0.95,The man's stern expression and crossed arms convey a strong sense of disapproval.,"LABEL: Disapproval
CONFIDENCE: 0.95
REASON: The man's stern expression and crossed arms convey a strong sense of disapproval."
emodb_small/images/6h85d8d0rrvntefpkq.jpg,Disapproval,Fatigue,0.95,"The man appears tired, with his hand on his forehead and a weary expression while holding a coffee cup.","LABEL: Fatigue
CONFIDENCE: 0.95
REASON: The man appears tired, with his hand on his forehead and a weary expression while holding a coffee cup."
emodb_small/images/gfyoe3zypsw0svkvot.jpg,Disapproval,Anger,0.95,"The child's furrowed brow, narrowed eyes, and crossed arms convey a strong expression of anger.","LABEL: Anger
CONFIDENCE: 0.95
REASON: The child's furrowed brow, narrowed eyes, and crossed arms convey a strong expression of anger."
framesdb/images/frame_74lkcx21hyahy01y.jpg,Disapproval,Engagement,0.85,The referee's focused posture and raised arm suggest active involvement in the game.,"LABEL: Engagement
CONFIDENCE: 0.85
REASON: The referee's focused posture and raised arm suggest active involvement in the game."
mscoco/images/COCO_train2014_000000419391.jpg,Disapproval,Sadness,0.85,The woman's downcast eyes and neutral expression convey a sense of melancholy or sadness.,"LABEL: Sadness
CONFIDENCE: 0.85
REASON: The woman's downcast eyes and neutral expression convey a sense of melancholy or sadness."
emodb_small/images/bt2t3ffx032msr1kac.jpg,Disapproval,Disapproval,0.95,The man's stern expression and downward-pointing thumb gesture clearly indicate disapproval.,"LABEL: Disapproval
CONFIDENCE: 0.95
REASON: The man's stern expression and downward-pointing thumb gesture clearly indicate disapproval."
framesdb/images/frame_lcs8pku339ipaanw.jpg,Disapproval,Pain,0.95,"The person is holding their head with both hands, eyes closed, and face contorted in discomfort, indicating physical or emotional pain.","LABEL: Pain
CONFIDENCE: 0.95
REASON: The person is holding their head with both hands, eyes closed, and face contorted in discomfort, indicating physical or emotional pain."
ade20k/images/sun_atvptssfhfcmrtub.jpg,Disapproval,Disconnection,0.85,"The person appears isolated and detached, with a neutral expression and closed body language, suggesting emotional disengagement from their surroundings.","LABEL: Disconnection
CONFIDENCE: 0.85
REASON: The person appears isolated and detached, with a neutral expression and closed body language, suggesting emotional disengagement from their surroundings."
framesdb/images/frame_5yw3n4e7oif2n5io.jpg,Disapproval,Engagement,0.85,"The person is actively holding and looking at a device, suggesting focus and involvement in an activity.","LABEL: Engagement
CONFIDENCE: 0.85
REASON: The person is actively holding and looking at a device, suggesting focus and involvement in an activity."
mscoco/images/COCO_val2014_000000061175.jpg,Disapproval,Engagement,0.85,"The player is focused and standing in a ready stance, indicating engagement in the game.","LABEL: Engagement
CONFIDENCE: 0.85
REASON: The player is focused and standing in a ready stance, indicating engagement in the game."
mscoco/images/COCO_train2014_000000127339.jpg,Disapproval,Happiness,0.95,The child is smiling widely and appears joyful while eating a snack.,"LABEL: Happiness
CONFIDENCE: 0.95
REASON: The child is smiling widely and appears joyful while eating a snack."
mscoco/images/COCO_train2014_000000460095.jpg,Disapproval,Engagement,0.95,"The man is focused on his phone, suggesting active involvement or engagement with the device.","LABEL: Engagement
CONFIDENCE: 0.95
REASON: The man is focused on his phone, suggesting active involvement or engagement with the device."
framesdb/images/frame_59d8sov4rs6g2xp4.jpg,Disapproval,Disconnection,0.75,"The person appears isolated and detached, with a focus on objects rather than interaction, suggesting emotional disconnection.","LABEL: Disconnection
CONFIDENCE: 0.75
REASON: The person appears isolated and detached, with a focus on objects rather than interaction, suggesting emotional disconnection."
emodb_small/images/cl5sn4ab7c511e353h.jpg,Disapproval,Annoyance,0.9,"The girl's facial expression, with furrowed brows and a tongue sticking out, conveys a playful but clearly annoyed or defiant attitude.","LABEL: Annoyance
CONFIDENCE: 0.9
REASON: The girl's facial expression, with furrowed brows and a tongue sticking out, conveys a playful but clearly annoyed or defiant attitude."
emodb_small/images/cogxwvj6pdb8surbrg.jpg,Disapproval,Pain,0.95,"The person's facial expression, with tightly closed eyes and a contorted face, indicates intense physical or emotional pain.","LABEL: Pain
CONFIDENCE: 0.95
REASON: The person's facial expression, with tightly closed eyes and a contorted face, indicates intense physical or emotional pain."
emodb_small/images/eyd27i8afqr4hfed0w.jpg,Disapproval,Fear,0.85,The person's wide eyes and tense expression suggest fear or alarm.,"LABEL: Fear
CONFIDENCE: 0.85
REASON: The person's wide eyes and tense expression suggest fear or alarm."
emodb_small/images/gtsc9876oqghvxobog.jpg,Disapproval,Surprise,0.95,The person's wide eyes and open mouth indicate a strong reaction of surprise.,"LABEL: Surprise
CONFIDENCE: 0.95
REASON: The person's wide eyes and open mouth indicate a strong reaction of surprise."
emodb_small/images/f1k0purilsyt1kz7c1.jpg,Disapproval,Sadness,0.95,"The person is visibly crying with a distressed expression, indicating deep sadness.","LABEL: Sadness
CONFIDENCE: 0.95
REASON: The person is visibly crying with a distressed expression, indicating deep sadness."
mscoco/images/COCO_train2014_000000024939.jpg,Disapproval,Engagement,0.95,"The person is actively engaged in playing a video game, focused and moving with intent.","LABEL: Engagement
CONFIDENCE: 0.95
REASON: The person is actively engaged in playing a video game, focused and moving with intent."
mscoco/images/COCO_train2014_000000114326.jpg,Disapproval,Disapproval,0.95,"The child's facial expression shows clear displeasure, with narrowed eyes and a grimace, indicating disapproval of the situation.","LABEL: Disapproval
CONFIDENCE: 0.95
REASON: The child's facial expression shows clear displeasure, with narrowed eyes and a grimace, indicating disapproval of the situation."
framesdb/images/frame_l6modb9jnif0xn55.jpg,Disapproval,Sadness,0.65,The man's downturned mouth and somber expression suggest sadness.,"LABEL: Sadness
CONFIDENCE: 0.65
REASON: The man's downturned mouth and somber expression suggest sadness."
emodb_small/images/gr0n9z2if2cr0v5rch.jpg,Disapproval,Anger,0.95,"The person's facial expression, with furrowed brows, narrowed eyes, and bared teeth, strongly indicates anger.","LABEL: Anger
CONFIDENCE: 0.95
REASON: The person's facial expression, with furrowed brows, narrowed eyes, and bared teeth, strongly indicates anger."
emodb_small/images/csi7rxvd0jef22jdm8.jpg,Disapproval,Disapproval,0.85,The person's stern expression and pursed lips suggest disapproval.,"LABEL: Disapproval
CONFIDENCE: 0.85
REASON: The person's stern expression and pursed lips suggest disapproval."
mscoco/images/COCO_train2014_000000116210.jpg,Disapproval,Anger,0.95,"The person is screaming with an intense facial expression and tense body language, indicating anger.","LABEL: Anger
CONFIDENCE: 0.95
REASON: The person is screaming with an intense facial expression and tense body language, indicating anger."
framesdb/images/frame_6d26bxsf1nhujj90.jpg,Disapproval,Engagement,0.95,"The woman is focused and attentive, suggesting she is engaged in the activity.","LABEL: Engagement
CONFIDENCE: 0.95
REASON: The woman is focused and attentive, suggesting she is engaged in the activity."
mscoco/images/COCO_train2014_000000261541.jpg,Disapproval,Disconnection,0.95,"The person is seated apart from others, looking away with a neutral expression, suggesting emotional or social detachment.","LABEL: Disconnection
CONFIDENCE: 0.95
REASON: The person is seated apart from others, looking away with a neutral expression, suggesting emotional or social detachment."
emodb_small/images/9t80q48ur4oculxto4.jpg,Disapproval,Sadness,0.95,"The person is sitting with their head down, hands on their head, and a sorrowful expression, indicating sadness.","LABEL: Sadness
CONFIDENCE: 0.95
REASON: The person is sitting with their head down, hands on their head, and a sorrowful expression, indicating sadness."
framesdb/images/frame_dtvdd4wtgpvcro5i.jpg,Disapproval,Fatigue,0.95,The man's tired expression and posture suggest he is feeling fatigued.,"LABEL: Fatigue
CONFIDENCE: 0.95
REASON: The man's tired expression and posture suggest he is feeling fatigued."
emodb_small/images/avimupn5tfrqqw9mgv.jpg,Disapproval,Anger,0.95,"The person's furrowed brow, narrowed eyes, and tense mouth convey clear anger.","LABEL: Anger
CONFIDENCE: 0.95
REASON: The person's furrowed brow, narrowed eyes, and tense mouth convey clear anger."
mscoco/images/COCO_train2014_000000011801.jpg,Disapproval,Confidence,0.85,"The child stands upright with a medal, suggesting pride and self-assurance.","LABEL: Confidence
CONFIDENCE: 0.85
REASON: The child stands upright with a medal, suggesting pride and self-assurance."
emodb_small/images/g0mrubg1xve67hngnq.jpg,Disapproval,Disapproval,0.95,The person's facial expression and hand gesture suggest they are expressing disagreement or disapproval.,"LABEL: Disapproval
CONFIDENCE: 0.95
REASON: The person's facial expression and hand gesture suggest they are expressing disagreement or disapproval."
emodb_small/images/gf1hzzo5a6sefs7cjo.jpg,Disapproval,Annoyance,0.95,"The woman's squinted eyes and frustrated expression, combined with her hand gesture, suggest irritation or annoyance.","LABEL: Annoyance
CONFIDENCE: 0.95
REASON: The woman's squinted eyes and frustrated expression, combined with her hand gesture, suggest irritation or annoyance."
framesdb/images/frame_g2m7m29qa583iyrw.jpg,Disapproval,Excitement,0.95,The players' intense expressions and dynamic body language suggest high energy and enthusiasm typical of a thrilling moment in a soccer match.,"LABEL: Excitement
CONFIDENCE: 0.95
REASON: The players' intense expressions and dynamic body language suggest high energy and enthusiasm typical of a thrilling moment in a soccer match."
framesdb/images/frame_fujao5vwetu3plpx.jpg,Disapproval,Disapproval,0.95,"The man's crossed arms, furrowed brow, and disengaged expression suggest he is displeased or critical of what he is observing.","LABEL: Disapproval
CONFIDENCE: 0.95
REASON: The man's crossed arms, furrowed brow, and disengaged expression suggest he is displeased or critical of what he is observing."
emodb_small/images/fzvmccnhhau1ov7qhd.jpg,Disapproval,Anger,0.95,"The child's furrowed brow, narrowed eyes, and tense facial muscles strongly indicate anger.","LABEL: Anger
CONFIDENCE: 0.95
REASON: The child's furrowed brow, narrowed eyes, and tense facial muscles strongly indicate anger."
emodb_small/images/gsdbbh55557mi0cas4.jpg,Disapproval,Anger,0.95,The person's facial expression and hand gestures indicate intense frustration or anger.,"LABEL: Anger
CONFIDENCE: 0.95
REASON: The person's facial expression and hand gestures indicate intense frustration or anger."
mscoco/images/COCO_train2014_000000171729.jpg,Aversion,Happiness,0.95,The person is smiling widely and appears relaxed and joyful in a playful pose.,"LABEL: Happiness
CONFIDENCE: 0.95
REASON: The person is smiling widely and appears relaxed and joyful in a playful pose."
emodb_small/images/eh6fo5xazcnas1fxvw.jpg,Aversion,Sadness,0.95,"The girl's facial expression, with tears and a downturned mouth, clearly indicates sadness.","LABEL: Sadness
CONFIDENCE: 0.95
REASON: The girl's facial expression, with tears and a downturned mouth, clearly indicates sadness."
framesdb/images/frame_ljbegaqddjfg1rwb.jpg,Aversion,Sadness,0.75,The person's downward gaze and slouched posture suggest a melancholic mood.,"LABEL: Sadness
CONFIDENCE: 0.75
REASON: The person's downward gaze and slouched posture suggest a melancholic mood."
emodb_small/images/d7gmvr6bmurwcfacvk.jpg,Aversion,Disconnection,0.85,"The woman in the foreground appears emotionally distant and unengaged, while the other woman is smiling and interacting with her phone, suggesting a lack of connection between them.","LABEL: Disconnection
CONFIDENCE: 0.85
REASON: The woman in the foreground appears emotionally distant and unengaged, while the other woman is smiling and interacting with her phone, suggesting a lack of connection between them."
mscoco/images/COCO_train2014_000000050274.jpg,Aversion,Excitement,0.95,"The boy holding the frisbee has an animated expression and posture, suggesting enthusiasm and excitement for playing.","LABEL: Excitement
CONFIDENCE: 0.95
REASON: The boy holding the frisbee has an animated expression and posture, suggesting enthusiasm and excitement for playing."
mscoco/images/COCO_val2014_000000575921.jpg,Aversion,Disapproval,0.85,The man's furrowed brow and stern expression suggest he is displeased or critical during the phone conversation.,"LABEL: Disapproval
CONFIDENCE: 0.85
REASON: The man's furrowed brow and stern expression suggest he is displeased or critical during the phone conversation."
emodb_small/images/eyd27i8afqr4hfed0w.jpg,Aversion,Anger,0.95,"The person's facial expression, with an open mouth and tense features, strongly conveys anger.","LABEL: Anger
CONFIDENCE: 0.95
REASON: The person's facial expression, with an open mouth and tense features, strongly conveys anger."
framesdb/images/frame_ltqxqx3ws4i7v779.jpg,Aversion,Fatigue,0.95,"The man's strained expression, sweat-soaked shirt, and heavy load suggest extreme physical exhaustion.","LABEL: Fatigue
CONFIDENCE: 0.95
REASON: The man's strained expression, sweat-soaked shirt, and heavy load suggest extreme physical exhaustion."
emodb_small/images/gmpjvx38elyg0cye0d.jpg,Aversion,Anger,0.95,"The person's facial expression, clenched fists, and tense posture strongly convey anger.","LABEL: Anger
CONFIDENCE: 0.95
REASON: The person's facial expression, clenched fists, and tense posture strongly convey anger."
emodb_small/images/cra80zwyyunnl2d281.jpg,Aversion,Surprise,0.95,"The person's wide eyes and open mouth suggest a sudden, unexpected reaction.","LABEL: Surprise
CONFIDENCE: 0.95
REASON: The person's wide eyes and open mouth suggest a sudden, unexpected reaction."
mscoco/images/COCO_train2014_000000126356.jpg,Aversion,Engagement,0.85,"The officer is actively observing the surroundings with a focused posture, indicating engagement in their duties.","LABEL: Engagement
CONFIDENCE: 0.85
REASON: The officer is actively observing the surroundings with a focused posture, indicating engagement in their duties."
emodb_small/images/fdeaetzik3g6nc3p82.jpg,Aversion,Fear,0.95,"The person appears to be in a threatening situation, with a masked figure holding them tightly, evoking fear.","LABEL: Fear
CONFIDENCE: 0.95
REASON: The person appears to be in a threatening situation, with a masked figure holding them tightly, evoking fear."
emodb_small/images/fzrt5bqlrcjap7ahqp.jpg,Aversion,Disapproval,0.95,"The boy's furrowed brow, narrowed eyes, and crossed arms convey a clear expression of disapproval.","LABEL: Disapproval
CONFIDENCE: 0.95
REASON: The boy's furrowed brow, narrowed eyes, and crossed arms convey a clear expression of disapproval."
emodb_small/images/e21tabvvmz4ngj0vol.jpg,Aversion,Sadness,0.95,"The person is crying with hands over their face, indicating deep sorrow.","LABEL: Sadness
CONFIDENCE: 0.95
REASON: The person is crying with hands over their face, indicating deep sorrow."
framesdb/images/frame_30ikw9t15c2xc0mh.jpg,Aversion,Peace,0.95,The woman's calm expression and relaxed posture convey a sense of inner tranquility.,"LABEL: Peace
CONFIDENCE: 0.95
REASON: The woman's calm expression and relaxed posture convey a sense of inner tranquility."
emodb_small/images/gf1hzzo5a6sefs7cjo.jpg,Aversion,Pain,0.95,The woman's wide-open mouth and strained facial expression suggest she is experiencing intense physical or emotional pain.,"LABEL: Pain
CONFIDENCE: 0.95
REASON: The woman's wide-open mouth and strained facial expression suggest she is experiencing intense physical or emotional pain."
emodb_small/images/fl8ljzsyeha72tbjky.jpg,Aversion,Anger,0.95,"The person's facial expression, with a wide-open mouth and tense features, strongly indicates anger.","LABEL: Anger
CONFIDENCE: 0.95
REASON: The person's facial expression, with a wide-open mouth and tense features, strongly indicates anger."
mscoco/images/COCO_train2014_000000532457.jpg,Aversion,Disapproval,0.95,The man's intense expression and the protest sign indicate strong disapproval of the subject being demonstrated against.,"LABEL: Disapproval
CONFIDENCE: 0.95
REASON: The man's intense expression and the protest sign indicate strong disapproval of the subject being demonstrated against."
mscoco/images/COCO_train2014_000000032829.jpg,Aversion,Happiness,0.85,"The person is smiling and appears relaxed, suggesting a positive emotional state.","LABEL: Happiness
CONFIDENCE: 0.85
REASON: The person is smiling and appears relaxed, suggesting a positive emotional state."
framesdb/images/frame_32y0gudn65d2bh73.jpg,Aversion,Engagement,0.95,"The person is actively engaged in a phone conversation, indicated by holding the phone to their ear and focused expression.","LABEL: Engagement
CONFIDENCE: 0.95
REASON: The person is actively engaged in a phone conversation, indicated by holding the phone to their ear and focused expression."
emodb_small/images/g43dpf7iroibvwtjit.jpg,Aversion,Anger,0.95,"The person's furrowed brow, narrowed eyes, and tense facial muscles strongly convey anger.","LABEL: Anger
CONFIDENCE: 0.95
REASON: The person's furrowed brow, narrowed eyes, and tense facial muscles strongly convey anger."
mscoco/images/COCO_train2014_000000402083.jpg,Aversion,Engagement,0.95,The person is actively gesturing and appears to be engaged in a conversation.,"LABEL: Engagement
CONFIDENCE: 0.95
REASON: The person is actively gesturing and appears to be engaged in a conversation."
emodb_small/images/d15eucuofmneliy6bh.jpg,Aversion,Confidence,0.95,"The person is vomiting, which is a strong indicator of disgust.","LABEL: Disgust
CONFIDENCE: 0.95
REASON: The person is vomiting, which is a strong indicator of disgust."
framesdb/images/frame_8h6ethm0i6kfifjf.jpg,Aversion,Engagement,0.85,"The person appears focused and actively involved in a task, suggesting engagement.","LABEL: Engagement
CONFIDENCE: 0.85
REASON: The person appears focused and actively involved in a task, suggesting engagement."
emodb_small/images/g6ic2rihk9g63m51h7.jpg,Aversion,Disconnection,0.75,"The child appears to be looking away from others, suggesting a lack of engagement or connection with the surrounding environment.","LABEL: Disconnection
CONFIDENCE: 0.75
REASON: The child appears to be looking away from others, suggesting a lack of engagement or connection with the surrounding environment."
emodb_small/images/3eaojdwymok8ol28m2.jpg,Aversion,Disconnection,0.75,"The man appears isolated and detached, with a distant gaze and neutral posture, suggesting emotional disconnection from his surroundings.","LABEL: Disconnection
CONFIDENCE: 0.75
REASON: The man appears isolated and detached, with a distant gaze and neutral posture, suggesting emotional disconnection from his surroundings."
emodb_small/images/ctvx2pmqvdocr6c228.jpg,Aversion,Disapproval,0.95,"The person's facial expression, with narrowed eyes and a downturned mouth, strongly indicates disapproval.","LABEL: Disapproval
CONFIDENCE: 0.95
REASON: The person's facial expression, with narrowed eyes and a downturned mouth, strongly indicates disapproval."
mscoco/images/COCO_train2014_000000189491.jpg,Aversion,Excitement,0.95,The player's intense expression and dynamic pose suggest high energy and excitement during the match.,"LABEL: Excitement
CONFIDENCE: 0.95
REASON: The player's intense expression and dynamic pose suggest high energy and excitement during the match."
mscoco/images/COCO_train2014_000000327338.jpg,Aversion,Disconnection,0.85,The woman's averted gaze and closed body language suggest emotional distance from her surroundings.,"LABEL: Disconnection
CONFIDENCE: 0.85
REASON: The woman's averted gaze and closed body language suggest emotional distance from her surroundings."
emodb_small/images/bukcaslufs4nfqrt66.jpg,Aversion,Disapproval,0.95,The woman's stern expression and pointing finger convey clear disapproval.,"LABEL: Disapproval
CONFIDENCE: 0.95
REASON: The woman's stern expression and pointing finger convey clear disapproval."
mscoco/images/COCO_train2014_000000000326.jpg,Aversion,Engagement,0.95,The man's focused gaze and deliberate handling of the wine glass suggest active engagement in the act of tasting or evaluating the wine.,"LABEL: Engagement
CONFIDENCE: 0.95
REASON: The man's focused gaze and deliberate handling of the wine glass suggest active engagement in the act of tasting or evaluating the wine."
framesdb/images/frame_gsfqvymchkcr2mle.jpg,Aversion,Affection,0.95,"The woman is gently adjusting the child's clothing, showing care and tenderness.","LABEL: Affection
CONFIDENCE: 0.95
REASON: The woman is gently adjusting the child's clothing, showing care and tenderness."
framesdb/images/frame_5sdd0eev2iyqefto.jpg,Aversion,Engagement,0.85,"The individual appears focused and actively participating in the scene, suggesting engagement.","LABEL: Engagement
CONFIDENCE: 0.85
REASON: The individual appears focused and actively participating in the scene, suggesting engagement."
mscoco/images/COCO_train2014_000000340292.jpg,Aversion,Engagement,0.85,"The man appears to be actively engaged in a conversation, with his mouth open as if speaking and his gaze directed toward someone off-camera.","LABEL: Engagement
CONFIDENCE: 0.85
REASON: The man appears to be actively engaged in a conversation, with his mouth open as if speaking and his gaze directed toward someone off-camera."
mscoco/images/COCO_train2014_000000489827.jpg,Aversion,Happiness,0.95,The girl is smiling and appears to be enjoying her pizza.,"LABEL: Happiness
CONFIDENCE: 0.95
REASON: The girl is smiling and appears to be enjoying her pizza."
mscoco/images/COCO_train2014_000000332544.jpg,Aversion,Disconnection,0.65,"The person appears isolated and detached, with a blurred and indistinct environment suggesting emotional or physical separation.","LABEL: Disconnection
CONFIDENCE: 0.65
REASON: The person appears isolated and detached, with a blurred and indistinct environment suggesting emotional or physical separation."
emodb_small/images/etm3bw4d2bbe1eo8pl.jpg,Aversion,Excitement,0.95,"The man's open mouth and raised hand suggest enthusiastic participation, likely in a celebratory or energetic event.","LABEL: Excitement
CONFIDENCE: 0.95
REASON: The man's open mouth and raised hand suggest enthusiastic participation, likely in a celebratory or energetic event."
framesdb/images/frame_erwzk3npaleubsqm.jpg,Annoyance,Disconnection,0.85,"The person appears isolated and detached, with a neutral expression and body language that suggests disengagement from the surrounding environment.","LABEL: Disconnection
CONFIDENCE: 0.85
REASON: The person appears isolated and detached, with a neutral expression and body language that suggests disengagement from the surrounding environment."
emodb_small/images/h705hnfsvdwf6mh2xw.jpg,Annoyance,Anger,0.95,"The individuals are engaged in a physical altercation with aggressive expressions and gestures, indicating anger.","LABEL: Anger
CONFIDENCE: 0.95
REASON: The individuals are engaged in a physical altercation with aggressive expressions and gestures, indicating anger."
mscoco/images/COCO_train2014_000000510594.jpg,Annoyance,Confidence,0.9,The man's upright posture and calm expression suggest self-assurance.,"LABEL: Confidence
CONFIDENCE: 0.9
REASON: The man's upright posture and calm expression suggest self-assurance."
emodb_small/images/fa5r3o08nkixvkvo74.jpg,Annoyance,Fear,0.95,"The person's wide eyes, open mouth, and tense facial expression strongly convey a state of intense fear.","LABEL: Fear
CONFIDENCE: 0.95
REASON: The person's wide eyes, open mouth, and tense facial expression strongly convey a state of intense fear."
mscoco/images/COCO_train2014_000000054173.jpg,Annoyance,Engagement,0.95,"The tennis player is focused and actively moving, indicating engagement in the game.","LABEL: Engagement
CONFIDENCE: 0.95
REASON: The tennis player is focused and actively moving, indicating engagement in the game."
emodb_small/images/fkl4w4mjuvmk0vhorj.jpg,Annoyance,Anger,0.95,"The man's facial expression and body language, including his open mouth and pointing finger, strongly convey anger.","LABEL: Anger
CONFIDENCE: 0.95
REASON: The man's facial expression and body language, including his open mouth and pointing finger, strongly convey anger."
mscoco/images/COCO_train2014_000000179504.jpg,Annoyance,Disconnection,0.95,"The man's intense focus on the phone call, combined with his isolated posture and lack of engagement with his surroundings, suggests a sense of disconnection from those around him.","LABEL: Disconnection
CONFIDENCE: 0.95
REASON: The man's intense focus on the phone call, combined with his isolated posture and lack of engagement with his surroundings, suggests a sense of disconnection from those around him."
ade20k/images/sun_atvptssfhfcmrtub.jpg,Annoyance,Disconnection,0.85,"The person appears distant and detached, with a neutral expression and lack of engagement with their surroundings.","LABEL: Disconnection
CONFIDENCE: 0.85
REASON: The person appears distant and detached, with a neutral expression and lack of engagement with their surroundings."
emodb_small/images/8trv21y6vlghpsvsqw.jpg,Annoyance,Pain,0.95,"The man is holding his head with a pained expression, indicating physical or emotional pain.","LABEL: Pain
CONFIDENCE: 0.95
REASON: The man is holding his head with a pained expression, indicating physical or emotional pain."
framesdb/images/frame_00czuq3vnu5xvmr4.jpg,Annoyance,Engagement,0.95,"The man is actively speaking and gesturing, indicating involvement in a discussion or presentation.","LABEL: Engagement
CONFIDENCE: 0.95
REASON: The man is actively speaking and gesturing, indicating involvement in a discussion or presentation."
framesdb/images/frame_dk3kihbe49vq2jdg.jpg,Annoyance,Engagement,0.95,"The person in the mask is actively interacting with the car, suggesting engagement in a performance or event.","LABEL: Engagement
CONFIDENCE: 0.95
REASON: The person in the mask is actively interacting with the car, suggesting engagement in a performance or event."
mscoco/images/COCO_train2014_000000211071.jpg,Annoyance,Engagement,0.95,"The man is focused and actively participating in a beach activity, showing clear engagement.","LABEL: Engagement
CONFIDENCE: 0.95
REASON: The man is focused and actively participating in a beach activity, showing clear engagement."
emodb_small/images/g60siq9z3hzyu7zb3o.jpg,Annoyance,Anger,0.95,"The man's furrowed brow, narrowed eyes, and tense facial expression, combined with his pointing gesture, strongly convey anger.","LABEL: Anger
CONFIDENCE: 0.95
REASON: The man's furrowed brow, narrowed eyes, and tense facial expression, combined with his pointing gesture, strongly convey anger."
mscoco/images/COCO_train2014_000000394766.jpg,Annoyance,Engagement,0.95,"The man is actively using a laptop and gesturing, indicating involvement in a task or conversation.","LABEL: Engagement
CONFIDENCE: 0.95
REASON: The man is actively using a laptop and gesturing, indicating involvement in a task or conversation."
emodb_small/images/gdli6adbasjcw7uvim.jpg,Annoyance,Anger,0.95,"The man is leaning aggressively, with a tense expression and gesturing hands, indicating anger.","LABEL: Anger
CONFIDENCE: 0.95
REASON: The man is leaning aggressively, with a tense expression and gesturing hands, indicating anger."
mscoco/images/COCO_val2014_000000187852.jpg,Annoyance,Disconnection,0.7,"The person is seen from behind, facing away from the camera, suggesting a lack of engagement or connection with the viewer.","LABEL: Disconnection
CONFIDENCE: 0.7
REASON: The person is seen from behind, facing away from the camera, suggesting a lack of engagement or connection with the viewer."
mscoco/images/COCO_train2014_000000453686.jpg,Annoyance,Disconnection,0.85,The man's crossed arms and distant gaze suggest emotional detachment from the people around him.,"LABEL: Disconnection
CONFIDENCE: 0.85
REASON: The man's crossed arms and distant gaze suggest emotional detachment from the people around him."
emodb_small/images/fxsau4v0k656gnk6k0.jpg,Annoyance,Pain,0.95,"The person is showing a facial expression of intense discomfort and distress, with clenched teeth and hands gripping their head, indicating physical or emotional pain.","LABEL: Pain
CONFIDENCE: 0.95
REASON: The person is showing a facial expression of intense discomfort and distress, with clenched teeth and hands gripping their head, indicating physical or emotional pain."
framesdb/images/frame_l9h5xrw2hjq6eato.jpg,Annoyance,Confidence,0.95,"The man's upright posture, direct gaze, and composed expression convey self-assurance.","LABEL: Confidence
CONFIDENCE: 0.95
REASON: The man's upright posture, direct gaze, and composed expression convey self-assurance."
mscoco/images/COCO_train2014_000000530745.jpg,Annoyance,Happiness,0.95,The person is smiling and appears relaxed while sitting on the court.,"LABEL: Happiness
CONFIDENCE: 0.95
REASON: The person is smiling and appears relaxed while sitting on the court."
framesdb/images/frame_j0s89681xd0y9c22.jpg,Annoyance,Sadness,0.95,"The man's posture, with his head resting on his hand and a somber expression, suggests deep sadness or emotional distress.","LABEL: Sadness
CONFIDENCE: 0.95
REASON: The man's posture, with his head resting on his hand and a somber expression, suggests deep sadness or emotional distress."
framesdb/images/frame_cdiw8wrcis87vk42.jpg,Annoyance,Engagement,0.95,"The person is actively driving and appears focused on the road, indicating engagement with the task.","LABEL: Engagement
CONFIDENCE: 0.95
REASON: The person is actively driving and appears focused on the road, indicating engagement with the task."
mscoco/images/COCO_train2014_000000351890.jpg,Annoyance,Disconnection,0.75,"The man appears isolated and detached from the surrounding social interaction, with a neutral expression and lack of engagement.","LABEL: Disconnection
CONFIDENCE: 0.75
REASON: The man appears isolated and detached from the surrounding social interaction, with a neutral expression and lack of engagement."
mscoco/images/COCO_train2014_000000039911.jpg,Annoyance,Engagement,0.95,The player's focused posture and readiness to field indicate active engagement in the game.,"LABEL: Engagement
CONFIDENCE: 0.95
REASON: The player's focused posture and readiness to field indicate active engagement in the game."
mscoco/images/COCO_train2014_000000250295.jpg,Annoyance,Engagement,0.95,"The person is actively raising their hand, possibly interacting with the elephant or guiding it, indicating engagement in an activity.","LABEL: Engagement
CONFIDENCE: 0.95
REASON: The person is actively raising their hand, possibly interacting with the elephant or guiding it, indicating engagement in an activity."
emodb_small/images/dyw69dfugp42oekh3p.jpg,Annoyance,Pain,0.95,"The man is holding his lower back in discomfort, indicating physical pain.","LABEL: Pain
CONFIDENCE: 0.95
REASON: The man is holding his lower back in discomfort, indicating physical pain."
mscoco/images/COCO_train2014_000000023287.jpg,Annoyance,Engagement,0.95,"The person is actively holding a frisbee and appears ready to play, indicating engagement in a physical activity.","LABEL: Engagement
CONFIDENCE: 0.95
REASON: The person is actively holding a frisbee and appears ready to play, indicating engagement in a physical activity."
emodb_small/images/gfv420vao1ad716x4t.jpg,Annoyance,Disapproval,0.95,"The man's stern expression, furrowed brow, and crossed arms convey clear disapproval.","LABEL: Disapproval
CONFIDENCE: 0.95
REASON: The man's stern expression, furrowed brow, and crossed arms convey clear disapproval."
mscoco/images/COCO_train2014_000000164142.jpg,Annoyance,Engagement,0.95,"The man is smiling and holding food items, suggesting active participation in an event or interaction.","LABEL: Engagement
CONFIDENCE: 0.95
REASON: The man is smiling and holding food items, suggesting active participation in an event or interaction."
emodb_small/images/g7re4c8l05kbqqh5mg.jpg,Annoyance,Disapproval,0.95,The man's downturned expression and averted gaze suggest he is disapproving of something being said or done.,"LABEL: Disapproval
CONFIDENCE: 0.95
REASON: The man's downturned expression and averted gaze suggest he is disapproving of something being said or done."
emodb_small/images/cq38jnhwg7y15250lx.jpg,Annoyance,Aversion,0.95,"The person's facial expression, with wrinkled nose and narrowed eyes, strongly conveys disgust or aversion.","LABEL: Aversion
CONFIDENCE: 0.95
REASON: The person's facial expression, with wrinkled nose and narrowed eyes, strongly conveys disgust or aversion."
mscoco/images/COCO_train2014_000000510979.jpg,Annoyance,Engagement,0.85,"The person is focused on eating and interacting with others at the table, indicating active participation in the social setting.","LABEL: Engagement
CONFIDENCE: 0.85
REASON: The person is focused on eating and interacting with others at the table, indicating active participation in the social setting."
framesdb/images/frame_ej6entpaadewgc9y.jpg,Annoyance,Anticipation,0.85,"The man is looking at his watch with a focused expression, suggesting he is waiting for something or expecting an event to occur soon.","LABEL: Anticipation
CONFIDENCE: 0.85
REASON: The man is looking at his watch with a focused expression, suggesting he is waiting for something or expecting an event to occur soon."
emodb_small/images/fiz5xorzz2wg3f6mjw.jpg,Annoyance,Excitement,0.95,The wide-open mouth and intense expression suggest a high level of excitement or exhilaration.,"LABEL: Excitement
CONFIDENCE: 0.95
REASON: The wide-open mouth and intense expression suggest a high level of excitement or exhilaration."
mscoco/images/COCO_val2014_000000136285.jpg,Annoyance,Sadness,0.85,The child's downturned mouth and somber expression suggest sadness.,"LABEL: Sadness
CONFIDENCE: 0.85
REASON: The child's downturned mouth and somber expression suggest sadness."
emodb_small/images/grdh6brx51v3xinvrb.jpg,Annoyance,Anger,0.95,"The man's facial expression and body language, including his open mouth and intense gaze, strongly indicate anger.","LABEL: Anger
CONFIDENCE: 0.95
REASON: The man's facial expression and body language, including his open mouth and intense gaze, strongly indicate anger."
framesdb/images/frame_jho43ngrz6irqpgk.jpg,Anger,Disconnection,0.75,"The subject appears isolated and focused inward, with a neutral expression and lack of engagement with surroundings.","LABEL: Disconnection
CONFIDENCE: 0.75
REASON: The subject appears isolated and focused inward, with a neutral expression and lack of engagement with surroundings."
framesdb/images/frame_lcs8pku339ipaanw.jpg,Anger,Anger,0.95,"The man's wide-open mouth, intense expression, and aggressive posture suggest he is yelling or expressing anger.","LABEL: Anger
CONFIDENCE: 0.95
REASON: The man's wide-open mouth, intense expression, and aggressive posture suggest he is yelling or expressing anger."
framesdb/images/frame_img70kzyxcwpcep2.jpg,Anger,Peace,0.95,"The image is completely blank, evoking a sense of calm and stillness.","LABEL: Peace
CONFIDENCE: 0.95
REASON: The image is completely blank, evoking a sense of calm and stillness."
framesdb/images/frame_akualqxsncjvgeyg.jpg,Anger,Engagement,0.85,The man is actively gesturing and appears to be speaking or interacting with others in a lively manner.,"LABEL: Engagement
CONFIDENCE: 0.85
REASON: The man is actively gesturing and appears to be speaking or interacting with others in a lively manner."
emodb_small/images/gi0gp6m7tkndd6f112.jpg,Anger,Surprise,0.95,"The person's wide eyes and open mouth indicate a sudden, unexpected reaction.","LABEL: Surprise
CONFIDENCE: 0.95
REASON: The person's wide eyes and open mouth indicate a sudden, unexpected reaction."
framesdb/images/frame_liajpv2rrkm20bo1.jpg,Anger,Disconnection,0.95,"The person is isolated, facing away from the camera, and in a confined space, suggesting emotional or social disconnection.","LABEL: Disconnection
CONFIDENCE: 0.95
REASON: The person is isolated, facing away from the camera, and in a confined space, suggesting emotional or social disconnection."
mscoco/images/COCO_train2014_000000517487.jpg,Anger,Disapproval,0.95,"The person's stern expression, furrowed brow, and downturned mouth convey clear disapproval.","LABEL: Disapproval
CONFIDENCE: 0.95
REASON: The person's stern expression, furrowed brow, and downturned mouth convey clear disapproval."
emodb_small/images/gs2trkwi7hos146z4w.jpg,Anger,Disapproval,0.95,The person's furrowed brow and stern expression convey clear disapproval.,"LABEL: Disapproval
CONFIDENCE: 0.95
REASON: The person's furrowed brow and stern expression convey clear disapproval."
mscoco/images/COCO_val2014_000000579056.jpg,Anger,Excitement,0.95,The man's dynamic pose and the splashing water suggest energetic movement and enthusiasm.,"LABEL: Excitement
CONFIDENCE: 0.95
REASON: The man's dynamic pose and the splashing water suggest energetic movement and enthusiasm."
emodb_small/images/fw2kgcy7ce4buvo7d3.jpg,Anger,Pain,0.95,"The person is screaming with hands on head, indicating intense physical or emotional pain.","LABEL: Pain
CONFIDENCE: 0.95
REASON: The person is screaming with hands on head, indicating intense physical or emotional pain."
framesdb/images/frame_dy9lbeqikdu279x7.jpg,Anger,Disquietment,0.95,The man's furrowed brow and tense expression suggest unease or anxiety.,"LABEL: Disquietment
CONFIDENCE: 0.95
REASON: The man's furrowed brow and tense expression suggest unease or anxiety."
emodb_small/images/ge1jkzh3eo6k6dkb2v.jpg,Anger,Anger,0.95,"The person's facial expression, with furrowed brows, wide eyes, and an open mouth, strongly indicates anger.","LABEL: Anger
CONFIDENCE: 0.95
REASON: The person's facial expression, with furrowed brows, wide eyes, and an open mouth, strongly indicates anger."
mscoco/images/COCO_train2014_000000222977.jpg,Anger,Happiness,0.95,"The man is smiling broadly, indicating a clear expression of happiness.","LABEL: Happiness
CONFIDENCE: 0.95
REASON: The man is smiling broadly, indicating a clear expression of happiness."
emodb_small/images/g7upq9trwmhf1oetgg.jpg,Anger,Anger,0.95,"The person's facial expression, with furrowed brows, narrowed eyes, and bared teeth, strongly conveys anger.","LABEL: Anger
CONFIDENCE: 0.95
REASON: The person's facial expression, with furrowed brows, narrowed eyes, and bared teeth, strongly conveys anger."
mscoco/images/COCO_train2014_000000509931.jpg,Anger,Engagement,0.95,"The man is closely interacting with the elephant, showing focused attention and physical involvement.","LABEL: Engagement
CONFIDENCE: 0.95
REASON: The man is closely interacting with the elephant, showing focused attention and physical involvement."
emodb_small/images/ftn81xo2oyd3t7wncr.jpg,Anger,Disapproval,0.95,"The girl's crossed arms, furrowed brow, and scowling expression convey clear disapproval.","LABEL: Disapproval
CONFIDENCE: 0.95
REASON: The girl's crossed arms, furrowed brow, and scowling expression convey clear disapproval."
emodb_small/images/gog1i3qqqj2cm5jiuc.jpg,Anger,Excitement,0.95,"The man's raised fist, intense facial expression, and open mouth suggest a strong emotional reaction consistent with excitement.","LABEL: Excitement
CONFIDENCE: 0.95
REASON: The man's raised fist, intense facial expression, and open mouth suggest a strong emotional reaction consistent with excitement."
mscoco/images/COCO_val2014_000000542755.jpg,Anger,Excitement,0.95,The player's intense facial expression and dynamic posture suggest high energy and excitement during the match.,"LABEL: Excitement
CONFIDENCE: 0.95
REASON: The player's intense facial expression and dynamic posture suggest high energy and excitement during the match."
emodb_small/images/gyxnznvc0hjr3l6tt6.jpg,Anger,Anger,0.95,"The man's facial expression, with clenched teeth and furrowed brow, clearly indicates anger.","LABEL: Anger
CONFIDENCE: 0.95
REASON: The man's facial expression, with clenched teeth and furrowed brow, clearly indicates anger."
framesdb/images/frame_iqljg96xr2wha50c.jpg,Anger,Disconnection,0.85,"The scene depicts a desolate, littered environment with no visible human interaction, evoking a sense of detachment from the surroundings.","LABEL: Disconnection
CONFIDENCE: 0.85
REASON: The scene depicts a desolate, littered environment with no visible human interaction, evoking a sense of detachment from the surroundings."
emodb_small/images/gooprha47vibt86u4g.jpg,Anger,Anger,0.95,"The person's facial expression, with bared teeth and furrowed brows, strongly indicates anger.","LABEL: Anger
CONFIDENCE: 0.95
REASON: The person's facial expression, with bared teeth and furrowed brows, strongly indicates anger."
mscoco/images/COCO_val2014_000000084447.jpg,Anger,Peace,0.95,"The person is sitting calmly in a natural setting, suggesting tranquility and relaxation.","LABEL: Peace
CONFIDENCE: 0.95
REASON: The person is sitting calmly in a natural setting, suggesting tranquility and relaxation."
emodb_small/images/g913ioe8wwg2ej06h0.jpg,Anger,Anger,0.95,The man's facial expression and aggressive posture clearly convey intense anger.,"LABEL: Anger
CONFIDENCE: 0.95
REASON: The man's facial expression and aggressive posture clearly convey intense anger."
emodb_small/images/ga5g0gjbgz2zct7vnb.jpg,Anger,Disapproval,0.95,The person's crossed arms and stern expression indicate disapproval.,"LABEL: Disapproval
CONFIDENCE: 0.95
REASON: The person's crossed arms and stern expression indicate disapproval."
framesdb/images/frame_louk50k9uo2p3lq1.jpg,Anger,Pain,0.95,"The man's facial expression, with his eyes closed and mouth open in a grimace, indicates physical discomfort or pain.","LABEL: Pain
CONFIDENCE: 0.95
REASON: The man's facial expression, with his eyes closed and mouth open in a grimace, indicates physical discomfort or pain."
emodb_small/images/ft7cx0rkhwxj2tycj0.jpg,Anger,Disconnection,0.75,"The person appears physically present but emotionally detached, with a distant gaze and lack of engagement with their surroundings.","LABEL: Disconnection
CONFIDENCE: 0.75
REASON: The person appears physically present but emotionally detached, with a distant gaze and lack of engagement with their surroundings."
emodb_small/images/ft7cx0rkhwxj2tycj0.jpg,Anger,Excitement,0.95,"The man's dynamic pose, wide smile, and raised arm suggest high energy and enthusiasm.","LABEL: Excitement
CONFIDENCE: 0.95
REASON: The man's dynamic pose, wide smile, and raised arm suggest high energy and enthusiasm."
framesdb/images/frame_fr35rcsskco53ibw.jpg,Anger,Anger,0.95,The man's intense facial expression and aggressive hand gesture directed at the flight attendant indicate anger.,"LABEL: Anger
CONFIDENCE: 0.95
REASON: The man's intense facial expression and aggressive hand gesture directed at the flight attendant indicate anger."
framesdb/images/frame_ivvwnayhg9ervnpz.jpg,Anger,Disconnection,0.85,"The man appears isolated and detached from the surrounding crowd, with a downward gaze and lack of engagement.","LABEL: Disconnection
CONFIDENCE: 0.85
REASON: The man appears isolated and detached from the surrounding crowd, with a downward gaze and lack of engagement."
mscoco/images/COCO_train2014_000000141668.jpg,Anger,Disconnection,0.75,"The man stands with a neutral expression and slightly detached posture, suggesting emotional distance or disconnection from his surroundings.","LABEL: Disconnection
CONFIDENCE: 0.75
REASON: The man stands with a neutral expression and slightly detached posture, suggesting emotional distance or disconnection from his surroundings."
framesdb/images/frame_lra8o7zw204q54hf.jpg,Anger,Surprise,0.95,"The man's wide eyes and open mouth suggest a sudden, unexpected reaction.","LABEL: Surprise
CONFIDENCE: 0.95
REASON: The man's wide eyes and open mouth suggest a sudden, unexpected reaction."
mscoco/images/COCO_train2014_000000249086.jpg,Anger,Engagement,0.95,"The child is focused and actively participating in making pizza, showing interest and involvement in the activity.","LABEL: Engagement
CONFIDENCE: 0.95
REASON: The child is focused and actively participating in making pizza, showing interest and involvement in the activity."
framesdb/images/frame_jrtyqpp6eibyqoa8.jpg,Anger,Sadness,0.85,"The person is sitting with their head in their hands, appearing distressed or sorrowful.","LABEL: Sadness
CONFIDENCE: 0.85
REASON: The person is sitting with their head in their hands, appearing distressed or sorrowful."
framesdb/images/frame_ivfv1x55yo7e35rb.jpg,Anger,Engagement,0.9,The boy's focused expression and attentive posture suggest active engagement in the activity.,"LABEL: Engagement
CONFIDENCE: 0.9
REASON: The boy's focused expression and attentive posture suggest active engagement in the activity."
framesdb/images/frame_ivfv1x55yo7e35rb.jpg,Anger,Engagement,0.95,"The girl is focused and attentive, looking forward with her hand near her head in a thoughtful pose, suggesting active engagement.","LABEL: Engagement
CONFIDENCE: 0.95
REASON: The girl is focused and attentive, looking forward with her hand near her head in a thoughtful pose, suggesting active engagement."
framesdb/images/frame_ivfv1x55yo7e35rb.jpg,Anger,Engagement,0.85,"The boy is looking forward with a focused expression, suggesting attentiveness and engagement in the activity.","LABEL: Engagement
CONFIDENCE: 0.85
REASON: The boy is looking forward with a focused expression, suggesting attentiveness and engagement in the activity."
emodb_small/images/ebpsbjqzfhd7efh00i.jpg,Sensitivity,Sadness,0.95,"The children are visibly crying and appear distressed, indicating deep sadness.","LABEL: Sadness
CONFIDENCE: 0.95
REASON: The children are visibly crying and appear distressed, indicating deep sadness."
mscoco/images/COCO_train2014_000000274108.jpg,Sensitivity,Engagement,0.95,"The baby is intently focused on the book, holding it close and looking at the pages with curiosity.","LABEL: Engagement
CONFIDENCE: 0.95
REASON: The baby is intently focused on the book, holding it close and looking at the pages with curiosity."
mscoco/images/COCO_train2014_000000274642.jpg,Sensitivity,Affection,0.95,"The woman is smiling warmly while leaning down to interact with the baby, showing clear affection.","LABEL: Affection
CONFIDENCE: 0.95
REASON: The woman is smiling warmly while leaning down to interact with the baby, showing clear affection."
mscoco/images/COCO_train2014_000000233143.jpg,Sensitivity,Engagement,0.85,"The child is looking directly at the camera with a curious and attentive expression, suggesting engagement with the observer.","LABEL: Engagement
CONFIDENCE: 0.85
REASON: The child is looking directly at the camera with a curious and attentive expression, suggesting engagement with the observer."
mscoco/images/COCO_train2014_000000417446.jpg,Sensitivity,Engagement,0.85,"The person is leaning forward attentively, suggesting active involvement in an interaction or observation.","LABEL: Engagement
CONFIDENCE: 0.85
REASON: The person is leaning forward attentively, suggesting active involvement in an interaction or observation."
mscoco/images/COCO_train2014_000000319388.jpg,Sensitivity,Engagement,0.95,"The child is focused and actively interacting with the skateboard, showing clear interest and involvement.","LABEL: Engagement
CONFIDENCE: 0.95
REASON: The child is focused and actively interacting with the skateboard, showing clear interest and involvement."
emodb_small/images/dnz8r16rduh2vxoigq.jpg,Sensitivity,Pain,0.95,"The man is clutching his chest with a pained expression, indicating physical discomfort.","LABEL: Pain
CONFIDENCE: 0.95
REASON: The man is clutching his chest with a pained expression, indicating physical discomfort."
mscoco/images/COCO_train2014_000000379294.jpg,Sensitivity,Engagement,0.95,"The man is actively interacting with the horse, showing focus and involvement in the task.","LABEL: Engagement
CONFIDENCE: 0.95
REASON: The man is actively interacting with the horse, showing focus and involvement in the task."
mscoco/images/COCO_train2014_000000241945.jpg,Sensitivity,Happiness,0.95,"The baby has a clear smile and bright eyes, indicating happiness.","LABEL: Happiness
CONFIDENCE: 0.95
REASON: The baby has a clear smile and bright eyes, indicating happiness."
framesdb/images/frame_isgnogq2h0n1sop7.jpg,Sensitivity,Engagement,0.95,"The doctor is attentively listening and maintaining eye contact, indicating active engagement in the conversation.","LABEL: Engagement
CONFIDENCE: 0.95
REASON: The doctor is attentively listening and maintaining eye contact, indicating active engagement in the conversation."
mscoco/images/COCO_train2014_000000231719.jpg,Sensitivity,Affection,0.95,"The person is carrying a small dog in a backpack, showing care and tenderness towards the animal.","LABEL: Affection
CONFIDENCE: 0.95
REASON: The person is carrying a small dog in a backpack, showing care and tenderness towards the animal."
mscoco/images/COCO_train2014_000000276639.jpg,Sensitivity,Engagement,0.95,"The boy is focused and actively participating in handling the sheep, showing clear engagement in the activity.","LABEL: Engagement
CONFIDENCE: 0.95
REASON: The boy is focused and actively participating in handling the sheep, showing clear engagement in the activity."
mscoco/images/COCO_train2014_000000242712.jpg,Sensitivity,Pain,0.95,"The person is lying on the ground in a curled position, holding their head, which suggests they are experiencing physical pain.","LABEL: Pain
CONFIDENCE: 0.95
REASON: The person is lying on the ground in a curled position, holding their head, which suggests they are experiencing physical pain."
mscoco/images/COCO_train2014_000000348680.jpg,Sensitivity,Disconnection,0.75,"The man appears to be looking down and away, with a neutral expression, suggesting emotional detachment or disengagement from his surroundings.","LABEL: Disconnection
CONFIDENCE: 0.75
REASON: The man appears to be looking down and away, with a neutral expression, suggesting emotional detachment or disengagement from his surroundings."
mscoco/images/COCO_train2014_000000260838.jpg,Sensitivity,Sadness,0.65,The person's downward gaze and somber expression suggest a sense of sadness or melancholy.,"LABEL: Sadness
CONFIDENCE: 0.65
REASON: The person's downward gaze and somber expression suggest a sense of sadness or melancholy."
emodb_small/images/ejg01p8jo4cvofip7t.jpg,Sensitivity,Surprise,0.85,"The person's wide eyes and hand over their mouth suggest a sudden, unexpected reaction.","LABEL: Surprise
CONFIDENCE: 0.85
REASON: The person's wide eyes and hand over their mouth suggest a sudden, unexpected reaction."
mscoco/images/COCO_train2014_000000236295.jpg,Sensitivity,Engagement,0.95,The person is focused and actively handling an object with concentration.,"LABEL: Engagement
CONFIDENCE: 0.95
REASON: The person is focused and actively handling an object with concentration."
mscoco/images/COCO_train2014_000000250978.jpg,Sensitivity,Affection,0.95,"The child is holding a teddy bear close to their face, showing a strong emotional bond and comfort.","LABEL: Affection
CONFIDENCE: 0.95
REASON: The child is holding a teddy bear close to their face, showing a strong emotional bond and comfort."
mscoco/images/COCO_train2014_000000222206.jpg,Sensitivity,Sadness,0.75,The child's downturned mouth and somber expression suggest sadness.,"LABEL: Sadness
CONFIDENCE: 0.75
REASON: The child's downturned mouth and somber expression suggest sadness."
mscoco/images/COCO_train2014_000000321206.jpg,Sensitivity,Excitement,0.95,"The woman's open mouth, upward gaze, and outstretched hand suggest a moment of joyful surprise or excitement.","LABEL: Excitement
CONFIDENCE: 0.95
REASON: The woman's open mouth, upward gaze, and outstretched hand suggest a moment of joyful surprise or excitement."
mscoco/images/COCO_train2014_000000399556.jpg,Sensitivity,Happiness,0.85,The child is smiling and appears content while holding a green object near their mouth.,"LABEL: Happiness
CONFIDENCE: 0.85
REASON: The child is smiling and appears content while holding a green object near their mouth."
mscoco/images/COCO_train2014_000000270202.jpg,Sensitivity,Happiness,0.95,"The child is smiling widely with a party hat, indicating joy and excitement.","LABEL: Happiness
CONFIDENCE: 0.95
REASON: The child is smiling widely with a party hat, indicating joy and excitement."
emodb_small/images/es1szlkoa1bc6u318b.jpg,Sensitivity,Sadness,0.95,"The person is visibly crying with a sorrowful expression, indicating deep sadness.","LABEL: Sadness
CONFIDENCE: 0.95
REASON: The person is visibly crying with a sorrowful expression, indicating deep sadness."
emodb_small/images/c97lzdd2nbl8ttcsvb.jpg,Sensitivity,Sadness,0.95,"The woman's downturned expression, hand on her forehead, and overall posture convey deep sadness.","LABEL: Sadness
CONFIDENCE: 0.95
REASON: The woman's downturned expression, hand on her forehead, and overall posture convey deep sadness."
mscoco/images/COCO_train2014_000000367792.jpg,Sensitivity,Surprise,0.85,The child's wide eyes and slightly open mouth suggest a sudden reaction to an unexpected event or stimulus.,"LABEL: Surprise
CONFIDENCE: 0.85
REASON: The child's wide eyes and slightly open mouth suggest a sudden reaction to an unexpected event or stimulus."
emodb_small/images/dh2n32n6sa7z4dxzgb.jpg,Sensitivity,Pain,0.95,"The person is lying on the ground in visible distress, suggesting physical pain.","LABEL: Pain
CONFIDENCE: 0.95
REASON: The person is lying on the ground in visible distress, suggesting physical pain."
mscoco/images/COCO_train2014_000000376907.jpg,Sensitivity,Engagement,0.95,"The person is actively engaged in a task, focused on handling a container while working with hay or feed.","LABEL: Engagement
CONFIDENCE: 0.95
REASON: The person is actively engaged in a task, focused on handling a container while working with hay or feed."
mscoco/images/COCO_train2014_000000385283.jpg,Sensitivity,Affection,0.95,"The adult is gently brushing the child's teeth, showing care and tenderness.","LABEL: Affection
CONFIDENCE: 0.95
REASON: The adult is gently brushing the child's teeth, showing care and tenderness."
mscoco/images/COCO_train2014_000000415492.jpg,Sensitivity,Engagement,0.95,"The man is focused and actively working on the animal, showing concentration and involvement in the task.","LABEL: Engagement
CONFIDENCE: 0.95
REASON: The man is focused and actively working on the animal, showing concentration and involvement in the task."
emodb_small/images/8ze4iuoys263mhil2v.jpg,Sensitivity,Sadness,0.95,"The person is sitting on the ground with their head in their hands, appearing distressed and sorrowful.","LABEL: Sadness
CONFIDENCE: 0.95
REASON: The person is sitting on the ground with their head in their hands, appearing distressed and sorrowful."
mscoco/images/COCO_train2014_000000286306.jpg,Sensitivity,Happiness,0.95,The man is smiling broadly and appears relaxed and content while sitting outdoors.,"LABEL: Happiness
CONFIDENCE: 0.95
REASON: The man is smiling broadly and appears relaxed and content while sitting outdoors."
mscoco/images/COCO_train2014_000000234467.jpg,Sensitivity,Engagement,0.95,"The person is leaning forward with a focused expression, indicating active engagement with something outside the frame.","LABEL: Engagement
CONFIDENCE: 0.95
REASON: The person is leaning forward with a focused expression, indicating active engagement with something outside the frame."
mscoco/images/COCO_train2014_000000381856.jpg,Sensitivity,Happiness,0.95,The elderly woman is smiling broadly and appears joyful while celebrating her birthday with a cake.,"LABEL: Happiness
CONFIDENCE: 0.95
REASON: The elderly woman is smiling broadly and appears joyful while celebrating her birthday with a cake."
mscoco/images/COCO_train2014_000000391678.jpg,Sensitivity,Engagement,0.95,"The child is focused on brushing their teeth, showing active involvement in the task.","LABEL: Engagement
CONFIDENCE: 0.95
REASON: The child is focused on brushing their teeth, showing active involvement in the task."
mscoco/images/COCO_train2014_000000342965.jpg,Sensitivity,Confidence,0.95,"The child is leaning over the toilet, looking inside with focused attention, indicating curiosity about its contents or function.","LABEL: Curiosity
CONFIDENCE: 0.95
REASON: The child is leaning over the toilet, looking inside with focused attention, indicating curiosity about its contents or function."
mscoco/images/COCO_train2014_000000340633.jpg,Sensitivity,Engagement,0.85,"The child is focused on the task at hand, actively interacting with objects on the table.","LABEL: Engagement
CONFIDENCE: 0.85
REASON: The child is focused on the task at hand, actively interacting with objects on the table."
mscoco/images/COCO_train2014_000000381967.jpg,Sensitivity,Excitement,0.95,The child's wide eyes and engaged posture suggest curiosity and excitement while exploring the suitcase.,"LABEL: Excitement
CONFIDENCE: 0.95
REASON: The child's wide eyes and engaged posture suggest curiosity and excitement while exploring the suitcase."
emodb_small/images/ebpsbjqzfhd7efh00i.jpg,Sadness,Sadness,0.95,"The child is crying with a distressed expression, indicating sadness.","LABEL: Sadness
CONFIDENCE: 0.95
REASON: The child is crying with a distressed expression, indicating sadness."
mscoco/images/COCO_train2014_000000360271.jpg,Sadness,Engagement,0.85,"The individuals appear focused and involved in an activity, suggesting active engagement.","LABEL: Engagement
CONFIDENCE: 0.85
REASON: The individuals appear focused and involved in an activity, suggesting active engagement."
framesdb/images/frame_i257k79i9orxw84k.jpg,Sadness,Disconnection,0.85,"The person appears physically present but mentally distant, with a neutral expression and lack of engagement with their surroundings.","LABEL: Disconnection
CONFIDENCE: 0.85
REASON: The person appears physically present but mentally distant, with a neutral expression and lack of engagement with their surroundings."
framesdb/images/frame_i257k79i9orxw84k.jpg,Sadness,Disconnection,0.85,"The person appears distant and unengaged, with a downward gaze and lack of interaction with their surroundings.","LABEL: Disconnection
CONFIDENCE: 0.85
REASON: The person appears distant and unengaged, with a downward gaze and lack of interaction with their surroundings."
emodb_small/images/fdx9496bahencoj0s8.jpg,Sadness,Fear,0.85,"The person's wide eyes, tense posture, and focused expression suggest apprehension or fear in a potentially threatening environment.","LABEL: Fear
CONFIDENCE: 0.85
REASON: The person's wide eyes, tense posture, and focused expression suggest apprehension or fear in a potentially threatening environment."
framesdb/images/frame_im9sv2qvbq8n1qob.jpg,Sadness,Disconnection,0.85,"The woman is focused on her phone and newspaper, appearing detached from her surroundings and the person beside her.","LABEL: Disconnection
CONFIDENCE: 0.85
REASON: The woman is focused on her phone and newspaper, appearing detached from her surroundings and the person beside her."
mscoco/images/COCO_train2014_000000086934.jpg,Sadness,Sadness,0.95,"The person is crouched with their head down and hand near their face, suggesting emotional distress or sorrow.","LABEL: Sadness
CONFIDENCE: 0.95
REASON: The person is crouched with their head down and hand near their face, suggesting emotional distress or sorrow."
emodb_small/images/eh6fo5xazcnas1fxvw.jpg,Sadness,Sadness,0.95,The person's closed eyes and downturned mouth suggest sorrow or emotional distress.,"LABEL: Sadness
CONFIDENCE: 0.95
REASON: The person's closed eyes and downturned mouth suggest sorrow or emotional distress."
mscoco/images/COCO_train2014_000000246318.jpg,Sadness,Sadness,0.3,"The person is sitting on the snow with a passive posture, possibly indicating disappointment or sadness after a fall.","LABEL: Sadness
CONFIDENCE: 0.3
REASON: The person is sitting on the snow with a passive posture, possibly indicating disappointment or sadness after a fall."
mscoco/images/COCO_val2014_000000062068.jpg,Sadness,Disconnection,0.95,"The figure appears isolated and detached, with a distant gaze and lack of interaction with the surrounding environment.","LABEL: Disconnection
CONFIDENCE: 0.95
REASON: The figure appears isolated and detached, with a distant gaze and lack of interaction with the surrounding environment."
emodb_small/images/ciab2zf1pb72gnx8fe.jpg,Sadness,Disconnection,0.85,The man's distant gaze and isolated posture suggest emotional detachment or disconnection from his surroundings.,"LABEL: Disconnection
CONFIDENCE: 0.85
REASON: The man's distant gaze and isolated posture suggest emotional detachment or disconnection from his surroundings."
emodb_small/images/e9b5cftu9bwcw29nnh.jpg,Sadness,Surprise,0.85,The person's wide eyes and slightly open mouth suggest a sudden unexpected reaction.,"LABEL: Surprise
CONFIDENCE: 0.85
REASON: The person's wide eyes and slightly open mouth suggest a sudden unexpected reaction."
emodb_small/images/9yd3n97r8lj2incfap.jpg,Sadness,Sadness,0.95,"The person is hugging their knees with their head down, a posture often associated with sadness or grief.","LABEL: Sadness
CONFIDENCE: 0.95
REASON: The person is hugging their knees with their head down, a posture often associated with sadness or grief."
mscoco/images/COCO_train2014_000000130816.jpg,Sadness,Confidence,0.85,The player's upright posture and focused expression suggest self-assurance.,"LABEL: Confidence
CONFIDENCE: 0.85
REASON: The player's upright posture and focused expression suggest self-assurance."
emodb_small/images/9bxt4vwyaytxtt5bgk.jpg,Sadness,Sadness,0.95,"The person is wiping their eye, suggesting they are crying or upset.","LABEL: Sadness
CONFIDENCE: 0.95
REASON: The person is wiping their eye, suggesting they are crying or upset."
framesdb/images/frame_408eff12kggcdmhx.jpg,Sadness,Sadness,0.95,"The man in the foreground has a downcast expression and closed eyes, suggesting sorrow or emotional weight.","LABEL: Sadness
CONFIDENCE: 0.95
REASON: The man in the foreground has a downcast expression and closed eyes, suggesting sorrow or emotional weight."
emodb_small/images/eys7tccuzr3mzxxrmx.jpg,Sadness,Disconnection,0.75,"The man appears distant and detached, with a neutral expression and lack of engagement with his surroundings.","LABEL: Disconnection
CONFIDENCE: 0.75
REASON: The man appears distant and detached, with a neutral expression and lack of engagement with his surroundings."
framesdb/images/frame_8y6k5miqg5zyyb17.jpg,Sadness,Affection,0.95,The gentle hand-holding and calm expression convey a deep emotional connection and care.,"LABEL: Affection
CONFIDENCE: 0.95
REASON: The gentle hand-holding and calm expression convey a deep emotional connection and care."
framesdb/images/frame_gxvu6rgtprnbptcd.jpg,Sadness,Sadness,0.95,The man's downturned mouth and somber expression convey a deep sense of sadness.,"LABEL: Sadness
CONFIDENCE: 0.95
REASON: The man's downturned mouth and somber expression convey a deep sense of sadness."
framesdb/images/frame_gxvu6rgtprnbptcd.jpg,Sadness,Disconnection,0.75,The man's distant gaze and neutral expression suggest emotional detachment from his surroundings.,"LABEL: Disconnection
CONFIDENCE: 0.75
REASON: The man's distant gaze and neutral expression suggest emotional detachment from his surroundings."
framesdb/images/frame_82lhqgaakcbkookb.jpg,Sadness,Sadness,0.95,The child's downward gaze and somber expression convey a sense of sadness.,"LABEL: Sadness
CONFIDENCE: 0.95
REASON: The child's downward gaze and somber expression convey a sense of sadness."
framesdb/images/frame_hj0k5ry8gg38vm8y.jpg,Sadness,Happiness,0.95,"The woman in the image is smiling broadly, indicating a clear expression of happiness.","LABEL: Happiness
CONFIDENCE: 0.95
REASON: The woman in the image is smiling broadly, indicating a clear expression of happiness."
framesdb/images/frame_f8avxp8wf4ouhf32.jpg,Sadness,Fatigue,0.95,The person's posture and the heavy load they are carrying suggest physical exhaustion.,"LABEL: Fatigue
CONFIDENCE: 0.95
REASON: The person's posture and the heavy load they are carrying suggest physical exhaustion."
framesdb/images/frame_66ob1dorv8d4sqdm.jpg,Sadness,Engagement,0.95,"The man is focused and actively participating in bowling, indicating engagement with the activity.","LABEL: Engagement
CONFIDENCE: 0.95
REASON: The man is focused and actively participating in bowling, indicating engagement with the activity."
emodb_small/images/a2x107ip2c875c7l3v.jpg,Sadness,Engagement,0.95,"The man is focused and actively listening, indicating engagement in the conversation.","LABEL: Engagement
CONFIDENCE: 0.95
REASON: The man is focused and actively listening, indicating engagement in the conversation."
emodb_small/images/f1k0purilsyt1kz7c1.jpg,Sadness,Sadness,0.95,"The woman is visibly crying with a distressed expression, indicating deep sadness.","LABEL: Sadness
CONFIDENCE: 0.95
REASON: The woman is visibly crying with a distressed expression, indicating deep sadness."
emodb_small/images/30nuw6i66lmickmbly.jpg,Sadness,Affection,0.95,"The image shows a person embracing another closely, with a tender kiss on the forehead, conveying warmth and care.","LABEL: Affection
CONFIDENCE: 0.95
REASON: The image shows a person embracing another closely, with a tender kiss on the forehead, conveying warmth and care."
framesdb/images/frame_j0s89681xd0y9c22.jpg,Sadness,Disconnection,0.85,The man's crossed arms and distant gaze suggest emotional detachment or isolation from his surroundings.,"LABEL: Disconnection
CONFIDENCE: 0.85
REASON: The man's crossed arms and distant gaze suggest emotional detachment or isolation from his surroundings."
emodb_small/images/ekhtdcez1lztslt6z1.jpg,Sadness,Sadness,0.95,"The person's downturned mouth, teary eyes, and somber expression convey deep sadness.","LABEL: Sadness
CONFIDENCE: 0.95
REASON: The person's downturned mouth, teary eyes, and somber expression convey deep sadness."
emodb_small/images/1ggg1cxv951z7z3yjo.jpg,Sadness,Affection,0.95,"The person is hugging another closely, with a hand gently touching the other's head, indicating warmth and care.","LABEL: Affection
CONFIDENCE: 0.95
REASON: The person is hugging another closely, with a hand gently touching the other's head, indicating warmth and care."
emodb_small/images/1ggg1cxv951z7z3yjo.jpg,Sadness,Affection,0.95,The hand gently resting on the head suggests a caring and intimate gesture.,"LABEL: Affection
CONFIDENCE: 0.95
REASON: The hand gently resting on the head suggests a caring and intimate gesture."
framesdb/images/frame_l64wl8vyo60wkowq.jpg,Sadness,Fatigue,0.95,"The individuals appear to be resting or sleeping in a cramped, uncomfortable setting, suggesting exhaustion.","LABEL: Fatigue
CONFIDENCE: 0.95
REASON: The individuals appear to be resting or sleeping in a cramped, uncomfortable setting, suggesting exhaustion."
framesdb/images/frame_guioy8i4w963fztm.jpg,Sadness,Sadness,0.85,The person's downward gaze and somber expression suggest a feeling of sadness.,"LABEL: Sadness
CONFIDENCE: 0.85
REASON: The person's downward gaze and somber expression suggest a feeling of sadness."
emodb_small/images/ew7m8bfr7dwtrcztca.jpg,Sadness,Sadness,0.95,"The person is crying with a sorrowful expression, indicating sadness.","LABEL: Sadness
CONFIDENCE: 0.95
REASON: The person is crying with a sorrowful expression, indicating sadness."
framesdb/images/frame_2qqy8icj4xthx9zm.jpg,Sadness,Disconnection,0.75,"The person appears to be physically present but mentally distant, with their back turned and lack of engagement with others.","LABEL: Disconnection
CONFIDENCE: 0.75
REASON: The person appears to be physically present but mentally distant, with their back turned and lack of engagement with others."
mscoco/images/COCO_val2014_000000126583.jpg,Sadness,Confidence,0.95,"The player is concentrating intently on adjusting his racket, indicating a high level of focus.","LABEL: Focus
CONFIDENCE: 0.95
REASON: The player is concentrating intently on adjusting his racket, indicating a high level of focus."
emodb_small/images/cz6xpybqfvn7pmad1a.jpg,Sadness,Disquietment,0.95,The woman's furrowed brow and hand over her mouth suggest unease or anxiety.,"LABEL: Disquietment
CONFIDENCE: 0.95
REASON: The woman's furrowed brow and hand over her mouth suggest unease or anxiety."
emodb_small/images/9vpkzp9mlx7d9ws9g8.jpg,Sadness,Affection,0.95,"The image shows two people embracing, conveying a strong sense of closeness and emotional warmth.","LABEL: Affection
CONFIDENCE: 0.95
REASON: The image shows two people embracing, conveying a strong sense of closeness and emotional warmth."
mscoco/images/COCO_train2014_000000497759.jpg,Disquietment,Engagement,0.85,"The man is focused and actively interacting with the device, showing interest and concentration.","LABEL: Engagement
CONFIDENCE: 0.85
REASON: The man is focused and actively interacting with the device, showing interest and concentration."
framesdb/images/frame_3jwi6nrvfphi4lp6.jpg,Disquietment,Happiness,0.85,The person is smiling and appears to be enjoying a sunny day at the beach.,"LABEL: Happiness
CONFIDENCE: 0.85
REASON: The person is smiling and appears to be enjoying a sunny day at the beach."
mscoco/images/COCO_train2014_000000508449.jpg,Disquietment,Happiness,0.95,"The woman is smiling broadly while holding a cake, indicating joy and happiness.","LABEL: Happiness
CONFIDENCE: 0.95
REASON: The woman is smiling broadly while holding a cake, indicating joy and happiness."
emodb_small/images/4jdr4joweoi5dedxky.jpg,Disquietment,Engagement,0.95,"The man is actively engaged in a phone conversation, indicated by his focused expression and hand holding the phone to his ear.","LABEL: Engagement
CONFIDENCE: 0.95
REASON: The man is actively engaged in a phone conversation, indicated by his focused expression and hand holding the phone to his ear."
mscoco/images/COCO_train2014_000000056126.jpg,Disquietment,Affection,0.95,"The boy is gently holding the lamb close to his body, showing care and tenderness.","LABEL: Affection
CONFIDENCE: 0.95
REASON: The boy is gently holding the lamb close to his body, showing care and tenderness."
mscoco/images/COCO_train2014_000000021750.jpg,Disquietment,Happiness,0.95,The child has a content expression while enjoying a treat.,"LABEL: Happiness
CONFIDENCE: 0.95
REASON: The child has a content expression while enjoying a treat."
mscoco/images/COCO_train2014_000000038722.jpg,Disquietment,Disconnection,0.75,"The person appears isolated and focused on their own task, with no interaction or engagement with the surroundings.","LABEL: Disconnection
CONFIDENCE: 0.75
REASON: The person appears isolated and focused on their own task, with no interaction or engagement with the surroundings."
framesdb/images/frame_5zj0q9gpt75rrjhy.jpg,Disquietment,Disconnection,0.75,"The person is turned away from others, focused on a task, suggesting emotional or social detachment.","LABEL: Disconnection
CONFIDENCE: 0.75
REASON: The person is turned away from others, focused on a task, suggesting emotional or social detachment."
emodb_small/images/gdli6adbasjcw7uvim.jpg,Disquietment,Pain,0.95,"The man is holding his head and grimacing, indicating physical or emotional pain.","LABEL: Pain
CONFIDENCE: 0.95
REASON: The man is holding his head and grimacing, indicating physical or emotional pain."
mscoco/images/COCO_train2014_000000031188.jpg,Disquietment,Disconnection,0.85,"The person appears isolated and detached, with a neutral expression and lack of engagement with their surroundings.","LABEL: Disconnection
CONFIDENCE: 0.85
REASON: The person appears isolated and detached, with a neutral expression and lack of engagement with their surroundings."
mscoco/images/COCO_train2014_000000030431.jpg,Disquietment,Engagement,0.85,"The child is actively participating in an outdoor activity, showing focus and involvement.","LABEL: Engagement
CONFIDENCE: 0.85
REASON: The child is actively participating in an outdoor activity, showing focus and involvement."
mscoco/images/COCO_train2014_000000052751.jpg,Disquietment,Excitement,0.95,"The player is raising his hand in a celebratory gesture, likely after hitting a home run or making a significant play.","LABEL: Excitement
CONFIDENCE: 0.95
REASON: The player is raising his hand in a celebratory gesture, likely after hitting a home run or making a significant play."
mscoco/images/COCO_train2014_000000475103.jpg,Disquietment,Engagement,0.95,The player's focused posture and readiness to throw suggest active involvement in the game.,"LABEL: Engagement
CONFIDENCE: 0.95
REASON: The player's focused posture and readiness to throw suggest active involvement in the game."
mscoco/images/COCO_train2014_000000491140.jpg,Disquietment,Happiness,0.95,The person is smiling and appears relaxed and content while sitting outdoors.,"LABEL: Happiness
CONFIDENCE: 0.95
REASON: The person is smiling and appears relaxed and content while sitting outdoors."
mscoco/images/COCO_train2014_000000485002.jpg,Disquietment,Happiness,0.95,"The person is smiling and making a peace sign, indicating a positive mood.","LABEL: Happiness
CONFIDENCE: 0.95
REASON: The person is smiling and making a peace sign, indicating a positive mood."
mscoco/images/COCO_train2014_000000042050.jpg,Disquietment,Happiness,0.95,"The person is smiling broadly while skiing, indicating clear happiness.","LABEL: Happiness
CONFIDENCE: 0.95
REASON: The person is smiling broadly while skiing, indicating clear happiness."
mscoco/images/COCO_train2014_000000484385.jpg,Disquietment,Excitement,0.95,The player's raised arm and focused expression suggest enthusiasm and high energy during the game.,"LABEL: Excitement
CONFIDENCE: 0.95
REASON: The player's raised arm and focused expression suggest enthusiasm and high energy during the game."
mscoco/images/COCO_train2014_000000040298.jpg,Disquietment,Engagement,0.95,"The person is actively engaged in playing tennis, focused on the game with a ready stance and grip on the racket.","LABEL: Engagement
CONFIDENCE: 0.95
REASON: The person is actively engaged in playing tennis, focused on the game with a ready stance and grip on the racket."
mscoco/images/COCO_train2014_000000015546.jpg,Disquietment,Engagement,0.95,The player is intensely focused on hitting the ball with precise form and concentration.,"LABEL: Engagement
CONFIDENCE: 0.95
REASON: The player is intensely focused on hitting the ball with precise form and concentration."
mscoco/images/COCO_train2014_000000506710.jpg,Disquietment,Excitement,0.95,The person's dynamic pose and focused expression suggest high energy and enthusiasm.,"LABEL: Excitement
CONFIDENCE: 0.95
REASON: The person's dynamic pose and focused expression suggest high energy and enthusiasm."
mscoco/images/COCO_train2014_000000505611.jpg,Disquietment,Engagement,0.95,"The man is focused and actively engaged in his task, showing concentration and involvement.","LABEL: Engagement
CONFIDENCE: 0.95
REASON: The man is focused and actively engaged in his task, showing concentration and involvement."
mscoco/images/COCO_train2014_000000496116.jpg,Disquietment,Happiness,0.95,"The man is smiling broadly while holding a large bunch of bananas, indicating joy and pride.","LABEL: Happiness
CONFIDENCE: 0.95
REASON: The man is smiling broadly while holding a large bunch of bananas, indicating joy and pride."
mscoco/images/COCO_train2014_000000015957.jpg,Disquietment,Disconnection,0.75,"The person in the foreground is turned away from the camera, creating a sense of emotional or social distance from the viewer.","LABEL: Disconnection
CONFIDENCE: 0.75
REASON: The person in the foreground is turned away from the camera, creating a sense of emotional or social distance from the viewer."
mscoco/images/COCO_train2014_000000495489.jpg,Disquietment,Engagement,0.95,"The person is focused and actively working in the kitchen, showing concentration and involvement in their task.","LABEL: Engagement
CONFIDENCE: 0.95
REASON: The person is focused and actively working in the kitchen, showing concentration and involvement in their task."
mscoco/images/COCO_train2014_000000493742.jpg,Disquietment,Excitement,0.95,The skateboarder's dynamic pose and focused expression convey a sense of thrill and exhilaration.,"LABEL: Excitement
CONFIDENCE: 0.95
REASON: The skateboarder's dynamic pose and focused expression convey a sense of thrill and exhilaration."
mscoco/images/COCO_train2014_000000137681.jpg,Disquietment,Disconnection,0.75,The man's neutral expression and downward gaze suggest emotional detachment from his surroundings.,"LABEL: Disconnection
CONFIDENCE: 0.75
REASON: The man's neutral expression and downward gaze suggest emotional detachment from his surroundings."
mscoco/images/COCO_train2014_000000008872.jpg,Disquietment,Engagement,0.95,The player's focused expression and active posture suggest deep engagement in the game.,"LABEL: Engagement
CONFIDENCE: 0.95
REASON: The player's focused expression and active posture suggest deep engagement in the game."
mscoco/images/COCO_train2014_000000026699.jpg,Disquietment,Disconnection,0.75,"The person appears isolated and detached, standing alone with a neutral expression in a sports setting.","LABEL: Disconnection
CONFIDENCE: 0.75
REASON: The person appears isolated and detached, standing alone with a neutral expression in a sports setting."
mscoco/images/COCO_train2014_000000503557.jpg,Disquietment,Engagement,0.95,"The man is focused and actively participating in a game, indicating engagement.","LABEL: Engagement
CONFIDENCE: 0.95
REASON: The man is focused and actively participating in a game, indicating engagement."
mscoco/images/COCO_train2014_000000040449.jpg,Disquietment,Engagement,0.85,"The person is actively taking a selfie, indicating engagement with the moment and the camera.","LABEL: Engagement
CONFIDENCE: 0.85
REASON: The person is actively taking a selfie, indicating engagement with the moment and the camera."
emodb_small/images/er4y04sxe8urhb02w1.jpg,Disquietment,Sadness,0.85,The boy's downturned mouth and somber expression convey a sense of sadness.,"LABEL: Sadness
CONFIDENCE: 0.85
REASON: The boy's downturned mouth and somber expression convey a sense of sadness."
mscoco/images/COCO_train2014_000000200416.jpg,Disquietment,Excitement,0.95,"The person is performing a dynamic skateboarding trick with high energy and focus, suggesting excitement.","LABEL: Excitement
CONFIDENCE: 0.95
REASON: The person is performing a dynamic skateboarding trick with high energy and focus, suggesting excitement."
mscoco/images/COCO_train2014_000000073864.jpg,Disquietment,Sadness,0.95,"The child is crying and covering their face, indicating distress or sadness.","LABEL: Sadness
CONFIDENCE: 0.95
REASON: The child is crying and covering their face, indicating distress or sadness."
mscoco/images/COCO_train2014_000000563364.jpg,Disquietment,Confidence,0.8,The woman's posture and direct gaze suggest self-assurance.,"LABEL: Confidence
CONFIDENCE: 0.8
REASON: The woman's posture and direct gaze suggest self-assurance."
framesdb/images/frame_l13azlwi9v5yz5vg.jpg,Disquietment,Excitement,0.95,The girl's wide smile and energetic movement in the water convey clear excitement.,"LABEL: Excitement
CONFIDENCE: 0.95
REASON: The girl's wide smile and energetic movement in the water convey clear excitement."
mscoco/images/COCO_train2014_000000263212.jpg,Disquietment,Engagement,0.95,"The woman is actively using her phone, possibly taking a photo or video, indicating engagement with her surroundings.","LABEL: Engagement
CONFIDENCE: 0.95
REASON: The woman is actively using her phone, possibly taking a photo or video, indicating engagement with her surroundings."
mscoco/images/COCO_train2014_000000488897.jpg,Disquietment,Happiness,0.95,The man is smiling broadly and appears engaged and joyful in the social setting.,"LABEL: Happiness
CONFIDENCE: 0.95
REASON: The man is smiling broadly and appears engaged and joyful in the social setting."
mscoco/images/COCO_train2014_000000012424.jpg,Disquietment,Disconnection,0.65,"The person appears isolated and detached, with a neutral expression and lack of interaction with surroundings.","LABEL: Disconnection
CONFIDENCE: 0.65
REASON: The person appears isolated and detached, with a neutral expression and lack of interaction with surroundings."
emodb_small/images/8np055tw5fr7i1ycxl.jpg,Fear,Confidence,0.85,The person's crossed arms and direct posture suggest self-assurance.,"LABEL: Confidence
CONFIDENCE: 0.85
REASON: The person's crossed arms and direct posture suggest self-assurance."
framesdb/images/frame_6h8pczdocglgh0jl.jpg,Fear,Sadness,0.85,The person's downturned mouth and somber expression convey a sense of sadness.,"LABEL: Sadness
CONFIDENCE: 0.85
REASON: The person's downturned mouth and somber expression convey a sense of sadness."
mscoco/images/COCO_train2014_000000387270.jpg,Fear,Excitement,0.95,The surfer's focused expression and dynamic posture convey intense excitement while riding the wave.,"LABEL: Excitement
CONFIDENCE: 0.95
REASON: The surfer's focused expression and dynamic posture convey intense excitement while riding the wave."
framesdb/images/frame_dzyq9ukbsjiicxhe.jpg,Fear,Happiness,0.95,"The person is smiling and making a playful gesture, indicating joy.","LABEL: Happiness
CONFIDENCE: 0.95
REASON: The person is smiling and making a playful gesture, indicating joy."
emodb_small/images/fdp6ejoy2z5ckxu7uf.jpg,Fear,Fear,0.95,"The man's wide eyes, tense facial expression, and hand-on-face gesture strongly indicate fear.","LABEL: Fear
CONFIDENCE: 0.95
REASON: The man's wide eyes, tense facial expression, and hand-on-face gesture strongly indicate fear."
mscoco/images/COCO_val2014_000000094926.jpg,Fear,Affection,0.85,"The child's cheerful backpack with a smiling face evokes a sense of warmth and care, suggesting affectionate feelings.","LABEL: Affection
CONFIDENCE: 0.85
REASON: The child's cheerful backpack with a smiling face evokes a sense of warmth and care, suggesting affectionate feelings."
mscoco/images/COCO_train2014_000000513077.jpg,Fear,Excitement,0.95,The person's dynamic pose and focused expression suggest energetic engagement in an activity.,"LABEL: Excitement
CONFIDENCE: 0.95
REASON: The person's dynamic pose and focused expression suggest energetic engagement in an activity."
mscoco/images/COCO_train2014_000000055637.jpg,Fear,Confidence,0.95,The man's posture and hand-on-helmet gesture convey self-assurance and control.,"LABEL: Confidence
CONFIDENCE: 0.95
REASON: The man's posture and hand-on-helmet gesture convey self-assurance and control."
mscoco/images/COCO_train2014_000000023447.jpg,Fear,Engagement,0.95,"The boy is focused and actively engaged in playing with the wheel, showing concentration and involvement in the activity.","LABEL: Engagement
CONFIDENCE: 0.95
REASON: The boy is focused and actively engaged in playing with the wheel, showing concentration and involvement in the activity."
mscoco/images/COCO_train2014_000000479095.jpg,Fear,Excitement,0.95,"The rider's intense focus and the dynamic posture on the motorcycle suggest high energy and anticipation, typical of excitement.","LABEL: Excitement
CONFIDENCE: 0.95
REASON: The rider's intense focus and the dynamic posture on the motorcycle suggest high energy and anticipation, typical of excitement."
mscoco/images/COCO_train2014_000000139000.jpg,Fear,Engagement,0.95,"The person is actively using ski poles and appears focused on navigating the snowy terrain, indicating engagement in the activity.","LABEL: Engagement
CONFIDENCE: 0.95
REASON: The person is actively using ski poles and appears focused on navigating the snowy terrain, indicating engagement in the activity."
framesdb/images/frame_diwx3zfyqzqdobap.jpg,Fear,Fear,0.95,The man's tense expression and defensive posture suggest fear in the face of a charging bull.,"LABEL: Fear
CONFIDENCE: 0.95
REASON: The man's tense expression and defensive posture suggest fear in the face of a charging bull."
mscoco/images/COCO_train2014_000000473733.jpg,Fear,Excitement,0.95,"The person is performing a dynamic skateboarding trick with an energetic expression, indicating excitement.","LABEL: Excitement
CONFIDENCE: 0.95
REASON: The person is performing a dynamic skateboarding trick with an energetic expression, indicating excitement."
mscoco/images/COCO_val2014_000000572453.jpg,Fear,Affection,0.95,"The woman is holding the child closely and gently, indicating a warm, affectionate bond.","LABEL: Affection
CONFIDENCE: 0.95
REASON: The woman is holding the child closely and gently, indicating a warm, affectionate bond."
framesdb/images/frame_kdqzkefxm99ebctj.jpg,Fear,Sadness,0.95,"The person is covering their face with their hand, a common gesture associated with sadness or emotional distress.","LABEL: Sadness
CONFIDENCE: 0.95
REASON: The person is covering their face with their hand, a common gesture associated with sadness or emotional distress."
framesdb/images/frame_6s4sfpzryity441d.jpg,Fear,Disconnection,0.75,"The individuals are physically close but appear to be facing away from each other, suggesting emotional or social distance.","LABEL: Disconnection
CONFIDENCE: 0.75
REASON: The individuals are physically close but appear to be facing away from each other, suggesting emotional or social distance."
mscoco/images/COCO_train2014_000000245598.jpg,Fear,Engagement,0.95,"The catcher is focused and actively engaged in the game, wearing full protective gear and preparing to catch the ball.","LABEL: Engagement
CONFIDENCE: 0.95
REASON: The catcher is focused and actively engaged in the game, wearing full protective gear and preparing to catch the ball."
mscoco/images/COCO_train2014_000000396303.jpg,Fear,Engagement,0.85,"The man is actively engaged in conversation, leaning forward with a focused expression.","LABEL: Engagement
CONFIDENCE: 0.85
REASON: The man is actively engaged in conversation, leaning forward with a focused expression."
framesdb/images/frame_7ijs2w0q2mmojydz.jpg,Fear,Disconnection,0.85,"The person appears distant and introspective, with a neutral expression and downward gaze, suggesting emotional detachment.","LABEL: Disconnection
CONFIDENCE: 0.85
REASON: The person appears distant and introspective, with a neutral expression and downward gaze, suggesting emotional detachment."
emodb_small/images/f30ns74m5j2m6ytlky.jpg,Fear,Fear,0.95,"The person's wide eyes, tense expression, and defensive posture while holding a phone suggest fear or anxiety.","LABEL: Fear
CONFIDENCE: 0.95
REASON: The person's wide eyes, tense expression, and defensive posture while holding a phone suggest fear or anxiety."
emodb_small/images/b2a6r33ptewb81m5qn.jpg,Fear,Surprise,0.95,The person's wide eyes and slightly open mouth indicate a sudden unexpected reaction.,"LABEL: Surprise
CONFIDENCE: 0.95
REASON: The person's wide eyes and slightly open mouth indicate a sudden unexpected reaction."
framesdb/images/frame_05uw61tegz1kfic4.jpg,Fear,Fear,0.95,"The person appears to be in a dangerous situation, clinging to a ladder on a fire escape, which suggests fear of falling.","LABEL: Fear
CONFIDENCE: 0.95
REASON: The person appears to be in a dangerous situation, clinging to a ladder on a fire escape, which suggests fear of falling."
mscoco/images/COCO_train2014_000000025549.jpg,Fear,Happiness,0.95,"The child is smiling and actively playing on the beach, indicating joy and happiness.","LABEL: Happiness
CONFIDENCE: 0.95
REASON: The child is smiling and actively playing on the beach, indicating joy and happiness."
mscoco/images/COCO_train2014_000000199835.jpg,Fear,Surprise,0.95,"The man's wide eyes and open mouth suggest a sudden, unexpected reaction.","LABEL: Surprise
CONFIDENCE: 0.95
REASON: The man's wide eyes and open mouth suggest a sudden, unexpected reaction."
mscoco/images/COCO_train2014_000000579440.jpg,Fear,Engagement,0.95,"The man is focused and actively participating in an activity, suggesting engagement.","LABEL: Engagement
CONFIDENCE: 0.95
REASON: The man is focused and actively participating in an activity, suggesting engagement."
mscoco/images/COCO_train2014_000000296424.jpg,Fear,Engagement,0.95,"The player is actively swinging the bat, showing intense focus and involvement in the game.","LABEL: Engagement
CONFIDENCE: 0.95
REASON: The player is actively swinging the bat, showing intense focus and involvement in the game."
mscoco/images/COCO_train2014_000000037009.jpg,Fear,Disconnection,0.75,"The person is facing away from the camera, seemingly focused on something out of view, suggesting emotional or social detachment.","LABEL: Disconnection
CONFIDENCE: 0.75
REASON: The person is facing away from the camera, seemingly focused on something out of view, suggesting emotional or social detachment."
mscoco/images/COCO_train2014_000000519218.jpg,Fear,Engagement,0.95,"The person is actively engaged in an activity, showing focus and physical involvement.","LABEL: Engagement
CONFIDENCE: 0.95
REASON: The person is actively engaged in an activity, showing focus and physical involvement."
mscoco/images/COCO_train2014_000000054351.jpg,Fear,Engagement,0.95,"The man is actively playing tennis, focused on the ball with a determined expression and proper form.","LABEL: Engagement
CONFIDENCE: 0.95
REASON: The man is actively playing tennis, focused on the ball with a determined expression and proper form."
mscoco/images/COCO_train2014_000000480088.jpg,Fear,Fear,0.95,"The person's wide eyes, tense posture, and the context of being bound suggest intense fear.","LABEL: Fear
CONFIDENCE: 0.95
REASON: The person's wide eyes, tense posture, and the context of being bound suggest intense fear."
mscoco/images/COCO_train2014_000000502134.jpg,Fear,Surprise,0.85,"The person in the Santa costume is wearing a helmet and appears to be on a motorcycle, which is an unexpected sight.","LABEL: Surprise
CONFIDENCE: 0.85
REASON: The person in the Santa costume is wearing a helmet and appears to be on a motorcycle, which is an unexpected sight."
framesdb/images/frame_7dyt85w02xs0hyle.jpg,Fear,Fear,0.95,The bullfighter's tense expression and precarious position on the horse suggest fear of injury or danger.,"LABEL: Fear
CONFIDENCE: 0.95
REASON: The bullfighter's tense expression and precarious position on the horse suggest fear of injury or danger."
mscoco/images/COCO_train2014_000000033156.jpg,Fear,Happiness,0.95,"The person is smiling broadly, indicating a clear expression of happiness.","LABEL: Happiness
CONFIDENCE: 0.95
REASON: The person is smiling broadly, indicating a clear expression of happiness."
mscoco/images/COCO_train2014_000000054738.jpg,Fear,Disconnection,0.75,"The boy appears distant and is not engaging with the camera or his surroundings, suggesting a sense of disconnection.","LABEL: Disconnection
CONFIDENCE: 0.75
REASON: The boy appears distant and is not engaging with the camera or his surroundings, suggesting a sense of disconnection."
emodb_small/images/de4b3mu9kk2e5zwv8a.jpg,Pain,Pain,0.95,"The athlete is lying on the ground in visible distress, clutching his leg, indicating acute physical pain.","LABEL: Pain
CONFIDENCE: 0.95
REASON: The athlete is lying on the ground in visible distress, clutching his leg, indicating acute physical pain."
emodb_small/images/dsvzuufgy7v1mdsgi0.jpg,Pain,Pain,0.95,The person's facial expression shows extreme distress and contorted features consistent with experiencing pain.,"LABEL: Pain
CONFIDENCE: 0.95
REASON: The person's facial expression shows extreme distress and contorted features consistent with experiencing pain."
emodb_small/images/e15x3ogndoladu97ma.jpg,Pain,Anger,0.95,"The person's wide-open mouth, intense facial expression, and tense body language strongly indicate anger.","LABEL: Anger
CONFIDENCE: 0.95
REASON: The person's wide-open mouth, intense facial expression, and tense body language strongly indicate anger."
emodb_small/images/dz2exu795mcqgusx8x.jpg,Pain,Fear,0.95,"The man's wide eyes and tense expression, combined with the dog attacking him, indicate fear.","LABEL: Fear
CONFIDENCE: 0.95
REASON: The man's wide eyes and tense expression, combined with the dog attacking him, indicate fear."
mscoco/images/COCO_train2014_000000034100.jpg,Pain,Disconnection,0.75,"The person appears to be physically present but mentally distant, with a neutral expression and lack of engagement with the environment.","LABEL: Disconnection
CONFIDENCE: 0.75
REASON: The person appears to be physically present but mentally distant, with a neutral expression and lack of engagement with the environment."
framesdb/images/frame_cpbwu7sx99eo3fj0.jpg,Pain,Fear,0.85,"The man is lying in a hospital bed with an oxygen mask, suggesting a critical condition that likely induces fear.","LABEL: Fear
CONFIDENCE: 0.85
REASON: The man is lying in a hospital bed with an oxygen mask, suggesting a critical condition that likely induces fear."
framesdb/images/frame_idipgq1m9tqv219p.jpg,Pain,Pain,0.95,"The boxer's facial expression shows intense discomfort and pain, with eyes closed tightly and mouth open as if reacting to a painful impact.","LABEL: Pain
CONFIDENCE: 0.95
REASON: The boxer's facial expression shows intense discomfort and pain, with eyes closed tightly and mouth open as if reacting to a painful impact."
framesdb/images/frame_hvkeqenbteoc6ljb.jpg,Pain,Sadness,0.85,The man's downturned mouth and somber expression suggest sadness.,"LABEL: Sadness
CONFIDENCE: 0.85
REASON: The man's downturned mouth and somber expression suggest sadness."
emodb_small/images/77s7vrrfhazmibhvxg.jpg,Pain,Fatigue,0.95,"The person's closed eyes, relaxed posture, and slightly open mouth suggest tiredness or exhaustion.","LABEL: Fatigue
CONFIDENCE: 0.95
REASON: The person's closed eyes, relaxed posture, and slightly open mouth suggest tiredness or exhaustion."
emodb_small/images/e0qq1z3hl4ncdgk8q2.jpg,Pain,Pain,0.95,"The person is grimacing and holding their shoulder, indicating physical discomfort or pain.","LABEL: Pain
CONFIDENCE: 0.95
REASON: The person is grimacing and holding their shoulder, indicating physical discomfort or pain."
emodb_small/images/7bbvh08x1q5z47ebbr.jpg,Pain,Fatigue,0.95,"The man is lying on the grass with a tired expression, suggesting exhaustion after physical activity.","LABEL: Fatigue
CONFIDENCE: 0.95
REASON: The man is lying on the grass with a tired expression, suggesting exhaustion after physical activity."
mscoco/images/COCO_train2014_000000485852.jpg,Pain,Excitement,0.95,The rider's posture and focused expression suggest enthusiasm and anticipation for the ride.,"LABEL: Excitement
CONFIDENCE: 0.95
REASON: The rider's posture and focused expression suggest enthusiasm and anticipation for the ride."
emodb_small/images/67rs0lowdqlp274r56.jpg,Pain,Pain,0.95,"The man is holding his lower back and knee, indicating physical discomfort or pain.","LABEL: Pain
CONFIDENCE: 0.95
REASON: The man is holding his lower back and knee, indicating physical discomfort or pain."
emodb_small/images/dsrsw51o0iv6nwvkkv.jpg,Pain,Pain,0.95,"The player is visibly in distress, holding his leg and grimacing in pain.","LABEL: Pain
CONFIDENCE: 0.95
REASON: The player is visibly in distress, holding his leg and grimacing in pain."
emodb_small/images/dc2rq2x20htjbfwo5h.jpg,Pain,Pain,0.95,"The man is grimacing and holding his lower back, indicating physical pain.","LABEL: Pain
CONFIDENCE: 0.95
REASON: The man is grimacing and holding his lower back, indicating physical pain."
mscoco/images/COCO_val2014_000000566923.jpg,Pain,Fear,0.95,"The person's distressed expression, bloodied face, and tense posture suggest intense fear in a chaotic situation.","LABEL: Fear
CONFIDENCE: 0.95
REASON: The person's distressed expression, bloodied face, and tense posture suggest intense fear in a chaotic situation."
emodb_small/images/dos3optnd365otvthb.jpg,Pain,Pain,0.95,The man's facial expression and hand on his chest indicate severe physical discomfort consistent with pain.,"LABEL: Pain
CONFIDENCE: 0.95
REASON: The man's facial expression and hand on his chest indicate severe physical discomfort consistent with pain."
mscoco/images/COCO_train2014_000000010929.jpg,Pain,Excitement,0.95,The child's wide eyes and active posture suggest enthusiasm and engagement in play.,"LABEL: Excitement
CONFIDENCE: 0.95
REASON: The child's wide eyes and active posture suggest enthusiasm and engagement in play."
framesdb/images/frame_3ojn4of2k1y7wegp.jpg,Pain,Pain,0.85,"The person appears to be holding their leg in discomfort, suggesting physical pain.","LABEL: Pain
CONFIDENCE: 0.85
REASON: The person appears to be holding their leg in discomfort, suggesting physical pain."
framesdb/images/frame_hiq7bbseklb9nx7l.jpg,Pain,Peace,0.85,"The calm, uniform texture of the snow suggests a quiet and serene environment.","LABEL: Peace
CONFIDENCE: 0.85
REASON: The calm, uniform texture of the snow suggests a quiet and serene environment."
emodb_small/images/dzgd47s8gphnvix1et.jpg,Pain,Pain,0.95,"The man is clutching his chest with a pained expression, indicating physical discomfort or pain.","LABEL: Pain
CONFIDENCE: 0.95
REASON: The man is clutching his chest with a pained expression, indicating physical discomfort or pain."
emodb_small/images/drzbqqu4xwzi7shbiw.jpg,Pain,Pain,0.95,"The man is grimacing and holding his shoulder, indicating physical pain.","LABEL: Pain
CONFIDENCE: 0.95
REASON: The man is grimacing and holding his shoulder, indicating physical pain."
mscoco/images/COCO_train2014_000000490182.jpg,Pain,Excitement,0.95,The player's dynamic pose and focused expression convey high energy and enthusiasm typical of a thrilling moment in the game.,"LABEL: Excitement
CONFIDENCE: 0.95
REASON: The player's dynamic pose and focused expression convey high energy and enthusiasm typical of a thrilling moment in the game."
emodb_small/images/e11uj6f3dy2hc3r7n6.jpg,Pain,Peace,0.85,"The image evokes a sense of calm and stillness through its muted tones and natural elements, suggesting tranquility.","LABEL: Peace
CONFIDENCE: 0.85
REASON: The image evokes a sense of calm and stillness through its muted tones and natural elements, suggesting tranquility."
emodb_small/images/dj8nlghl2i27dcwept.jpg,Pain,Fear,0.95,The child's wide eyes and open mouth suggest fear or distress as they are being pulled by a bag.,"LABEL: Fear
CONFIDENCE: 0.95
REASON: The child's wide eyes and open mouth suggest fear or distress as they are being pulled by a bag."
emodb_small/images/e1oqgilaydutrlhfih.jpg,Pain,Pain,0.95,"The person is lying on the ground in visible distress, holding their leg, indicating physical pain.","LABEL: Pain
CONFIDENCE: 0.95
REASON: The person is lying on the ground in visible distress, holding their leg, indicating physical pain."
emodb_small/images/dtp2df4s8zjcgtnjsm.jpg,Pain,Pain,0.95,"The player is crouched over in visible discomfort, holding her leg, indicating physical pain.","LABEL: Pain
CONFIDENCE: 0.95
REASON: The player is crouched over in visible discomfort, holding her leg, indicating physical pain."
emodb_small/images/dcjqh15lunvxk3jur0.jpg,Pain,Pain,0.95,"The man is holding his shoulder and appears to be in discomfort, indicating physical pain.","LABEL: Pain
CONFIDENCE: 0.95
REASON: The man is holding his shoulder and appears to be in discomfort, indicating physical pain."
emodb_small/images/dl5k4ukmcum9z54826.jpg,Pain,Affection,0.95,"The man is gently holding the woman's hand and looking at her with care, showing affection during a vulnerable moment.","LABEL: Affection
CONFIDENCE: 0.95
REASON: The man is gently holding the woman's hand and looking at her with care, showing affection during a vulnerable moment."
mscoco/images/COCO_train2014_000000255459.jpg,Pain,Fatigue,0.95,"The player is bent over with hands on knees, a posture often associated with exhaustion or physical tiredness.","LABEL: Fatigue
CONFIDENCE: 0.95
REASON: The player is bent over with hands on knees, a posture often associated with exhaustion or physical tiredness."
mscoco/images/COCO_train2014_000000298031.jpg,Suffering,Fatigue,0.95,The man's tired expression and slouched posture suggest exhaustion after physical activity.,"LABEL: Fatigue
CONFIDENCE: 0.95
REASON: The man's tired expression and slouched posture suggest exhaustion after physical activity."
emodb_small/images/e9b5cftu9bwcw29nnh.jpg,Suffering,Fear,0.95,The woman's wide eyes and tense expression suggest she is experiencing fear.,"LABEL: Fear
CONFIDENCE: 0.95
REASON: The woman's wide eyes and tense expression suggest she is experiencing fear."
mscoco/images/COCO_train2014_000000408917.jpg,Suffering,Surprise,0.95,The child's wide eyes and open mouth suggest a sudden reaction to something unexpected.,"LABEL: Surprise
CONFIDENCE: 0.95
REASON: The child's wide eyes and open mouth suggest a sudden reaction to something unexpected."
mscoco/images/COCO_train2014_000000018656.jpg,Suffering,Excitement,0.95,The child's wide eyes and engaged expression suggest enthusiasm and excitement while wearing the costume.,"LABEL: Excitement
CONFIDENCE: 0.95
REASON: The child's wide eyes and engaged expression suggest enthusiasm and excitement while wearing the costume."
emodb_small/images/c5robr916k7aeap6l9.jpg,Suffering,Fear,0.95,The woman's tense facial expression and clasped hands suggest anxiety or fear.,"LABEL: Fear
CONFIDENCE: 0.95
REASON: The woman's tense facial expression and clasped hands suggest anxiety or fear."
mscoco/images/COCO_train2014_000000048130.jpg,Suffering,Disconnection,0.75,"The person is looking down and away, with a neutral expression, suggesting emotional detachment or disengagement from the surroundings.","LABEL: Disconnection
CONFIDENCE: 0.75
REASON: The person is looking down and away, with a neutral expression, suggesting emotional detachment or disengagement from the surroundings."
mscoco/images/COCO_train2014_000000151563.jpg,Suffering,Happiness,0.95,"The man is smiling broadly, indicating a positive emotional state.","LABEL: Happiness
CONFIDENCE: 0.95
REASON: The man is smiling broadly, indicating a positive emotional state."
mscoco/images/COCO_train2014_000000052440.jpg,Suffering,Engagement,0.85,"The man is leaning in closely toward the woman, suggesting a moment of connection and engagement.","LABEL: Engagement
CONFIDENCE: 0.85
REASON: The man is leaning in closely toward the woman, suggesting a moment of connection and engagement."
framesdb/images/frame_hvebkks8si2hujg3.jpg,Suffering,Engagement,0.95,The person appears focused and actively engaged in handling produce at a market stall.,"LABEL: Engagement
CONFIDENCE: 0.95
REASON: The person appears focused and actively engaged in handling produce at a market stall."
framesdb/images/frame_bp97cx6kc443bwbd.jpg,Suffering,Disconnection,0.75,"The person appears isolated and detached, with a neutral expression and lack of interaction with the surroundings.","LABEL: Disconnection
CONFIDENCE: 0.75
REASON: The person appears isolated and detached, with a neutral expression and lack of interaction with the surroundings."
mscoco/images/COCO_train2014_000000121167.jpg,Suffering,Happiness,0.95,"The child is smiling and appears relaxed while lying down, indicating a positive emotional state.","LABEL: Happiness
CONFIDENCE: 0.95
REASON: The child is smiling and appears relaxed while lying down, indicating a positive emotional state."
mscoco/images/COCO_train2014_000000471410.jpg,Suffering,Pain,0.95,"The person is holding their head and appears to be in physical distress, suggesting pain.","LABEL: Pain
CONFIDENCE: 0.95
REASON: The person is holding their head and appears to be in physical distress, suggesting pain."
mscoco/images/COCO_train2014_000000480088.jpg,Suffering,Fear,0.95,"The individuals appear restrained and distressed, with tense expressions and physical restraints, indicating fear.","LABEL: Fear
CONFIDENCE: 0.95
REASON: The individuals appear restrained and distressed, with tense expressions and physical restraints, indicating fear."
framesdb/images/frame_66bc289hmy2r81hv.jpg,Suffering,Disconnection,0.85,"The person stands with arms crossed and a distant gaze, suggesting emotional withdrawal or detachment from their surroundings.","LABEL: Disconnection
CONFIDENCE: 0.85
REASON: The person stands with arms crossed and a distant gaze, suggesting emotional withdrawal or detachment from their surroundings."
framesdb/images/frame_81ywrqgcwmx0fatw.jpg,Suffering,Disconnection,0.85,"The person appears isolated and detached, with a downward gaze and tense posture, suggesting emotional or social disconnection.","LABEL: Disconnection
CONFIDENCE: 0.85
REASON: The person appears isolated and detached, with a downward gaze and tense posture, suggesting emotional or social disconnection."
mscoco/images/COCO_train2014_000000572737.jpg,Suffering,Fatigue,0.95,"The man's posture, heavy load, and expression suggest physical exhaustion.","LABEL: Fatigue
CONFIDENCE: 0.95
REASON: The man's posture, heavy load, and expression suggest physical exhaustion."
mscoco/images/COCO_train2014_000000530610.jpg,Suffering,Pain,0.95,"The person is hunched over in pain, holding their head with a pained expression, suggesting physical discomfort or injury.","LABEL: Pain
CONFIDENCE: 0.95
REASON: The person is hunched over in pain, holding their head with a pained expression, suggesting physical discomfort or injury."
framesdb/images/frame_hdepjixs67t3l4zo.jpg,Engagement,Happiness,0.95,The woman is smiling widely and appears to be enjoying herself at a lively social gathering.,"LABEL: Happiness
CONFIDENCE: 0.95
REASON: The woman is smiling widely and appears to be enjoying herself at a lively social gathering."
mscoco/images/COCO_val2014_000000110392.jpg,Engagement,Engagement,0.95,"The woman is actively engaged in a phone conversation, indicated by her hand holding the phone to her ear and her focused expression.","LABEL: Engagement
CONFIDENCE: 0.95
REASON: The woman is actively engaged in a phone conversation, indicated by her hand holding the phone to her ear and her focused expression."
mscoco/images/COCO_train2014_000000509626.jpg,Engagement,Engagement,0.95,"The catcher is focused and ready, indicating active engagement in the game.","LABEL: Engagement
CONFIDENCE: 0.95
REASON: The catcher is focused and ready, indicating active engagement in the game."
mscoco/images/COCO_train2014_000000102225.jpg,Engagement,Engagement,0.95,"The catcher is actively focused and positioned to receive the pitch, indicating high engagement in the game.","LABEL: Engagement
CONFIDENCE: 0.95
REASON: The catcher is actively focused and positioned to receive the pitch, indicating high engagement in the game."
mscoco/images/COCO_train2014_000000533291.jpg,Engagement,Excitement,0.95,"The person is performing a dynamic snowboarding trick with arms raised, indicating exhilaration and high energy.","LABEL: Excitement
CONFIDENCE: 0.95
REASON: The person is performing a dynamic snowboarding trick with arms raised, indicating exhilaration and high energy."
framesdb/images/frame_482f0lsguoiv0sk6.jpg,Engagement,Engagement,0.95,"The person is actively engaged in a baseball game, focused on catching the ball.","LABEL: Engagement
CONFIDENCE: 0.95
REASON: The person is actively engaged in a baseball game, focused on catching the ball."
framesdb/images/frame_ddghjgrf7k9jei5j.jpg,Engagement,Happiness,0.85,"The person is smiling slightly and appears relaxed, suggesting a positive emotional state.","LABEL: Happiness
CONFIDENCE: 0.85
REASON: The person is smiling slightly and appears relaxed, suggesting a positive emotional state."
mscoco/images/COCO_train2014_000000565387.jpg,Engagement,Disconnection,0.75,"The man appears focused on the road, with a neutral expression and no visible interaction, suggesting emotional detachment from his surroundings.","LABEL: Disconnection
CONFIDENCE: 0.75
REASON: The man appears focused on the road, with a neutral expression and no visible interaction, suggesting emotional detachment from his surroundings."
framesdb/images/frame_6x5lpc7dh3yvrnc3.jpg,Engagement,Engagement,0.95,The player's focused expression and active stance suggest deep involvement in the game.,"LABEL: Engagement
CONFIDENCE: 0.95
REASON: The player's focused expression and active stance suggest deep involvement in the game."
framesdb/images/frame_6x5lpc7dh3yvrnc3.jpg,Engagement,Excitement,0.95,The player's wide smile and energetic gesture suggest excitement.,"LABEL: Excitement
CONFIDENCE: 0.95
REASON: The player's wide smile and energetic gesture suggest excitement."
framesdb/images/frame_6x5lpc7dh3yvrnc3.jpg,Engagement,Disapproval,0.95,The person's stern expression and body language suggest disapproval.,"LABEL: Disapproval
CONFIDENCE: 0.95
REASON: The person's stern expression and body language suggest disapproval."
framesdb/images/frame_jsnriwfd0ffphs5g.jpg,Engagement,Happiness,0.95,"The person is smiling broadly and appears to be enjoying the water, indicating happiness.","LABEL: Happiness
CONFIDENCE: 0.95
REASON: The person is smiling broadly and appears to be enjoying the water, indicating happiness."
framesdb/images/frame_63mtckpdjfc0y9q8.jpg,Engagement,Engagement,0.85,"The players are actively engaged in a soccer match, indicated by their athletic stance and positioning on the field.","LABEL: Engagement
CONFIDENCE: 0.85
REASON: The players are actively engaged in a soccer match, indicated by their athletic stance and positioning on the field."
framesdb/images/frame_98zn80gxar4u0kzg.jpg,Engagement,Disconnection,0.75,"The officer is focused on his device, seemingly detached from his surroundings.","LABEL: Disconnection
CONFIDENCE: 0.75
REASON: The officer is focused on his device, seemingly detached from his surroundings."
mscoco/images/COCO_train2014_000000147012.jpg,Engagement,Engagement,0.85,"The person appears attentive and focused, suggesting active engagement in the situation.","LABEL: Engagement
CONFIDENCE: 0.85
REASON: The person appears attentive and focused, suggesting active engagement in the situation."
mscoco/images/COCO_train2014_000000167397.jpg,Engagement,Engagement,0.95,"The person appears actively involved, holding a microphone and speaking to an audience.","LABEL: Engagement
CONFIDENCE: 0.95
REASON: The person appears actively involved, holding a microphone and speaking to an audience."
framesdb/images/frame_0v2clxpnah9oj514.jpg,Engagement,Engagement,0.95,"The man is focused and actively sorting through items in a suitcase, indicating engagement with his task.","LABEL: Engagement
CONFIDENCE: 0.95
REASON: The man is focused and actively sorting through items in a suitcase, indicating engagement with his task."
mscoco/images/COCO_val2014_000000160480.jpg,Engagement,Engagement,0.95,"The woman is focused on her laptop, indicating active involvement in her task.","LABEL: Engagement
CONFIDENCE: 0.95
REASON: The woman is focused on her laptop, indicating active involvement in her task."
mscoco/images/COCO_train2014_000000560391.jpg,Engagement,Engagement,0.95,"The woman is focused and actively handling produce, indicating engagement with her task.","LABEL: Engagement
CONFIDENCE: 0.95
REASON: The woman is focused and actively handling produce, indicating engagement with her task."
mscoco/images/COCO_train2014_000000028642.jpg,Engagement,Engagement,0.95,"The individual is focused and actively participating in a group activity, indicating engagement.","LABEL: Engagement
CONFIDENCE: 0.95
REASON: The individual is focused and actively participating in a group activity, indicating engagement."
framesdb/images/frame_1cnsgmoppetoruv9.jpg,Engagement,Engagement,0.85,"The man is actively engaged in conversation, indicated by his focused expression and body orientation toward others in the group.","LABEL: Engagement
CONFIDENCE: 0.85
REASON: The man is actively engaged in conversation, indicated by his focused expression and body orientation toward others in the group."
framesdb/images/frame_1cnsgmoppetoruv9.jpg,Engagement,Engagement,0.95,"The woman is actively participating in a social event, holding food and interacting with others.","LABEL: Engagement
CONFIDENCE: 0.95
REASON: The woman is actively participating in a social event, holding food and interacting with others."
mscoco/images/COCO_train2014_000000336858.jpg,Engagement,Excitement,0.95,The skier's dynamic pose and focused expression convey a sense of exhilaration and thrill.,"LABEL: Excitement
CONFIDENCE: 0.95
REASON: The skier's dynamic pose and focused expression convey a sense of exhilaration and thrill."
mscoco/images/COCO_train2014_000000025461.jpg,Engagement,Engagement,0.95,"The person is actively adjusting their hat and appears focused on an activity, suggesting engagement with their surroundings.","LABEL: Engagement
CONFIDENCE: 0.95
REASON: The person is actively adjusting their hat and appears focused on an activity, suggesting engagement with their surroundings."
mscoco/images/COCO_train2014_000000025461.jpg,Engagement,Engagement,0.95,"The person is actively participating in an outdoor event, holding a drum and wearing traditional attire, indicating involvement and engagement.","LABEL: Engagement
CONFIDENCE: 0.95
REASON: The person is actively participating in an outdoor event, holding a drum and wearing traditional attire, indicating involvement and engagement."
mscoco/images/COCO_train2014_000000024571.jpg,Engagement,Engagement,0.95,"The player is focused and ready to hit the ball, showing intense concentration.","LABEL: Engagement
CONFIDENCE: 0.95
REASON: The player is focused and ready to hit the ball, showing intense concentration."
mscoco/images/COCO_train2014_000000213135.jpg,Engagement,Happiness,0.95,"The child has a content expression while eating, suggesting enjoyment.","LABEL: Happiness
CONFIDENCE: 0.95
REASON: The child has a content expression while eating, suggesting enjoyment."
mscoco/images/COCO_train2014_000000256276.jpg,Engagement,Happiness,0.95,"The woman is smiling broadly while holding a bear cub, indicating clear happiness.","LABEL: Happiness
CONFIDENCE: 0.95
REASON: The woman is smiling broadly while holding a bear cub, indicating clear happiness."
mscoco/images/COCO_train2014_000000256276.jpg,Engagement,Affection,0.95,"The man is gently interacting with the animal, showing care and tenderness.","LABEL: Affection
CONFIDENCE: 0.95
REASON: The man is gently interacting with the animal, showing care and tenderness."
framesdb/images/frame_jbtqq5ahai9ylby3.jpg,Engagement,Happiness,0.95,The players are smiling and appear to be celebrating on the field.,"LABEL: Happiness
CONFIDENCE: 0.95
REASON: The players are smiling and appear to be celebrating on the field."
mscoco/images/COCO_train2014_000000199865.jpg,Engagement,Excitement,0.95,The skier's focused expression and dynamic posture suggest intense engagement and thrill.,"LABEL: Excitement
CONFIDENCE: 0.95
REASON: The skier's focused expression and dynamic posture suggest intense engagement and thrill."
mscoco/images/COCO_train2014_000000441828.jpg,Engagement,Excitement,0.95,The man's intense focus and the dynamic water splashing around him suggest exhilaration and excitement.,"LABEL: Excitement
CONFIDENCE: 0.95
REASON: The man's intense focus and the dynamic water splashing around him suggest exhilaration and excitement."
mscoco/images/COCO_train2014_000000087604.jpg,Engagement,Engagement,0.95,The player's focused expression and dynamic posture suggest deep involvement in the game.,"LABEL: Engagement
CONFIDENCE: 0.95
REASON: The player's focused expression and dynamic posture suggest deep involvement in the game."
mscoco/images/COCO_train2014_000000042312.jpg,Engagement,Happiness,0.95,"The person is smiling broadly while holding a box of donuts, indicating joy and satisfaction.","LABEL: Happiness
CONFIDENCE: 0.95
REASON: The person is smiling broadly while holding a box of donuts, indicating joy and satisfaction."
mscoco/images/COCO_train2014_000000156763.jpg,Engagement,Engagement,0.95,"The person is actively participating in a sports event, showing focus and involvement.","LABEL: Engagement
CONFIDENCE: 0.95
REASON: The person is actively participating in a sports event, showing focus and involvement."
mscoco/images/COCO_train2014_000000230061.jpg,Engagement,Engagement,0.95,"The woman is focused and actively arranging flowers, indicating engagement in her task.","LABEL: Engagement
CONFIDENCE: 0.95
REASON: The woman is focused and actively arranging flowers, indicating engagement in her task."
mscoco/images/COCO_train2014_000000163435.jpg,Engagement,Engagement,0.95,"The player is actively focused on the game, with dynamic movement and concentration on the ball.","LABEL: Engagement
CONFIDENCE: 0.95
REASON: The player is actively focused on the game, with dynamic movement and concentration on the ball."
mscoco/images/COCO_train2014_000000030299.jpg,Engagement,Excitement,0.95,The boy's raised arms and focused expression suggest enthusiasm and excitement during the activity.,"LABEL: Excitement
CONFIDENCE: 0.95
REASON: The boy's raised arms and focused expression suggest enthusiasm and excitement during the activity."
