image_path,true_label,pred_label,confidence,short_reason,raw_response
mscoco/images/COCO_train2014_000000462955.jpg,Peace,Confidence,0.85,The man's direct gaze and composed posture while taking a selfie suggest self-assurance.,"LABEL: Confidence
CONFIDENCE: 0.85
REASON: The man's direct gaze and composed posture while taking a selfie suggest self-assurance."
mscoco/images/COCO_train2014_000000186198.jpg,Peace,Excitement,0.95,The children's posture and bright gear suggest enthusiasm for skiing.,"LABEL: Excitement
CONFIDENCE: 0.95
REASON: The children's posture and bright gear suggest enthusiasm for skiing."
mscoco/images/COCO_val2014_000000122997.jpg,Peace,Engagement,0.95,"The individuals are focused on their devices and notes, indicating active participation in a task or discussion.","LABEL: Engagement
CONFIDENCE: 0.95
REASON: The individuals are focused on their devices and notes, indicating active participation in a task or discussion."
mscoco/images/COCO_train2014_000000253959.jpg,Peace,Excitement,0.95,The child's wide eyes and the celebratory cake with candles suggest excitement for the birthday event.,"LABEL: Excitement
CONFIDENCE: 0.95
REASON: The child's wide eyes and the celebratory cake with candles suggest excitement for the birthday event."
mscoco/images/COCO_val2014_000000461715.jpg,Peace,Peace,0.85,"The woman appears relaxed and contemplative, enjoying a quiet moment with her food in a calm outdoor setting.","LABEL: Peace
CONFIDENCE: 0.85
REASON: The woman appears relaxed and contemplative, enjoying a quiet moment with her food in a calm outdoor setting."
framesdb/images/frame_7nseu023ccmqaj3p.jpg,Peace,Happiness,0.95,The people in the image are smiling and appear to be enjoying their time camping together.,"LABEL: Happiness
CONFIDENCE: 0.95
REASON: The people in the image are smiling and appear to be enjoying their time camping together."
framesdb/images/frame_7nseu023ccmqaj3p.jpg,Peace,Happiness,0.95,The people are smiling and enjoying their time together in a pleasant outdoor setting.,"LABEL: Happiness
CONFIDENCE: 0.95
REASON: The people are smiling and enjoying their time together in a pleasant outdoor setting."
framesdb/images/frame_7nseu023ccmqaj3p.jpg,Peace,Happiness,0.95,The people in the image are smiling and appear to be enjoying their time camping together in a peaceful forest setting.,"LABEL: Happiness
CONFIDENCE: 0.95
REASON: The people in the image are smiling and appear to be enjoying their time camping together in a peaceful forest setting."
framesdb/images/frame_7nseu023ccmqaj3p.jpg,Peace,Happiness,0.95,The people are smiling and enjoying their time together in a pleasant outdoor setting.,"LABEL: Happiness
CONFIDENCE: 0.95
REASON: The people are smiling and enjoying their time together in a pleasant outdoor setting."
mscoco/images/COCO_train2014_000000149755.jpg,Peace,Excitement,0.95,The child's wide smile and engaged posture suggest excitement while interacting with the motorcycle.,"LABEL: Excitement
CONFIDENCE: 0.95
REASON: The child's wide smile and engaged posture suggest excitement while interacting with the motorcycle."
framesdb/images/frame_j44zhny87dief9zp.jpg,Peace,Excitement,0.95,"The band members are actively playing instruments with energetic expressions and movements, suggesting excitement.","LABEL: Excitement
CONFIDENCE: 0.95
REASON: The band members are actively playing instruments with energetic expressions and movements, suggesting excitement."
framesdb/images/frame_j44zhny87dief9zp.jpg,Peace,Excitement,0.95,"The band members are actively playing instruments with energetic expressions and dynamic movements, indicating high excitement.","LABEL: Excitement
CONFIDENCE: 0.95
REASON: The band members are actively playing instruments with energetic expressions and dynamic movements, indicating high excitement."
framesdb/images/frame_hzo04gqf487tm689.jpg,Peace,Happiness,0.95,"The individuals are smiling and laughing while enjoying a water ride, indicating happiness.","LABEL: Happiness
CONFIDENCE: 0.95
REASON: The individuals are smiling and laughing while enjoying a water ride, indicating happiness."
emodb_small/images/ab3l4riuiqrc4ivkqk.jpg,Peace,Peace,0.85,"The woman appears calm and contemplative, sitting quietly by the window with a relaxed posture, suggesting a sense of inner peace.","LABEL: Peace
CONFIDENCE: 0.85
REASON: The woman appears calm and contemplative, sitting quietly by the window with a relaxed posture, suggesting a sense of inner peace."
mscoco/images/COCO_val2014_000000571264.jpg,Peace,Peace,0.95,"The man stands calmly beside his motorcycle, gazing at the open landscape, conveying a sense of tranquility and solitude.","LABEL: Peace
CONFIDENCE: 0.95
REASON: The man stands calmly beside his motorcycle, gazing at the open landscape, conveying a sense of tranquility and solitude."
mscoco/images/COCO_train2014_000000331832.jpg,Peace,Engagement,0.85,"Both individuals are actively eating and focused on their food, indicating engagement in the activity.","LABEL: Engagement
CONFIDENCE: 0.85
REASON: Both individuals are actively eating and focused on their food, indicating engagement in the activity."
framesdb/images/frame_63mtckpdjfc0y9q8.jpg,Peace,Excitement,0.95,The players are celebrating a goal with high energy and enthusiasm on the field.,"LABEL: Excitement
CONFIDENCE: 0.95
REASON: The players are celebrating a goal with high energy and enthusiasm on the field."
mscoco/images/COCO_train2014_000000389772.jpg,Peace,Happiness,0.95,The individuals are smiling broadly and appear joyful while posing with tennis rackets.,"LABEL: Happiness
CONFIDENCE: 0.95
REASON: The individuals are smiling broadly and appear joyful while posing with tennis rackets."
framesdb/images/frame_6npxf90s9ozbfo99.jpg,Peace,Happiness,0.95,"People are enjoying the beach, sunbathing, swimming, and relaxing under clear skies.","LABEL: Happiness
CONFIDENCE: 0.95
REASON: People are enjoying the beach, sunbathing, swimming, and relaxing under clear skies."
mscoco/images/COCO_val2014_000000047801.jpg,Peace,Happiness,0.95,"The man is smiling while eating dessert outdoors, indicating enjoyment.","LABEL: Happiness
CONFIDENCE: 0.95
REASON: The man is smiling while eating dessert outdoors, indicating enjoyment."
framesdb/images/frame_k43u0wqy98p0ihaw.jpg,Peace,Happiness,0.95,"The woman is smiling broadly, and the scene captures a joyful moment of a new birth.","LABEL: Happiness
CONFIDENCE: 0.95
REASON: The woman is smiling broadly, and the scene captures a joyful moment of a new birth."
mscoco/images/COCO_train2014_000000458057.jpg,Peace,Engagement,0.95,"The individuals are actively engaged in conversation, with one person gesturing while speaking, indicating a high level of interaction and involvement.","LABEL: Engagement
CONFIDENCE: 0.95
REASON: The individuals are actively engaged in conversation, with one person gesturing while speaking, indicating a high level of interaction and involvement."
mscoco/images/COCO_train2014_000000458057.jpg,Peace,Engagement,0.95,"The individuals are actively conversing and sharing a meal, indicating social engagement.","LABEL: Engagement
CONFIDENCE: 0.95
REASON: The individuals are actively conversing and sharing a meal, indicating social engagement."
mscoco/images/COCO_train2014_000000457168.jpg,Peace,Engagement,0.95,"People are actively eating and interacting around the food table, showing interest and participation in the gathering.","LABEL: Engagement
CONFIDENCE: 0.95
REASON: People are actively eating and interacting around the food table, showing interest and participation in the gathering."
mscoco/images/COCO_val2014_000000553443.jpg,Peace,Disconnection,0.85,"The man is focused on his own activity while others in the background appear detached, suggesting a lack of social engagement.","LABEL: Disconnection
CONFIDENCE: 0.85
REASON: The man is focused on his own activity while others in the background appear detached, suggesting a lack of social engagement."
mscoco/images/COCO_train2014_000000377110.jpg,Peace,Happiness,0.95,"The man is smiling broadly, indicating a clear expression of happiness.","LABEL: Happiness
CONFIDENCE: 0.95
REASON: The man is smiling broadly, indicating a clear expression of happiness."
emodb_small/images/2dx6iyafrj0xqsbyxz.jpg,Peace,Affection,0.95,The intimate embrace and close physical contact between the two individuals convey strong feelings of affection.,"LABEL: Affection
CONFIDENCE: 0.95
REASON: The intimate embrace and close physical contact between the two individuals convey strong feelings of affection."
framesdb/images/frame_j9vbydagsea8s830.jpg,Peace,Peace,0.85,"The man appears relaxed and contemplative in a calm, well-lit setting, suggesting a sense of inner peace.","LABEL: Peace
CONFIDENCE: 0.85
REASON: The man appears relaxed and contemplative in a calm, well-lit setting, suggesting a sense of inner peace."
framesdb/images/frame_hxrt3v35rhil6sx5.jpg,Peace,Fatigue,0.95,"The person is reaching to turn off an alarm clock while still in bed, indicating tiredness or exhaustion.","LABEL: Fatigue
CONFIDENCE: 0.95
REASON: The person is reaching to turn off an alarm clock while still in bed, indicating tiredness or exhaustion."
mscoco/images/COCO_val2014_000000568765.jpg,Peace,Engagement,0.95,"The person in the red uniform is actively participating in a ceremonial event, showing focus and involvement.","LABEL: Engagement
CONFIDENCE: 0.95
REASON: The person in the red uniform is actively participating in a ceremonial event, showing focus and involvement."
mscoco/images/COCO_train2014_000000466491.jpg,Peace,Fatigue,0.95,"The person is lying on the bed in a relaxed posture, suggesting tiredness or exhaustion.","LABEL: Fatigue
CONFIDENCE: 0.95
REASON: The person is lying on the bed in a relaxed posture, suggesting tiredness or exhaustion."
mscoco/images/COCO_train2014_000000139429.jpg,Peace,Peace,0.85,"The scene depicts a calm, relaxed moment with two people sitting quietly on a bench in a park, accompanied by a dog, suggesting a peaceful atmosphere.","LABEL: Peace
CONFIDENCE: 0.85
REASON: The scene depicts a calm, relaxed moment with two people sitting quietly on a bench in a park, accompanied by a dog, suggesting a peaceful atmosphere."
mscoco/images/COCO_train2014_000000139429.jpg,Peace,Peace,0.85,"The scene depicts a calm, sunny day with two women sitting quietly on a bench, enjoying a peaceful moment together in a park.","LABEL: Peace
CONFIDENCE: 0.85
REASON: The scene depicts a calm, sunny day with two women sitting quietly on a bench, enjoying a peaceful moment together in a park."
mscoco/images/COCO_train2014_000000050597.jpg,Peace,Happiness,0.85,"The children are smiling and enjoying their food, indicating a positive emotional state.","LABEL: Happiness
CONFIDENCE: 0.85
REASON: The children are smiling and enjoying their food, indicating a positive emotional state."
mscoco/images/COCO_train2014_000000189810.jpg,Peace,Confidence,0.95,The man's raised fist and confident expression convey a strong sense of self-assurance and determination.,"LABEL: Confidence  
CONFIDENCE: 0.95  
REASON: The man's raised fist and confident expression convey a strong sense of self-assurance and determination."
mscoco/images/COCO_val2014_000000078060.jpg,Peace,Happiness,0.95,Both the adult and child are smiling and appear joyful in the snowy setting.,"LABEL: Happiness
CONFIDENCE: 0.95
REASON: Both the adult and child are smiling and appear joyful in the snowy setting."
mscoco/images/COCO_train2014_000000134496.jpg,Peace,Engagement,0.85,"The woman is actively talking on her phone while walking, indicating engagement in a conversation.","LABEL: Engagement
CONFIDENCE: 0.85
REASON: The woman is actively talking on her phone while walking, indicating engagement in a conversation."
mscoco/images/COCO_train2014_000000445462.jpg,Peace,Fatigue,0.85,"The man appears tired and is sitting with his head down while handling his belongings, suggesting exhaustion.","LABEL: Fatigue
CONFIDENCE: 0.85
REASON: The man appears tired and is sitting with his head down while handling his belongings, suggesting exhaustion."
mscoco/images/COCO_val2014_000000107239.jpg,Affection,Happiness,0.95,"The woman is smiling widely and appears to be enjoying her pizza, indicating happiness.","LABEL: Happiness
CONFIDENCE: 0.95
REASON: The woman is smiling widely and appears to be enjoying her pizza, indicating happiness."
framesdb/images/frame_gq8umfw35sg36nlq.jpg,Affection,Engagement,0.85,"The man pushing the luggage cart appears focused and actively engaged in his task, while the other person seems to be waiting or observing, suggesting a moment of interaction or service.","LABEL: Engagement
CONFIDENCE: 0.85
REASON: The man pushing the luggage cart appears focused and actively engaged in his task, while the other person seems to be waiting or observing, suggesting a moment of interaction or service."
framesdb/images/frame_jsnriwfd0ffphs5g.jpg,Affection,Happiness,0.95,The people in the hot tub are smiling and enjoying each other's company in a serene winter setting.,"LABEL: Happiness
CONFIDENCE: 0.95
REASON: The people in the hot tub are smiling and enjoying each other's company in a serene winter setting."
framesdb/images/frame_1cnsgmoppetoruv9.jpg,Affection,Engagement,0.95,"People are gathered closely, interacting and holding food and drinks in a social setting.","LABEL: Engagement
CONFIDENCE: 0.95
REASON: People are gathered closely, interacting and holding food and drinks in a social setting."
framesdb/images/frame_ek3zcwpt9ed6j6gm.jpg,Affection,Happiness,0.95,"The scene depicts people enjoying a sunny day in the park, with children flying kites and others relaxing, conveying a sense of joy and contentment.","LABEL: Happiness
CONFIDENCE: 0.95
REASON: The scene depicts people enjoying a sunny day in the park, with children flying kites and others relaxing, conveying a sense of joy and contentment."
framesdb/images/frame_c9ctv7ctm2dnic4v.jpg,Affection,Engagement,0.95,"The children are closely observing the anatomical models and interacting with the woman, showing focused attention and curiosity.","LABEL: Engagement
CONFIDENCE: 0.95
REASON: The children are closely observing the anatomical models and interacting with the woman, showing focused attention and curiosity."
mscoco/images/COCO_train2014_000000439678.jpg,Affection,Happiness,0.95,The individuals are smiling and appear to be enjoying a group activity outdoors.,"LABEL: Happiness
CONFIDENCE: 0.95
REASON: The individuals are smiling and appear to be enjoying a group activity outdoors."
mscoco/images/COCO_val2014_000000552247.jpg,Affection,Happiness,0.95,"The man and children are smiling and engaging warmly in a tennis activity, indicating joy and positive emotions.","LABEL: Happiness
CONFIDENCE: 0.95
REASON: The man and children are smiling and engaging warmly in a tennis activity, indicating joy and positive emotions."
emodb_small/images/007eear5kx5qhbzewz.jpg,Affection,Affection,0.95,"The woman is resting her head on the man's shoulder, and they are both smiling gently, indicating a warm, affectionate bond.","LABEL: Affection
CONFIDENCE: 0.95
REASON: The woman is resting her head on the man's shoulder, and they are both smiling gently, indicating a warm, affectionate bond."
emodb_small/images/007eear5kx5qhbzewz.jpg,Affection,Affection,0.95,"The woman is resting her head on the man's shoulder, indicating a close and affectionate bond.","LABEL: Affection
CONFIDENCE: 0.95
REASON: The woman is resting her head on the man's shoulder, indicating a close and affectionate bond."
mscoco/images/COCO_train2014_000000043264.jpg,Affection,Affection,0.95,"The older girl is gently holding the younger child's hand, showing care and tenderness.","LABEL: Affection
CONFIDENCE: 0.95
REASON: The older girl is gently holding the younger child's hand, showing care and tenderness."
emodb_small/images/2wd2hxmqz5sbgy2ypo.jpg,Affection,Affection,0.95,The couple's close proximity and warm smiles convey a strong sense of affection.,"LABEL: Affection
CONFIDENCE: 0.95
REASON: The couple's close proximity and warm smiles convey a strong sense of affection."
emodb_small/images/2wd2hxmqz5sbgy2ypo.jpg,Affection,Affection,0.95,The intimate proximity and warm smiles of the couple indicate strong affection.,"LABEL: Affection
CONFIDENCE: 0.95
REASON: The intimate proximity and warm smiles of the couple indicate strong affection."
emodb_small/images/2dx6iyafrj0xqsbyxz.jpg,Affection,Affection,0.95,The intimate embrace and close physical contact between the two individuals convey strong feelings of affection.,"LABEL: Affection
CONFIDENCE: 0.95
REASON: The intimate embrace and close physical contact between the two individuals convey strong feelings of affection."
framesdb/images/frame_dfne06yl7tjnzbdt.jpg,Affection,Happiness,0.95,The women are smiling and appear to be enjoying a shared moment while watching something together.,"LABEL: Happiness
CONFIDENCE: 0.95
REASON: The women are smiling and appear to be enjoying a shared moment while watching something together."
mscoco/images/COCO_train2014_000000444168.jpg,Affection,Happiness,0.95,The boy is smiling broadly while celebrating with a sparkler on his cake.,"LABEL: Happiness
CONFIDENCE: 0.95
REASON: The boy is smiling broadly while celebrating with a sparkler on his cake."
mscoco/images/COCO_train2014_000000330100.jpg,Affection,Disconnection,0.85,"Passengers are physically close but emotionally distant, each absorbed in their own world.","LABEL: Disconnection
CONFIDENCE: 0.85
REASON: Passengers are physically close but emotionally distant, each absorbed in their own world."
framesdb/images/frame_cmwvbpa676fz8xne.jpg,Affection,Happiness,0.95,"The bride is smiling and appears joyful, and the overall scene suggests a celebratory occasion.","LABEL: Happiness
CONFIDENCE: 0.95
REASON: The bride is smiling and appears joyful, and the overall scene suggests a celebratory occasion."
framesdb/images/frame_cmwvbpa676fz8xne.jpg,Affection,Happiness,0.95,"The bride is smiling and appears joyful, while the overall scene suggests a celebratory occasion.","LABEL: Happiness
CONFIDENCE: 0.95
REASON: The bride is smiling and appears joyful, while the overall scene suggests a celebratory occasion."
framesdb/images/frame_9pwj5e0e3540mhk2.jpg,Affection,Affection,0.95,"The woman is gently holding the baby close, showing a tender and caring embrace.","LABEL: Affection
CONFIDENCE: 0.95
REASON: The woman is gently holding the baby close, showing a tender and caring embrace."
framesdb/images/frame_d8e8zt0xx79rhd3a.jpg,Affection,Happiness,0.95,"The girl is smiling broadly while holding up a card, indicating clear happiness.","LABEL: Happiness
CONFIDENCE: 0.95
REASON: The girl is smiling broadly while holding up a card, indicating clear happiness."
emodb_small/images/3ehhn46l9yimyuaed8.jpg,Affection,Esteem,0.95,The formal act of pinning a badge on a soldier's uniform signifies respect and recognition of their service and achievements.,"LABEL: Esteem
CONFIDENCE: 0.95
REASON: The formal act of pinning a badge on a soldier's uniform signifies respect and recognition of their service and achievements."
mscoco/images/COCO_val2014_000000243148.jpg,Affection,Affection,0.95,"The adult is gently leaning down towards the child, showing care and tenderness in a supportive manner.","LABEL: Affection
CONFIDENCE: 0.95
REASON: The adult is gently leaning down towards the child, showing care and tenderness in a supportive manner."
emodb_small/images/280dp8lwiegcqa2q1z.jpg,Affection,Affection,0.95,"The man is gently kissing the woman's forehead while holding her face, indicating a tender and affectionate moment.","LABEL: Affection
CONFIDENCE: 0.95
REASON: The man is gently kissing the woman's forehead while holding her face, indicating a tender and affectionate moment."
framesdb/images/frame_ln54q5tur4s42ez9.jpg,Affection,Happiness,0.95,"The couple is smiling and laughing while affectionately interacting with their dog, indicating a joyful and happy moment.","LABEL: Happiness
CONFIDENCE: 0.95
REASON: The couple is smiling and laughing while affectionately interacting with their dog, indicating a joyful and happy moment."
mscoco/images/COCO_train2014_000000145679.jpg,Affection,Excitement,0.95,The woman's dynamic pose and the playful use of a yellow parasol in a sunlit forest suggest a sense of joyful anticipation and excitement.,"LABEL: Excitement
CONFIDENCE: 0.95
REASON: The woman's dynamic pose and the playful use of a yellow parasol in a sunlit forest suggest a sense of joyful anticipation and excitement."
emodb_small/images/2fahoe54zb00wjdivy.jpg,Affection,Affection,0.95,"The couple is embracing warmly, with smiles and close physical contact, indicating strong affection.","LABEL: Affection
CONFIDENCE: 0.95
REASON: The couple is embracing warmly, with smiles and close physical contact, indicating strong affection."
framesdb/images/frame_gq6sydxtsi4krfma.jpg,Affection,Happiness,0.95,"The individuals are smiling and engaging in a positive handshake, indicating happiness.","LABEL: Happiness
CONFIDENCE: 0.95
REASON: The individuals are smiling and engaging in a positive handshake, indicating happiness."
mscoco/images/COCO_val2014_000000573320.jpg,Affection,Excitement,0.95,"The individuals are actively engaged in a video game with animated expressions and dynamic postures, indicating excitement.","LABEL: Excitement
CONFIDENCE: 0.95
REASON: The individuals are actively engaged in a video game with animated expressions and dynamic postures, indicating excitement."
framesdb/images/frame_cayeoa053pjmm6w5.jpg,Affection,Happiness,0.95,"The bride and groom are sharing a loving kiss, surrounded by smiling guests, conveying joy and happiness.","LABEL: Happiness
CONFIDENCE: 0.95
REASON: The bride and groom are sharing a loving kiss, surrounded by smiling guests, conveying joy and happiness."
framesdb/images/frame_cayeoa053pjmm6w5.jpg,Affection,Happiness,0.95,"The bride and groom are sharing a loving kiss, surrounded by smiling guests, conveying joy and happiness.","LABEL: Happiness
CONFIDENCE: 0.95
REASON: The bride and groom are sharing a loving kiss, surrounded by smiling guests, conveying joy and happiness."
framesdb/images/frame_cayeoa053pjmm6w5.jpg,Affection,Happiness,0.95,"The bride and groom are sharing a loving kiss, surrounded by smiling guests, conveying joy and happiness.","LABEL: Happiness
CONFIDENCE: 0.95
REASON: The bride and groom are sharing a loving kiss, surrounded by smiling guests, conveying joy and happiness."
mscoco/images/COCO_val2014_000000022680.jpg,Affection,Happiness,0.95,The individuals are smiling and appear to be enjoying a positive moment together.,"LABEL: Happiness
CONFIDENCE: 0.95
REASON: The individuals are smiling and appear to be enjoying a positive moment together."
emodb_small/images/2bmpyaavvm6crl0ids.jpg,Affection,Happiness,0.95,"The man is smiling broadly and the woman is affectionately kissing his cheek, indicating a joyful moment.","LABEL: Happiness
CONFIDENCE: 0.95
REASON: The man is smiling broadly and the woman is affectionately kissing his cheek, indicating a joyful moment."
emodb_small/images/2bmpyaavvm6crl0ids.jpg,Affection,Happiness,0.95,"The man is smiling broadly and the woman is affectionately kissing his cheek, indicating a joyful moment.","LABEL: Happiness
CONFIDENCE: 0.95
REASON: The man is smiling broadly and the woman is affectionately kissing his cheek, indicating a joyful moment."
mscoco/images/COCO_val2014_000000564098.jpg,Affection,Engagement,0.95,People are actively observing and interacting with the sheep on the scale.,"LABEL: Engagement
CONFIDENCE: 0.95
REASON: People are actively observing and interacting with the sheep on the scale."
mscoco/images/COCO_train2014_000000487007.jpg,Affection,Happiness,0.95,"The woman is smiling broadly, indicating a clear expression of happiness.","LABEL: Happiness
CONFIDENCE: 0.95
REASON: The woman is smiling broadly, indicating a clear expression of happiness."
mscoco/images/COCO_val2014_000000479808.jpg,Affection,Disconnection,0.85,"The two individuals are standing apart, not making eye contact, and appear emotionally distant from each other.","LABEL: Disconnection
CONFIDENCE: 0.85
REASON: The two individuals are standing apart, not making eye contact, and appear emotionally distant from each other."
mscoco/images/COCO_train2014_000000411109.jpg,Esteem,Excitement,0.95,"The players' intense focus and dynamic movements suggest a high-energy, thrilling moment in the game.","LABEL: Excitement
CONFIDENCE: 0.95
REASON: The players' intense focus and dynamic movements suggest a high-energy, thrilling moment in the game."
mscoco/images/COCO_train2014_000000379034.jpg,Esteem,Engagement,0.95,"People are actively eating and interacting in a shared meal setting, indicating engagement.","LABEL: Engagement
CONFIDENCE: 0.95
REASON: People are actively eating and interacting in a shared meal setting, indicating engagement."
framesdb/images/frame_3jwi6nrvfphi4lp6.jpg,Esteem,Happiness,0.85,"People are smiling, wearing summer clothes, and enjoying a sunny day at the boardwalk.","LABEL: Happiness
CONFIDENCE: 0.85
REASON: People are smiling, wearing summer clothes, and enjoying a sunny day at the boardwalk."
mscoco/images/COCO_train2014_000000498702.jpg,Esteem,Anticipation,0.95,"The batter is focused and ready, holding the bat in anticipation of the incoming pitch.","LABEL: Anticipation
CONFIDENCE: 0.95
REASON: The batter is focused and ready, holding the bat in anticipation of the incoming pitch."
emodb_small/images/4le1bbiky5djx0iuln.jpg,Esteem,Engagement,0.95,"The speaker is actively gesturing and addressing the audience, indicating engagement with the topic and listeners.","LABEL: Engagement
CONFIDENCE: 0.95
REASON: The speaker is actively gesturing and addressing the audience, indicating engagement with the topic and listeners."
mscoco/images/COCO_val2014_000000510791.jpg,Esteem,Disconnection,0.75,"The player stands alone on the court, looking away with a neutral expression, suggesting emotional distance from the game or surroundings.","LABEL: Disconnection
CONFIDENCE: 0.75
REASON: The player stands alone on the court, looking away with a neutral expression, suggesting emotional distance from the game or surroundings."
mscoco/images/COCO_train2014_000000385744.jpg,Esteem,Happiness,0.85,The woman on the right is smiling and appears to be enjoying her meal and the company.,"LABEL: Happiness
CONFIDENCE: 0.85
REASON: The woman on the right is smiling and appears to be enjoying her meal and the company."
mscoco/images/COCO_train2014_000000002842.jpg,Esteem,Engagement,0.95,"The players are actively interacting on the court, suggesting focused involvement in the game.","LABEL: Engagement
CONFIDENCE: 0.95
REASON: The players are actively interacting on the court, suggesting focused involvement in the game."
mscoco/images/COCO_val2014_000000509403.jpg,Esteem,Happiness,0.95,"The scene depicts a joyful outdoor activity with people and a dog playing together, suggesting happiness.","LABEL: Happiness
CONFIDENCE: 0.95
REASON: The scene depicts a joyful outdoor activity with people and a dog playing together, suggesting happiness."
framesdb/images/frame_c9ctv7ctm2dnic4v.jpg,Esteem,Engagement,0.95,"The children are closely observing the anatomical models and interacting with the exhibit, showing clear interest and involvement.","LABEL: Engagement
CONFIDENCE: 0.95
REASON: The children are closely observing the anatomical models and interacting with the exhibit, showing clear interest and involvement."
mscoco/images/COCO_val2014_000000222681.jpg,Esteem,Happiness,0.95,"The family is gathered around a cake, smiling and taking photos, indicating a joyful celebration.","LABEL: Happiness
CONFIDENCE: 0.95
REASON: The family is gathered around a cake, smiling and taking photos, indicating a joyful celebration."
mscoco/images/COCO_train2014_000000426839.jpg,Esteem,Engagement,0.85,"The man is actively using his phone, holding it up to his face, suggesting engagement with the device.","LABEL: Engagement
CONFIDENCE: 0.85
REASON: The man is actively using his phone, holding it up to his face, suggesting engagement with the device."
mscoco/images/COCO_train2014_000000259467.jpg,Esteem,Engagement,0.95,Children are actively participating and interacting with technology and adults in a lively classroom setting.,"LABEL: Engagement
CONFIDENCE: 0.95
REASON: Children are actively participating and interacting with technology and adults in a lively classroom setting."
framesdb/images/frame_belw7xz1lwepxcyq.jpg,Esteem,Sadness,0.95,"The presence of a funeral procession with uniformed officers and a casket indicates a somber occasion, evoking sadness.","LABEL: Sadness
CONFIDENCE: 0.95
REASON: The presence of a funeral procession with uniformed officers and a casket indicates a somber occasion, evoking sadness."
mscoco/images/COCO_train2014_000000419767.jpg,Esteem,Engagement,0.85,"The individuals are engaged in conversation, holding drinks, and appear attentive to one another in a social setting.","LABEL: Engagement
CONFIDENCE: 0.85
REASON: The individuals are engaged in conversation, holding drinks, and appear attentive to one another in a social setting."
mscoco/images/COCO_train2014_000000217224.jpg,Esteem,Engagement,0.95,"The man is actively interacting with a laptop and appears focused, suggesting engagement with the task at hand.","LABEL: Engagement
CONFIDENCE: 0.95
REASON: The man is actively interacting with a laptop and appears focused, suggesting engagement with the task at hand."
framesdb/images/frame_cmwvbpa676fz8xne.jpg,Esteem,Happiness,0.95,"The bride is smiling and appears joyful, while the overall scene of a wedding ceremony conveys a sense of happiness and celebration.","LABEL: Happiness
CONFIDENCE: 0.95
REASON: The bride is smiling and appears joyful, while the overall scene of a wedding ceremony conveys a sense of happiness and celebration."
framesdb/images/frame_cmwvbpa676fz8xne.jpg,Esteem,Happiness,0.95,"The bride is smiling and appears joyful, surrounded by a formal yet celebratory atmosphere.","LABEL: Happiness
CONFIDENCE: 0.95
REASON: The bride is smiling and appears joyful, surrounded by a formal yet celebratory atmosphere."
mscoco/images/COCO_train2014_000000091642.jpg,Esteem,Happiness,0.95,"The athletes are smiling and raising their arms in celebration, indicating joy and happiness.","LABEL: Happiness
CONFIDENCE: 0.95
REASON: The athletes are smiling and raising their arms in celebration, indicating joy and happiness."
mscoco/images/COCO_train2014_000000078358.jpg,Esteem,Happiness,0.95,"The individuals are smiling and engaging in a positive handshake, indicating happiness and mutual agreement.","LABEL: Happiness
CONFIDENCE: 0.95
REASON: The individuals are smiling and engaging in a positive handshake, indicating happiness and mutual agreement."
mscoco/images/COCO_train2014_000000078358.jpg,Esteem,Confidence,0.95,The formal handshake and professional setting suggest mutual trust and assurance between the individuals.,"LABEL: Confidence
CONFIDENCE: 0.95
REASON: The formal handshake and professional setting suggest mutual trust and assurance between the individuals."
mscoco/images/COCO_train2014_000000462509.jpg,Esteem,Anticipation,0.95,"The batter is poised and focused, ready to swing, indicating anticipation of the pitch.","LABEL: Anticipation
CONFIDENCE: 0.95
REASON: The batter is poised and focused, ready to swing, indicating anticipation of the pitch."
mscoco/images/COCO_train2014_000000444171.jpg,Esteem,Engagement,0.95,"The children are focused on the book, showing interest and involvement in the activity.","LABEL: Engagement
CONFIDENCE: 0.95
REASON: The children are focused on the book, showing interest and involvement in the activity."
framesdb/images/frame_buzpuitr3r0g31br.jpg,Esteem,Engagement,0.85,The speaker is actively presenting to an attentive audience in a professional setting.,"LABEL: Engagement
CONFIDENCE: 0.85
REASON: The speaker is actively presenting to an attentive audience in a professional setting."
mscoco/images/COCO_val2014_000000053364.jpg,Esteem,Excitement,0.95,"The vibrant costumes, colorful umbrellas, and dynamic movement suggest a festive and exciting atmosphere.","LABEL: Excitement
CONFIDENCE: 0.95
REASON: The vibrant costumes, colorful umbrellas, and dynamic movement suggest a festive and exciting atmosphere."
framesdb/images/frame_5trqiebh1s6h9lg6.jpg,Esteem,Engagement,0.95,"People are gathered and conversing in what appears to be an art gallery, indicating active engagement with the environment and each other.","LABEL: Engagement
CONFIDENCE: 0.95
REASON: People are gathered and conversing in what appears to be an art gallery, indicating active engagement with the environment and each other."
mscoco/images/COCO_train2014_000000464812.jpg,Esteem,Happiness,0.85,"The team members are smiling and appear proud, suggesting a positive emotional state.","LABEL: Happiness
CONFIDENCE: 0.85
REASON: The team members are smiling and appear proud, suggesting a positive emotional state."
mscoco/images/COCO_train2014_000000122667.jpg,Esteem,Happiness,0.85,"The team members are smiling and appear proud, suggesting a positive and happy mood.","LABEL: Happiness
CONFIDENCE: 0.85
REASON: The team members are smiling and appear proud, suggesting a positive and happy mood."
mscoco/images/COCO_val2014_000000194704.jpg,Esteem,Excitement,0.95,"The person is smiling widely, holding skis above their head in a celebratory manner, and wearing ski gear, indicating excitement for skiing.","LABEL: Excitement
CONFIDENCE: 0.95
REASON: The person is smiling widely, holding skis above their head in a celebratory manner, and wearing ski gear, indicating excitement for skiing."
mscoco/images/COCO_train2014_000000114421.jpg,Esteem,Happiness,0.95,"The woman is smiling broadly while holding an orange umbrella, indicating a positive emotional state.","LABEL: Happiness
CONFIDENCE: 0.95
REASON: The woman is smiling broadly while holding an orange umbrella, indicating a positive emotional state."
mscoco/images/COCO_val2014_000000041279.jpg,Esteem,Happiness,0.95,"The individuals are smiling widely and appear to be enjoying their pizza, indicating a joyful mood.","LABEL: Happiness
CONFIDENCE: 0.95
REASON: The individuals are smiling widely and appear to be enjoying their pizza, indicating a joyful mood."
mscoco/images/COCO_train2014_000000353223.jpg,Esteem,Excitement,0.95,"The person is smiling and actively riding a wave on a surfboard, indicating exhilaration.","LABEL: Excitement
CONFIDENCE: 0.95
REASON: The person is smiling and actively riding a wave on a surfboard, indicating exhilaration."
mscoco/images/COCO_train2014_000000304473.jpg,Esteem,Excitement,0.95,The player's focused expression and dynamic posture suggest high energy and anticipation during the game.,"LABEL: Excitement
CONFIDENCE: 0.95
REASON: The player's focused expression and dynamic posture suggest high energy and anticipation during the game."
mscoco/images/COCO_val2014_000000498032.jpg,Esteem,Engagement,0.85,"The person is actively holding a controller and appears focused on an activity, likely a video game.","LABEL: Engagement
CONFIDENCE: 0.85
REASON: The person is actively holding a controller and appears focused on an activity, likely a video game."
framesdb/images/frame_9q90mzvc7x4cdyr3.jpg,Esteem,Happiness,0.95,The man and woman are smiling and appear relaxed while enjoying the water park.,"LABEL: Happiness
CONFIDENCE: 0.95
REASON: The man and woman are smiling and appear relaxed while enjoying the water park."
emodb_small/images/4dvzh6e97rzw27kig1.jpg,Esteem,Happiness,0.95,The man is smiling broadly and appears relaxed and joyful while talking on the phone.,"LABEL: Happiness
CONFIDENCE: 0.95
REASON: The man is smiling broadly and appears relaxed and joyful while talking on the phone."
mscoco/images/COCO_val2014_000000266922.jpg,Esteem,Happiness,0.95,The people are smiling and enjoying skiing on a sunny day.,"LABEL: Happiness
CONFIDENCE: 0.95
REASON: The people are smiling and enjoying skiing on a sunny day."
mscoco/images/COCO_train2014_000000443084.jpg,Esteem,Affection,0.95,"The man is gently pouring a drink for the woman, showing care and tenderness in a domestic setting.","LABEL: Affection
CONFIDENCE: 0.95
REASON: The man is gently pouring a drink for the woman, showing care and tenderness in a domestic setting."
mscoco/images/COCO_train2014_000000288841.jpg,Anticipation,Happiness,0.95,The couple is smiling and sharing a joyful moment while cutting their wedding cake.,"LABEL: Happiness
CONFIDENCE: 0.95
REASON: The couple is smiling and sharing a joyful moment while cutting their wedding cake."
mscoco/images/COCO_val2014_000000168683.jpg,Anticipation,Engagement,0.95,"The man is focused on the computer screen and actively using the keyboard, indicating engagement with the task.","LABEL: Engagement
CONFIDENCE: 0.95
REASON: The man is focused on the computer screen and actively using the keyboard, indicating engagement with the task."
mscoco/images/COCO_val2014_000000547457.jpg,Anticipation,Happiness,0.95,"The woman is smiling broadly while driving, indicating a positive emotional state.","LABEL: Happiness
CONFIDENCE: 0.95
REASON: The woman is smiling broadly while driving, indicating a positive emotional state."
mscoco/images/COCO_train2014_000000140322.jpg,Anticipation,Surprise,0.95,"The girl's wide eyes and the baby's open mouth suggest a sudden, unexpected moment.","LABEL: Surprise
CONFIDENCE: 0.95
REASON: The girl's wide eyes and the baby's open mouth suggest a sudden, unexpected moment."
mscoco/images/COCO_train2014_000000001966.jpg,Anticipation,Anticipation,0.95,"The tennis player is preparing to serve, showing focus and readiness for the upcoming action.","LABEL: Anticipation
CONFIDENCE: 0.95
REASON: The tennis player is preparing to serve, showing focus and readiness for the upcoming action."
framesdb/images/frame_kuxvwgw2wheq7szc.jpg,Anticipation,Sadness,0.95,"The child's somber expression and the bleak, trash-filled environment evoke a sense of sorrow and hardship.","LABEL: Sadness
CONFIDENCE: 0.95
REASON: The child's somber expression and the bleak, trash-filled environment evoke a sense of sorrow and hardship."
mscoco/images/COCO_train2014_000000411109.jpg,Anticipation,Excitement,0.95,The players' intense focus and dynamic movements suggest a high level of excitement during the play.,"LABEL: Excitement
CONFIDENCE: 0.95
REASON: The players' intense focus and dynamic movements suggest a high level of excitement during the play."
mscoco/images/COCO_val2014_000000054277.jpg,Anticipation,Fear,0.75,"The person appears to be struggling on the ice, which may indicate fear of falling or losing balance.","LABEL: Fear
CONFIDENCE: 0.75
REASON: The person appears to be struggling on the ice, which may indicate fear of falling or losing balance."
framesdb/images/frame_b1v3bzyq8s4ucvy1.jpg,Anticipation,Engagement,0.95,"The individuals are actively interacting with each other and the bartender, indicating engagement.","LABEL: Engagement
CONFIDENCE: 0.95
REASON: The individuals are actively interacting with each other and the bartender, indicating engagement."
framesdb/images/frame_b1v3bzyq8s4ucvy1.jpg,Anticipation,Engagement,0.85,"The individuals are actively interacting with each other and the bartender, indicating engagement in conversation and activity.","LABEL: Engagement
CONFIDENCE: 0.85
REASON: The individuals are actively interacting with each other and the bartender, indicating engagement in conversation and activity."
mscoco/images/COCO_train2014_000000390644.jpg,Anticipation,Excitement,0.95,"The person is actively skateboarding through cones, showing enthusiasm and energy.","LABEL: Excitement
CONFIDENCE: 0.95
REASON: The person is actively skateboarding through cones, showing enthusiasm and energy."
mscoco/images/COCO_train2014_000000322698.jpg,Anticipation,Excitement,0.95,"The man is actively throwing a frisbee with focused energy, indicating excitement.","LABEL: Excitement
CONFIDENCE: 0.95
REASON: The man is actively throwing a frisbee with focused energy, indicating excitement."
mscoco/images/COCO_train2014_000000408190.jpg,Anticipation,Excitement,0.95,The surfer's focused expression and dynamic posture on the wave convey a sense of thrill and exhilaration.,"LABEL: Excitement
CONFIDENCE: 0.95
REASON: The surfer's focused expression and dynamic posture on the wave convey a sense of thrill and exhilaration."
framesdb/images/frame_aztc78d4kjclxv9e.jpg,Anticipation,Engagement,0.95,"People are actively using laptops and engaging in conversation in a cozy, well-lit café setting.","LABEL: Engagement
CONFIDENCE: 0.95
REASON: People are actively using laptops and engaging in conversation in a cozy, well-lit café setting."
framesdb/images/frame_aztc78d4kjclxv9e.jpg,Anticipation,Engagement,0.95,"People are actively using laptops and engaging in conversation in a cozy, well-lit café setting.","LABEL: Engagement
CONFIDENCE: 0.95
REASON: People are actively using laptops and engaging in conversation in a cozy, well-lit café setting."
mscoco/images/COCO_train2014_000000298949.jpg,Anticipation,Excitement,0.95,"The person is performing a dynamic skateboarding trick with energy and focus, suggesting excitement.","LABEL: Excitement
CONFIDENCE: 0.95
REASON: The person is performing a dynamic skateboarding trick with energy and focus, suggesting excitement."
mscoco/images/COCO_val2014_000000576031.jpg,Anticipation,Excitement,0.85,"The person is actively skiing with focused energy and a forward-leaning posture, suggesting enthusiasm for the activity.","LABEL: Excitement
CONFIDENCE: 0.85
REASON: The person is actively skiing with focused energy and a forward-leaning posture, suggesting enthusiasm for the activity."
framesdb/images/frame_8bcjgl84a80cguy5.jpg,Anticipation,Engagement,0.95,"The man and woman are actively examining peaches, indicating focused attention and participation in the activity.","LABEL: Engagement
CONFIDENCE: 0.95
REASON: The man and woman are actively examining peaches, indicating focused attention and participation in the activity."
framesdb/images/frame_8bcjgl84a80cguy5.jpg,Anticipation,Engagement,0.95,"The man and woman are actively examining peaches, indicating focused involvement in selecting produce.","LABEL: Engagement
CONFIDENCE: 0.95
REASON: The man and woman are actively examining peaches, indicating focused involvement in selecting produce."
framesdb/images/frame_bwnq9ntic9dpamg2.jpg,Anticipation,Engagement,0.95,"People are gathered at a ticket counter, actively engaging with the service and each other in a shared activity.","LABEL: Engagement
CONFIDENCE: 0.95
REASON: People are gathered at a ticket counter, actively engaging with the service and each other in a shared activity."
framesdb/images/frame_6290od7o4jvss70n.jpg,Anticipation,Peace,0.95,The serene beach scene with calm waters and clear skies evokes a sense of tranquility and peace.,"LABEL: Peace
CONFIDENCE: 0.95
REASON: The serene beach scene with calm waters and clear skies evokes a sense of tranquility and peace."
mscoco/images/COCO_train2014_000000282027.jpg,Anticipation,Excitement,0.95,"The player is actively engaged in a dynamic tennis swing, suggesting high energy and anticipation.","LABEL: Excitement
CONFIDENCE: 0.95
REASON: The player is actively engaged in a dynamic tennis swing, suggesting high energy and anticipation."
mscoco/images/COCO_train2014_000000396793.jpg,Anticipation,Engagement,0.95,"The player is focused and ready, indicating active engagement in the game.","LABEL: Engagement
CONFIDENCE: 0.95
REASON: The player is focused and ready, indicating active engagement in the game."
mscoco/images/COCO_train2014_000000252375.jpg,Anticipation,Excitement,0.95,The skateboarder's dynamic pose and the urban setting suggest a thrilling and energetic moment.,"LABEL: Excitement
CONFIDENCE: 0.95
REASON: The skateboarder's dynamic pose and the urban setting suggest a thrilling and energetic moment."
mscoco/images/COCO_train2014_000000483078.jpg,Anticipation,Anticipation,0.95,"The boy on the pitcher's mound appears focused and ready, suggesting anticipation of the next play.","LABEL: Anticipation
CONFIDENCE: 0.95
REASON: The boy on the pitcher's mound appears focused and ready, suggesting anticipation of the next play."
mscoco/images/COCO_train2014_000000509626.jpg,Anticipation,Excitement,0.95,"The batter's intense focus and powerful swing, combined with the charged atmosphere of the game, convey a high level of excitement.","LABEL: Excitement
CONFIDENCE: 0.95
REASON: The batter's intense focus and powerful swing, combined with the charged atmosphere of the game, convey a high level of excitement."
emodb_small/images/4le1bbiky5djx0iuln.jpg,Anticipation,Engagement,0.95,"The speaker is actively gesturing and addressing the audience, indicating engagement with the topic and listeners.","LABEL: Engagement
CONFIDENCE: 0.95
REASON: The speaker is actively gesturing and addressing the audience, indicating engagement with the topic and listeners."
mscoco/images/COCO_train2014_000000252801.jpg,Anticipation,Engagement,0.85,"The man is focused on the task of pouring water, indicating engagement with his activity.","LABEL: Engagement
CONFIDENCE: 0.85
REASON: The man is focused on the task of pouring water, indicating engagement with his activity."
mscoco/images/COCO_train2014_000000107072.jpg,Anticipation,Surprise,0.85,"The person in the foreground has a wide-eyed, open-mouthed expression suggesting surprise at the sight of the costumed individuals.","LABEL: Surprise
CONFIDENCE: 0.85
REASON: The person in the foreground has a wide-eyed, open-mouthed expression suggesting surprise at the sight of the costumed individuals."
framesdb/images/frame_7qztqnocqk4d67lc.jpg,Anticipation,Excitement,0.95,The athlete's wide smile and energetic expression convey intense excitement during the race.,"LABEL: Excitement
CONFIDENCE: 0.95
REASON: The athlete's wide smile and energetic expression convey intense excitement during the race."
framesdb/images/frame_7qztqnocqk4d67lc.jpg,Anticipation,Excitement,0.95,The athlete's wide smile and energetic posture convey intense excitement during the race.,"LABEL: Excitement
CONFIDENCE: 0.95
REASON: The athlete's wide smile and energetic posture convey intense excitement during the race."
framesdb/images/frame_hkvjon62ft6acgnx.jpg,Anticipation,Engagement,0.95,The player's focused expression and poised batting stance indicate intense engagement in the game.,"LABEL: Engagement
CONFIDENCE: 0.95
REASON: The player's focused expression and poised batting stance indicate intense engagement in the game."
mscoco/images/COCO_train2014_000000385280.jpg,Anticipation,Excitement,0.95,The skateboarder's dynamic pose and airborne motion convey a sense of thrill and exhilaration.,"LABEL: Excitement
CONFIDENCE: 0.95
REASON: The skateboarder's dynamic pose and airborne motion convey a sense of thrill and exhilaration."
framesdb/images/frame_63mtckpdjfc0y9q8.jpg,Anticipation,Disconnection,0.95,"The players in white appear to be celebrating while the opposing team members look isolated and detached, showing a clear emotional disconnect between the two groups.","LABEL: Disconnection
CONFIDENCE: 0.95
REASON: The players in white appear to be celebrating while the opposing team members look isolated and detached, showing a clear emotional disconnect between the two groups."
framesdb/images/frame_63mtckpdjfc0y9q8.jpg,Anticipation,Disconnection,0.95,"The players in white appear to be celebrating while the opposing team members look isolated and detached, showing a clear emotional disconnect between the two groups.","LABEL: Disconnection
CONFIDENCE: 0.95
REASON: The players in white appear to be celebrating while the opposing team members look isolated and detached, showing a clear emotional disconnect between the two groups."
mscoco/images/COCO_val2014_000000202476.jpg,Anticipation,Engagement,0.95,"The player is focused and actively engaged in the game, with a ready stance and intense concentration.","LABEL: Engagement
CONFIDENCE: 0.95
REASON: The player is focused and actively engaged in the game, with a ready stance and intense concentration."
mscoco/images/COCO_train2014_000000269588.jpg,Anticipation,Sadness,0.75,The man's weary expression and disheveled appearance convey a sense of sadness or melancholy.,"LABEL: Sadness
CONFIDENCE: 0.75
REASON: The man's weary expression and disheveled appearance convey a sense of sadness or melancholy."
mscoco/images/COCO_train2014_000000221625.jpg,Anticipation,Engagement,0.95,"The person is actively focused on hitting the tennis ball, showing clear engagement in the game.","LABEL: Engagement
CONFIDENCE: 0.95
REASON: The person is actively focused on hitting the tennis ball, showing clear engagement in the game."
mscoco/images/COCO_val2014_000000558171.jpg,Engagement,Excitement,0.9,"The person is holding a frisbee and appears to be preparing to throw it, showing enthusiasm for the activity.","LABEL: Excitement
CONFIDENCE: 0.9
REASON: The person is holding a frisbee and appears to be preparing to throw it, showing enthusiasm for the activity."
mscoco/images/COCO_train2014_000000006590.jpg,Engagement,Happiness,0.95,"The child is smiling broadly while holding a colorful umbrella, indicating joy.","LABEL: Happiness
CONFIDENCE: 0.95
REASON: The child is smiling broadly while holding a colorful umbrella, indicating joy."
mscoco/images/COCO_val2014_000000122997.jpg,Engagement,Engagement,0.95,"The individuals are focused on their devices and notes, indicating active participation in an activity.","LABEL: Engagement
CONFIDENCE: 0.95
REASON: The individuals are focused on their devices and notes, indicating active participation in an activity."
framesdb/images/frame_k245twaqc30i5imc.jpg,Engagement,Peace,0.95,"The woman is lying comfortably in bed with a serene expression, suggesting a state of calm and tranquility.","LABEL: Peace
CONFIDENCE: 0.95
REASON: The woman is lying comfortably in bed with a serene expression, suggesting a state of calm and tranquility."
framesdb/images/frame_fjgek3oeqc8r0e3o.jpg,Engagement,Excitement,0.95,The player's dynamic posture and focused action suggest high energy and anticipation in the game.,"LABEL: Excitement
CONFIDENCE: 0.95
REASON: The player's dynamic posture and focused action suggest high energy and anticipation in the game."
framesdb/images/frame_95x221h7yj814qxc.jpg,Engagement,Peace,0.95,The serene garden setting with lush greenery and blooming flowers evokes a sense of calm and tranquility.,"LABEL: Peace
CONFIDENCE: 0.95
REASON: The serene garden setting with lush greenery and blooming flowers evokes a sense of calm and tranquility."
mscoco/images/COCO_train2014_000000094268.jpg,Engagement,Excitement,0.95,"The man in the orange shirt is actively throwing a frisbee with focused energy, suggesting excitement for the game.","LABEL: Excitement
CONFIDENCE: 0.95
REASON: The man in the orange shirt is actively throwing a frisbee with focused energy, suggesting excitement for the game."
mscoco/images/COCO_train2014_000000094268.jpg,Engagement,Excitement,0.95,"The man in the orange shirt is actively throwing a frisbee with focused energy, suggesting excitement for the game.","LABEL: Excitement
CONFIDENCE: 0.95
REASON: The man in the orange shirt is actively throwing a frisbee with focused energy, suggesting excitement for the game."
mscoco/images/COCO_val2014_000000231589.jpg,Engagement,Excitement,0.95,The child's wide eyes and energetic pose suggest excitement.,"LABEL: Excitement
CONFIDENCE: 0.95
REASON: The child's wide eyes and energetic pose suggest excitement."
mscoco/images/COCO_train2014_000000055276.jpg,Engagement,Happiness,0.95,"The person wearing the hat is smiling, and the overall atmosphere appears joyful and lighthearted.","LABEL: Happiness
CONFIDENCE: 0.95
REASON: The person wearing the hat is smiling, and the overall atmosphere appears joyful and lighthearted."
mscoco/images/COCO_val2014_000000568202.jpg,Engagement,Happiness,0.85,The individuals in the image are smiling and appear to be enjoying a meal together in a social setting.,"LABEL: Happiness
CONFIDENCE: 0.85
REASON: The individuals in the image are smiling and appear to be enjoying a meal together in a social setting."
framesdb/images/frame_erwzk3npaleubsqm.jpg,Engagement,Disconnection,0.75,"The individuals in the airport terminal appear isolated and focused on their own devices or tasks, showing little interaction with others around them.","LABEL: Disconnection
CONFIDENCE: 0.75
REASON: The individuals in the airport terminal appear isolated and focused on their own devices or tasks, showing little interaction with others around them."
framesdb/images/frame_erwzk3npaleubsqm.jpg,Engagement,Disconnection,0.75,"The individuals in the airport terminal appear isolated and focused on their own activities, with minimal interaction, suggesting a sense of disconnection.","LABEL: Disconnection
CONFIDENCE: 0.75
REASON: The individuals in the airport terminal appear isolated and focused on their own activities, with minimal interaction, suggesting a sense of disconnection."
mscoco/images/COCO_train2014_000000549216.jpg,Engagement,Peace,0.95,"The person appears calm and relaxed while sitting at the desk with a cat, suggesting a peaceful moment.","LABEL: Peace
CONFIDENCE: 0.95
REASON: The person appears calm and relaxed while sitting at the desk with a cat, suggesting a peaceful moment."
mscoco/images/COCO_train2014_000000551481.jpg,Engagement,Anticipation,0.95,"The boy is standing on the baseball field, holding a glove and looking towards the game, suggesting he is eagerly awaiting his turn to play.","LABEL: Anticipation
CONFIDENCE: 0.95
REASON: The boy is standing on the baseball field, holding a glove and looking towards the game, suggesting he is eagerly awaiting his turn to play."
mscoco/images/COCO_train2014_000000528657.jpg,Engagement,Engagement,0.95,"The person is actively engaged in the routine task of brushing their teeth, focused on their reflection in the mirror.","LABEL: Engagement
CONFIDENCE: 0.95
REASON: The person is actively engaged in the routine task of brushing their teeth, focused on their reflection in the mirror."
framesdb/images/frame_b1v3bzyq8s4ucvy1.jpg,Engagement,Engagement,0.95,"The individuals are actively interacting with each other and the bartender, indicating engagement in conversation and social activity.","LABEL: Engagement
CONFIDENCE: 0.95
REASON: The individuals are actively interacting with each other and the bartender, indicating engagement in conversation and social activity."
mscoco/images/COCO_train2014_000000552054.jpg,Engagement,Engagement,0.85,"The man is focused on his phone, seemingly engaged in an activity while riding the carriage.","LABEL: Engagement
CONFIDENCE: 0.85
REASON: The man is focused on his phone, seemingly engaged in an activity while riding the carriage."
mscoco/images/COCO_train2014_000000563727.jpg,Engagement,Excitement,0.95,The person's wide eyes and eager expression suggest excitement while eating.,"LABEL: Excitement
CONFIDENCE: 0.95
REASON: The person's wide eyes and eager expression suggest excitement while eating."
mscoco/images/COCO_val2014_000000182785.jpg,Engagement,Excitement,0.95,"The skateboarder's dynamic pose and the onlookers' focused attention suggest a high-energy, thrilling moment.","LABEL: Excitement
CONFIDENCE: 0.95
REASON: The skateboarder's dynamic pose and the onlookers' focused attention suggest a high-energy, thrilling moment."
framesdb/images/frame_aztc78d4kjclxv9e.jpg,Engagement,Engagement,0.95,People are actively using laptops and engaging in conversation in a social setting.,"LABEL: Engagement
CONFIDENCE: 0.95
REASON: People are actively using laptops and engaging in conversation in a social setting."
framesdb/images/frame_kpokdxsxymvz4qk3.jpg,Engagement,Peace,0.95,The man's serene expression and closed eyes suggest a state of calm and inner peace.,"LABEL: Peace
CONFIDENCE: 0.95
REASON: The man's serene expression and closed eyes suggest a state of calm and inner peace."
framesdb/images/frame_08cmg83x4uc6vay4.jpg,Engagement,Engagement,0.95,"The individuals are actively working together in a collaborative effort, showing focus and involvement in their task.","LABEL: Engagement
CONFIDENCE: 0.95
REASON: The individuals are actively working together in a collaborative effort, showing focus and involvement in their task."
framesdb/images/frame_08cmg83x4uc6vay4.jpg,Engagement,Engagement,0.95,"The individuals are actively working together in a collaborative outdoor setting, showing focus and involvement in their task.","LABEL: Engagement
CONFIDENCE: 0.95
REASON: The individuals are actively working together in a collaborative outdoor setting, showing focus and involvement in their task."
framesdb/images/frame_08cmg83x4uc6vay4.jpg,Engagement,Engagement,0.95,"The individuals are actively working together in a collaborative effort, showing focus and involvement in their task.","LABEL: Engagement
CONFIDENCE: 0.95
REASON: The individuals are actively working together in a collaborative effort, showing focus and involvement in their task."
framesdb/images/frame_3jwi6nrvfphi4lp6.jpg,Engagement,Happiness,0.85,People are smiling and enjoying a sunny day at the boardwalk.,"LABEL: Happiness
CONFIDENCE: 0.85
REASON: People are smiling and enjoying a sunny day at the boardwalk."
framesdb/images/frame_3jwi6nrvfphi4lp6.jpg,Engagement,Happiness,0.85,"People are smiling, wearing summer clothes, and enjoying a sunny day at the boardwalk.","LABEL: Happiness
CONFIDENCE: 0.85
REASON: People are smiling, wearing summer clothes, and enjoying a sunny day at the boardwalk."
framesdb/images/frame_3jwi6nrvfphi4lp6.jpg,Engagement,Happiness,0.85,"People are smiling, wearing summer clothes, and enjoying a sunny day at the boardwalk.","LABEL: Happiness
CONFIDENCE: 0.85
REASON: People are smiling, wearing summer clothes, and enjoying a sunny day at the boardwalk."
mscoco/images/COCO_train2014_000000053608.jpg,Engagement,Engagement,0.95,"The man is focused and actively engaged in preparing food, indicating concentration and involvement in the task.","LABEL: Engagement
CONFIDENCE: 0.95
REASON: The man is focused and actively engaged in preparing food, indicating concentration and involvement in the task."
framesdb/images/frame_hzo04gqf487tm689.jpg,Engagement,Happiness,0.95,"The individuals are smiling and laughing while enjoying a water ride, indicating happiness.","LABEL: Happiness
CONFIDENCE: 0.95
REASON: The individuals are smiling and laughing while enjoying a water ride, indicating happiness."
mscoco/images/COCO_train2014_000000014103.jpg,Engagement,Excitement,0.95,"The snowboarder is mid-air performing a trick with dynamic body language and a focused expression, indicating exhilaration.","LABEL: Excitement
CONFIDENCE: 0.95
REASON: The snowboarder is mid-air performing a trick with dynamic body language and a focused expression, indicating exhilaration."
framesdb/images/frame_bwnq9ntic9dpamg2.jpg,Engagement,Engagement,0.85,"People are gathered at a ticket counter, focused on purchasing or receiving tickets, indicating active participation in an event.","LABEL: Engagement
CONFIDENCE: 0.85
REASON: People are gathered at a ticket counter, focused on purchasing or receiving tickets, indicating active participation in an event."
mscoco/images/COCO_train2014_000000261879.jpg,Engagement,Fatigue,0.95,"The man lying down appears to be resting or sleeping with his eyes closed, indicating tiredness.","LABEL: Fatigue
CONFIDENCE: 0.95
REASON: The man lying down appears to be resting or sleeping with his eyes closed, indicating tiredness."
mscoco/images/COCO_train2014_000000167028.jpg,Engagement,Engagement,0.85,"The individuals are actively participating in a shared meal, with one person serving food and others engaged in eating and conversation.","LABEL: Engagement
CONFIDENCE: 0.85
REASON: The individuals are actively participating in a shared meal, with one person serving food and others engaged in eating and conversation."
mscoco/images/COCO_train2014_000000167028.jpg,Engagement,Engagement,0.85,"The individuals are actively participating in a shared meal, with one person serving food and others engaged in eating and conversation.","LABEL: Engagement
CONFIDENCE: 0.85
REASON: The individuals are actively participating in a shared meal, with one person serving food and others engaged in eating and conversation."
framesdb/images/frame_gq8umfw35sg36nlq.jpg,Engagement,Engagement,0.85,"The man pushing the luggage cart appears focused and actively engaged in his task, while the other person in the elevator seems to be observing or waiting, suggesting a shared context of service and interaction.","LABEL: Engagement
CONFIDENCE: 0.85
REASON: The man pushing the luggage cart appears focused and actively engaged in his task, while the other person in the elevator seems to be observing or waiting, suggesting a shared context of service and interaction."
emodb_small/images/h705hnfsvdwf6mh2xw.jpg,Engagement,Anger,0.95,"The women are physically confronting each other with aggressive expressions and gestures, indicating anger.","LABEL: Anger
CONFIDENCE: 0.95
REASON: The women are physically confronting each other with aggressive expressions and gestures, indicating anger."
framesdb/images/frame_88u3mzsacaic5583.jpg,Engagement,Engagement,0.95,"The worker is focused and actively engaged in his task, showing concentration and involvement in the work.","LABEL: Engagement
CONFIDENCE: 0.95
REASON: The worker is focused and actively engaged in his task, showing concentration and involvement in the work."
mscoco/images/COCO_train2014_000000213009.jpg,Confidence,Excitement,0.95,The batter's intense focus and the dynamic action of the swing convey a high level of excitement in the moment.,"LABEL: Excitement
CONFIDENCE: 0.95
REASON: The batter's intense focus and the dynamic action of the swing convey a high level of excitement in the moment."
mscoco/images/COCO_val2014_000000121006.jpg,Confidence,Happiness,0.95,The boy is smiling broadly and appears joyful while showing off his cast.,"LABEL: Happiness
CONFIDENCE: 0.95
REASON: The boy is smiling broadly and appears joyful while showing off his cast."
mscoco/images/COCO_train2014_000000423647.jpg,Confidence,Excitement,0.95,The players' dynamic postures and focused expressions suggest high energy and enthusiasm for the game.,"LABEL: Excitement
CONFIDENCE: 0.95
REASON: The players' dynamic postures and focused expressions suggest high energy and enthusiasm for the game."
mscoco/images/COCO_train2014_000000432683.jpg,Confidence,Engagement,0.95,"The man in the blue shirt is focused and holding a tennis racket, indicating active participation in a game.","LABEL: Engagement
CONFIDENCE: 0.95
REASON: The man in the blue shirt is focused and holding a tennis racket, indicating active participation in a game."
framesdb/images/frame_hzo04gqf487tm689.jpg,Confidence,Excitement,0.95,"The individuals are smiling and laughing while floating in the water, indicating high levels of excitement.","LABEL: Excitement
CONFIDENCE: 0.95
REASON: The individuals are smiling and laughing while floating in the water, indicating high levels of excitement."
mscoco/images/COCO_val2014_000000482172.jpg,Confidence,Excitement,0.95,The surfer's dynamic posture and the wave's energy convey a sense of exhilaration and thrill.,"LABEL: Excitement
CONFIDENCE: 0.95
REASON: The surfer's dynamic posture and the wave's energy convey a sense of exhilaration and thrill."
mscoco/images/COCO_train2014_000000498702.jpg,Confidence,Anticipation,0.95,"The batter is focused and ready, holding the bat in anticipation of the incoming pitch.","LABEL: Anticipation
CONFIDENCE: 0.95
REASON: The batter is focused and ready, holding the bat in anticipation of the incoming pitch."
mscoco/images/COCO_val2014_000000108758.jpg,Confidence,Disapproval,0.95,"The unusual branding with a person's face on toothbrushes suggests a questionable marketing choice, evoking disapproval.","LABEL: Disapproval
CONFIDENCE: 0.95
REASON: The unusual branding with a person's face on toothbrushes suggests a questionable marketing choice, evoking disapproval."
mscoco/images/COCO_train2014_000000106596.jpg,Confidence,Confidence,0.85,"The man stands confidently with a surfboard, exuding self-assurance despite the foggy conditions.","LABEL: Confidence
CONFIDENCE: 0.85
REASON: The man stands confidently with a surfboard, exuding self-assurance despite the foggy conditions."
framesdb/images/frame_1cnsgmoppetoruv9.jpg,Confidence,Engagement,0.95,"The crowd is actively interacting, holding food and drinks, and appears engaged in conversation at a social gathering.","LABEL: Engagement
CONFIDENCE: 0.95
REASON: The crowd is actively interacting, holding food and drinks, and appears engaged in conversation at a social gathering."
mscoco/images/COCO_train2014_000000389772.jpg,Confidence,Happiness,0.95,The individuals are smiling broadly and appear joyful while posing with tennis rackets.,"LABEL: Happiness
CONFIDENCE: 0.95
REASON: The individuals are smiling broadly and appear joyful while posing with tennis rackets."
mscoco/images/COCO_train2014_000000394058.jpg,Confidence,Happiness,0.95,"The individuals are smiling and enjoying a sunny day on the slopes, indicating happiness.","LABEL: Happiness
CONFIDENCE: 0.95
REASON: The individuals are smiling and enjoying a sunny day on the slopes, indicating happiness."
mscoco/images/COCO_train2014_000000367519.jpg,Confidence,Engagement,0.95,Players are actively focused on the ball and engaged in the game.,"LABEL: Engagement
CONFIDENCE: 0.95
REASON: Players are actively focused on the ball and engaged in the game."
mscoco/images/COCO_train2014_000000055516.jpg,Confidence,Excitement,0.95,"The snowboarder is mid-air performing a jump, suggesting exhilaration and thrill.","LABEL: Excitement
CONFIDENCE: 0.95
REASON: The snowboarder is mid-air performing a jump, suggesting exhilaration and thrill."
mscoco/images/COCO_val2014_000000097924.jpg,Confidence,Fear,0.85,"The horse appears reluctant and tense while being loaded, indicating fear of the trailer.","LABEL: Fear
CONFIDENCE: 0.85
REASON: The horse appears reluctant and tense while being loaded, indicating fear of the trailer."
mscoco/images/COCO_val2014_000000075783.jpg,Confidence,Excitement,0.95,The surfer's dynamic posture and the splashing water convey a sense of exhilaration and thrill.,"LABEL: Excitement
CONFIDENCE: 0.95
REASON: The surfer's dynamic posture and the splashing water convey a sense of exhilaration and thrill."
mscoco/images/COCO_train2014_000000552985.jpg,Confidence,Excitement,0.95,The man's wide eyes and eager expression suggest excitement as he leans in to eat the pizza.,"LABEL: Excitement
CONFIDENCE: 0.95
REASON: The man's wide eyes and eager expression suggest excitement as he leans in to eat the pizza."
mscoco/images/COCO_train2014_000000480947.jpg,Confidence,Engagement,0.95,"The players are actively focused on the ball and engaged in the game, showing clear involvement and concentration.","LABEL: Engagement
CONFIDENCE: 0.95
REASON: The players are actively focused on the ball and engaged in the game, showing clear involvement and concentration."
mscoco/images/COCO_train2014_000000443005.jpg,Confidence,Excitement,0.95,"The motion blur and the riders' posture suggest high speed and thrill, indicating excitement.","LABEL: Excitement
CONFIDENCE: 0.95
REASON: The motion blur and the riders' posture suggest high speed and thrill, indicating excitement."
mscoco/images/COCO_train2014_000000145462.jpg,Confidence,Excitement,0.95,"The man on the right is actively engaged in throwing a frisbee with focused energy, indicating excitement.","LABEL: Excitement
CONFIDENCE: 0.95
REASON: The man on the right is actively engaged in throwing a frisbee with focused energy, indicating excitement."
mscoco/images/COCO_train2014_000000399630.jpg,Confidence,Engagement,0.95,"The player is focused and ready, indicating high engagement in the game.","LABEL: Engagement
CONFIDENCE: 0.95
REASON: The player is focused and ready, indicating high engagement in the game."
mscoco/images/COCO_train2014_000000563617.jpg,Confidence,Excitement,0.85,The group of people carrying surfboards toward the ocean suggests anticipation and excitement for surfing.,"LABEL: Excitement
CONFIDENCE: 0.85
REASON: The group of people carrying surfboards toward the ocean suggests anticipation and excitement for surfing."
mscoco/images/COCO_train2014_000000091642.jpg,Confidence,Happiness,0.95,"The athletes are smiling and raising their arms in celebration, indicating joy and happiness.","LABEL: Happiness
CONFIDENCE: 0.95
REASON: The athletes are smiling and raising their arms in celebration, indicating joy and happiness."
framesdb/images/frame_i1gbq80jq8yd2tjk.jpg,Confidence,Happiness,0.95,The individuals are smiling and appear joyful while posing with surfboards on a sunny beach.,"LABEL: Happiness
CONFIDENCE: 0.95
REASON: The individuals are smiling and appear joyful while posing with surfboards on a sunny beach."
framesdb/images/frame_kuq0kdzyl2m9b7eo.jpg,Confidence,Engagement,0.95,"The individuals are actively participating in a swimming lesson, with one person assisting another in the water, indicating focused involvement.","LABEL: Engagement
CONFIDENCE: 0.95
REASON: The individuals are actively participating in a swimming lesson, with one person assisting another in the water, indicating focused involvement."
mscoco/images/COCO_train2014_000000211033.jpg,Confidence,Excitement,0.95,"The batter is in a dynamic stance, ready to swing, with the crowd watching intently, creating a tense and thrilling atmosphere.","LABEL: Excitement
CONFIDENCE: 0.95
REASON: The batter is in a dynamic stance, ready to swing, with the crowd watching intently, creating a tense and thrilling atmosphere."
framesdb/images/frame_k7l5mndx4o6fuoat.jpg,Confidence,Engagement,0.95,"The people on the fire escape appear to be interacting and smiling, suggesting social engagement.","LABEL: Engagement
CONFIDENCE: 0.95
REASON: The people on the fire escape appear to be interacting and smiling, suggesting social engagement."
mscoco/images/COCO_train2014_000000385913.jpg,Confidence,Happiness,0.95,"The individuals are smiling and participating in a celebratory cake-cutting event, indicating happiness.","LABEL: Happiness
CONFIDENCE: 0.95
REASON: The individuals are smiling and participating in a celebratory cake-cutting event, indicating happiness."
mscoco/images/COCO_train2014_000000071005.jpg,Confidence,Happiness,0.95,"Both individuals are smiling broadly, indicating clear happiness.","LABEL: Happiness
CONFIDENCE: 0.95
REASON: Both individuals are smiling broadly, indicating clear happiness."
mscoco/images/COCO_train2014_000000449889.jpg,Confidence,Confidence,0.95,"The police officer sits upright on his motorcycle with a composed and authoritative posture, exuding self-assurance.","LABEL: Confidence
CONFIDENCE: 0.95
REASON: The police officer sits upright on his motorcycle with a composed and authoritative posture, exuding self-assurance."
mscoco/images/COCO_train2014_000000296257.jpg,Confidence,Excitement,0.95,"The person is standing confidently next to a motorcycle with luggage, suggesting readiness for an adventurous journey.","LABEL: Excitement
CONFIDENCE: 0.95
REASON: The person is standing confidently next to a motorcycle with luggage, suggesting readiness for an adventurous journey."
framesdb/images/frame_7ed6c8al4ihr3zvr.jpg,Confidence,Excitement,0.95,"The children are actively engaged in playing laser hockey with focused expressions and dynamic movement, indicating excitement.","LABEL: Excitement
CONFIDENCE: 0.95
REASON: The children are actively engaged in playing laser hockey with focused expressions and dynamic movement, indicating excitement."
mscoco/images/COCO_train2014_000000360475.jpg,Confidence,Engagement,0.95,"The man is actively swinging a bat with focused intensity, indicating engagement in the activity.","LABEL: Engagement
CONFIDENCE: 0.95
REASON: The man is actively swinging a bat with focused intensity, indicating engagement in the activity."
mscoco/images/COCO_train2014_000000535971.jpg,Confidence,Excitement,0.95,The skier's dynamic posture and focused expression suggest exhilaration and enjoyment of the activity.,"LABEL: Excitement
CONFIDENCE: 0.95
REASON: The skier's dynamic posture and focused expression suggest exhilaration and enjoyment of the activity."
framesdb/images/frame_jjko64pib60qhjet.jpg,Confidence,Sadness,0.85,"The man's somber expression and the sign reading ""VOLCANO VICTIM"" suggest a deep sense of loss and sorrow.","LABEL: Sadness
CONFIDENCE: 0.85
REASON: The man's somber expression and the sign reading ""VOLCANO VICTIM"" suggest a deep sense of loss and sorrow."
mscoco/images/COCO_train2014_000000324882.jpg,Confidence,Engagement,0.95,"The person is actively engaged in skateboarding, focused on maintaining balance while performing a trick.","LABEL: Engagement
CONFIDENCE: 0.95
REASON: The person is actively engaged in skateboarding, focused on maintaining balance while performing a trick."
emodb_small/images/3ehhn46l9yimyuaed8.jpg,Confidence,Esteem,0.95,The formal act of pinning a badge signifies recognition and respect for the soldier's achievements.,"LABEL: Esteem
CONFIDENCE: 0.95
REASON: The formal act of pinning a badge signifies recognition and respect for the soldier's achievements."
framesdb/images/frame_iki3j35k80cw0t6v.jpg,Confidence,Excitement,0.95,The participants are actively paddling and engaging in the activity with visible enthusiasm.,"LABEL: Excitement
CONFIDENCE: 0.95
REASON: The participants are actively paddling and engaging in the activity with visible enthusiasm."
mscoco/images/COCO_train2014_000000144608.jpg,Happiness,Excitement,0.95,The child's energetic posture and focused expression while paddling suggest excitement.,"LABEL: Excitement
CONFIDENCE: 0.95
REASON: The child's energetic posture and focused expression while paddling suggest excitement."
framesdb/images/frame_dkwhvgj0m40g01gs.jpg,Happiness,Excitement,0.95,"The player is smiling widely, running with energy, and appears to be celebrating a goal or victory.","LABEL: Excitement
CONFIDENCE: 0.95
REASON: The player is smiling widely, running with energy, and appears to be celebrating a goal or victory."
mscoco/images/COCO_train2014_000000140322.jpg,Happiness,Surprise,0.95,"The girl's wide eyes and the baby's open mouth suggest a sudden, unexpected moment.","LABEL: Surprise
CONFIDENCE: 0.95
REASON: The girl's wide eyes and the baby's open mouth suggest a sudden, unexpected moment."
mscoco/images/COCO_train2014_000000055276.jpg,Happiness,Happiness,0.95,"The person wearing the hat is smiling, and the overall atmosphere appears joyful and lighthearted.","LABEL: Happiness
CONFIDENCE: 0.95
REASON: The person wearing the hat is smiling, and the overall atmosphere appears joyful and lighthearted."
mscoco/images/COCO_train2014_000000088609.jpg,Happiness,Happiness,0.95,"The child is smiling broadly, showing clear signs of joy and contentment.","LABEL: Happiness
CONFIDENCE: 0.95
REASON: The child is smiling broadly, showing clear signs of joy and contentment."
framesdb/images/frame_j44zhny87dief9zp.jpg,Happiness,Excitement,0.95,"The band members are actively playing instruments with energetic expressions and dynamic movements, indicating high excitement.","LABEL: Excitement
CONFIDENCE: 0.95
REASON: The band members are actively playing instruments with energetic expressions and dynamic movements, indicating high excitement."
mscoco/images/COCO_train2014_000000524651.jpg,Happiness,Happiness,0.95,Both individuals are smiling and appear joyful in the snowy landscape.,"LABEL: Happiness
CONFIDENCE: 0.95
REASON: Both individuals are smiling and appear joyful in the snowy landscape."
mscoco/images/COCO_train2014_000000014103.jpg,Happiness,Excitement,0.95,"The snowboarder is mid-air performing a trick with dynamic motion and focus, indicating high excitement.","LABEL: Excitement
CONFIDENCE: 0.95
REASON: The snowboarder is mid-air performing a trick with dynamic motion and focus, indicating high excitement."
framesdb/images/frame_hdepjixs67t3l4zo.jpg,Happiness,Happiness,0.95,"The individuals are smiling, laughing, and posing joyfully in a celebratory setting, indicating happiness.","LABEL: Happiness
CONFIDENCE: 0.95
REASON: The individuals are smiling, laughing, and posing joyfully in a celebratory setting, indicating happiness."
mscoco/images/COCO_train2014_000000377160.jpg,Happiness,Happiness,0.95,"The person in the mirror is smiling, indicating a positive emotional state.","LABEL: Happiness
CONFIDENCE: 0.95
REASON: The person in the mirror is smiling, indicating a positive emotional state."
mscoco/images/COCO_train2014_000000147012.jpg,Happiness,Engagement,0.95,"The individuals are actively participating in a frisbee game, showing focus and interaction.","LABEL: Engagement
CONFIDENCE: 0.95
REASON: The individuals are actively participating in a frisbee game, showing focus and interaction."
framesdb/images/frame_hqxrmmcc6c2zqzr4.jpg,Happiness,Happiness,0.95,"The woman is smiling warmly while looking out the window, conveying a sense of contentment and joy.","LABEL: Happiness
CONFIDENCE: 0.95
REASON: The woman is smiling warmly while looking out the window, conveying a sense of contentment and joy."
framesdb/images/frame_gfeivpuiazkxf29e.jpg,Happiness,Peace,0.95,"The man appears calm and relaxed while fishing on the beach, enjoying a quiet moment by the water.","LABEL: Peace
CONFIDENCE: 0.95
REASON: The man appears calm and relaxed while fishing on the beach, enjoying a quiet moment by the water."
mscoco/images/COCO_train2014_000000006692.jpg,Happiness,Happiness,0.95,The man is smiling and appears relaxed while posing with his bicycle in a sunny outdoor setting.,"LABEL: Happiness
CONFIDENCE: 0.95
REASON: The man is smiling and appears relaxed while posing with his bicycle in a sunny outdoor setting."
mscoco/images/COCO_train2014_000000360548.jpg,Happiness,Happiness,0.95,The woman is smiling and appears cheerful while posing with the teddy bear displays.,"LABEL: Happiness
CONFIDENCE: 0.95
REASON: The woman is smiling and appears cheerful while posing with the teddy bear displays."
framesdb/images/frame_2m658fp3xgkeqkug.jpg,Happiness,Peace,0.95,"The man appears calm and focused, with a serene expression while reading in a quiet, sacred setting.","LABEL: Peace
CONFIDENCE: 0.95
REASON: The man appears calm and focused, with a serene expression while reading in a quiet, sacred setting."
framesdb/images/frame_c9ctv7ctm2dnic4v.jpg,Happiness,Engagement,0.95,"The children are closely observing the anatomical models and interacting with the woman, showing focused attention and curiosity.","LABEL: Engagement
CONFIDENCE: 0.95
REASON: The children are closely observing the anatomical models and interacting with the woman, showing focused attention and curiosity."
framesdb/images/frame_k43u0wqy98p0ihaw.jpg,Happiness,Happiness,0.95,"The woman is smiling broadly, and the overall scene conveys joy and contentment after giving birth.","LABEL: Happiness
CONFIDENCE: 0.95
REASON: The woman is smiling broadly, and the overall scene conveys joy and contentment after giving birth."
mscoco/images/COCO_train2014_000000248403.jpg,Happiness,Disconnection,0.75,"The person appears isolated and detached, looking away from the camera with a neutral expression in a public setting.","LABEL: Disconnection
CONFIDENCE: 0.75
REASON: The person appears isolated and detached, looking away from the camera with a neutral expression in a public setting."
mscoco/images/COCO_train2014_000000512854.jpg,Happiness,Excitement,0.95,"The man is actively engaged in a video game, raising his arm in a celebratory gesture, indicating excitement.","LABEL: Excitement
CONFIDENCE: 0.95
REASON: The man is actively engaged in a video game, raising his arm in a celebratory gesture, indicating excitement."
framesdb/images/frame_fq5auwuqb7gh7kn6.jpg,Happiness,Happiness,0.95,"The group of people are smiling and laughing while enjoying the water, indicating happiness.","LABEL: Happiness
CONFIDENCE: 0.95
REASON: The group of people are smiling and laughing while enjoying the water, indicating happiness."
framesdb/images/frame_fq5auwuqb7gh7kn6.jpg,Happiness,Happiness,0.95,The group is smiling and appears to be enjoying themselves in the water.,"LABEL: Happiness
CONFIDENCE: 0.95
REASON: The group is smiling and appears to be enjoying themselves in the water."
mscoco/images/COCO_train2014_000000439678.jpg,Happiness,Happiness,0.95,The individuals are smiling and appear to be enjoying a recreational activity together.,"LABEL: Happiness
CONFIDENCE: 0.95
REASON: The individuals are smiling and appear to be enjoying a recreational activity together."
framesdb/images/frame_gko26fo2wzz06i1r.jpg,Happiness,Excitement,0.95,"The athlete's wide-open arms, triumphant expression, and dynamic posture convey intense excitement upon winning the race.","LABEL: Excitement
CONFIDENCE: 0.95
REASON: The athlete's wide-open arms, triumphant expression, and dynamic posture convey intense excitement upon winning the race."
framesdb/images/frame_dmt5sh6c2mlvoqp0.jpg,Happiness,Excitement,0.95,"The individuals are cheering with raised arms and broad smiles, indicating high excitement.","LABEL: Excitement
CONFIDENCE: 0.95
REASON: The individuals are cheering with raised arms and broad smiles, indicating high excitement."
framesdb/images/frame_hgjcg5y89ooy0gul.jpg,Happiness,Excitement,0.95,"The people are preparing for a kayaking adventure, which typically evokes excitement.","LABEL: Excitement
CONFIDENCE: 0.95
REASON: The people are preparing for a kayaking adventure, which typically evokes excitement."
framesdb/images/frame_hl32tqfwoavgpc0f.jpg,Happiness,Affection,0.95,"The person is kneeling close to the wolf, showing a calm and gentle interaction.","LABEL: Affection
CONFIDENCE: 0.95
REASON: The person is kneeling close to the wolf, showing a calm and gentle interaction."
framesdb/images/frame_i9i87bp5glxa4qgv.jpg,Happiness,Happiness,0.85,"The woman is smiling while applying makeup, indicating a positive mood.","LABEL: Happiness
CONFIDENCE: 0.85
REASON: The woman is smiling while applying makeup, indicating a positive mood."
mscoco/images/COCO_train2014_000000045659.jpg,Happiness,Excitement,0.95,The player's wide smile and dynamic posture suggest high energy and enthusiasm during the game.,"LABEL: Excitement
CONFIDENCE: 0.95
REASON: The player's wide smile and dynamic posture suggest high energy and enthusiasm during the game."
mscoco/images/COCO_train2014_000000483769.jpg,Happiness,Happiness,0.95,"The group is smiling and gathered around a decorated cake, indicating joy and celebration.","LABEL: Happiness
CONFIDENCE: 0.95
REASON: The group is smiling and gathered around a decorated cake, indicating joy and celebration."
mscoco/images/COCO_train2014_000000328676.jpg,Happiness,Happiness,0.95,"The man is smiling while cutting a birthday cake, and the children are looking at the cake with excitement.","LABEL: Happiness
CONFIDENCE: 0.95
REASON: The man is smiling while cutting a birthday cake, and the children are looking at the cake with excitement."
framesdb/images/frame_egot35ej6dqtyuvz.jpg,Happiness,Happiness,0.95,"The couple is smiling and standing close together in a positive, celebratory pose.","LABEL: Happiness
CONFIDENCE: 0.95
REASON: The couple is smiling and standing close together in a positive, celebratory pose."
framesdb/images/frame_egot35ej6dqtyuvz.jpg,Happiness,Happiness,0.95,The couple is smiling and appears to be enjoying their time together in the elevator.,"LABEL: Happiness
CONFIDENCE: 0.95
REASON: The couple is smiling and appears to be enjoying their time together in the elevator."
framesdb/images/frame_3s4re47ibjv2yfmm.jpg,Happiness,Happiness,0.95,"The woman is smiling broadly, indicating a positive emotional state.","LABEL: Happiness
CONFIDENCE: 0.95
REASON: The woman is smiling broadly, indicating a positive emotional state."
mscoco/images/COCO_train2014_000000091642.jpg,Happiness,Happiness,0.95,"The athletes are smiling and raising their arms in celebration, indicating joy and happiness.","LABEL: Happiness
CONFIDENCE: 0.95
REASON: The athletes are smiling and raising their arms in celebration, indicating joy and happiness."
mscoco/images/COCO_val2014_000000142620.jpg,Happiness,Peace,0.95,"The man is calmly preparing food outdoors in a serene natural setting, suggesting a peaceful moment.","LABEL: Peace
CONFIDENCE: 0.95
REASON: The man is calmly preparing food outdoors in a serene natural setting, suggesting a peaceful moment."
mscoco/images/COCO_train2014_000000216987.jpg,Happiness,Happiness,0.95,The person is smiling widely and appears joyful while skiing in a snowy landscape.,"LABEL: Happiness
CONFIDENCE: 0.95
REASON: The person is smiling widely and appears joyful while skiing in a snowy landscape."
mscoco/images/COCO_train2014_000000103166.jpg,Happiness,Excitement,0.95,The child's wide smile and energetic stance on the snowy slope suggest excitement for skiing.,"LABEL: Excitement
CONFIDENCE: 0.95
REASON: The child's wide smile and energetic stance on the snowy slope suggest excitement for skiing."
mscoco/images/COCO_train2014_000000369575.jpg,Pleasure,Engagement,0.95,"The boy is focused on the task of cleaning the chair, showing concentration and involvement in his activity.","LABEL: Engagement
CONFIDENCE: 0.95
REASON: The boy is focused on the task of cleaning the chair, showing concentration and involvement in his activity."
mscoco/images/COCO_train2014_000000334220.jpg,Pleasure,Happiness,0.95,"The people in the image are smiling and appear to be enjoying a meal together in a warm, social setting.","LABEL: Happiness
CONFIDENCE: 0.95
REASON: The people in the image are smiling and appear to be enjoying a meal together in a warm, social setting."
mscoco/images/COCO_train2014_000000162177.jpg,Pleasure,Engagement,0.85,"The players are actively participating in a baseball game, showing focus and involvement.","LABEL: Engagement
CONFIDENCE: 0.85
REASON: The players are actively participating in a baseball game, showing focus and involvement."
mscoco/images/COCO_train2014_000000078550.jpg,Pleasure,Engagement,0.95,"The individuals are actively participating in a game, with one preparing to hit the ball and the other ready to respond.","LABEL: Engagement
CONFIDENCE: 0.95
REASON: The individuals are actively participating in a game, with one preparing to hit the ball and the other ready to respond."
emodb_small/images/4xmnrhc7pxoxbv1rjw.jpg,Pleasure,Peace,0.95,The woman's relaxed posture and closed eyes suggest a state of calm and tranquility.,"LABEL: Peace
CONFIDENCE: 0.95
REASON: The woman's relaxed posture and closed eyes suggest a state of calm and tranquility."
mscoco/images/COCO_train2014_000000053591.jpg,Pleasure,Engagement,0.95,"The man is actively riding the elephant, indicating a focused interaction.","LABEL: Engagement
CONFIDENCE: 0.95
REASON: The man is actively riding the elephant, indicating a focused interaction."
mscoco/images/COCO_val2014_000000179898.jpg,Pleasure,Happiness,0.95,"The child is smiling broadly and proudly displaying two hot dogs, indicating joy and excitement.","LABEL: Happiness
CONFIDENCE: 0.95
REASON: The child is smiling broadly and proudly displaying two hot dogs, indicating joy and excitement."
mscoco/images/COCO_train2014_000000279131.jpg,Pleasure,Happiness,0.95,"The individuals in the image are smiling and appear engaged, indicating a positive emotional state.","LABEL: Happiness
CONFIDENCE: 0.95
REASON: The individuals in the image are smiling and appear engaged, indicating a positive emotional state."
mscoco/images/COCO_train2014_000000156084.jpg,Pleasure,Happiness,0.95,"The woman is smiling and appears content while holding a rainbow umbrella, suggesting a positive emotional state.","LABEL: Happiness
CONFIDENCE: 0.95
REASON: The woman is smiling and appears content while holding a rainbow umbrella, suggesting a positive emotional state."
mscoco/images/COCO_train2014_000000136316.jpg,Pleasure,Happiness,0.95,"Both individuals are smiling broadly, indicating clear happiness.","LABEL: Happiness
CONFIDENCE: 0.95
REASON: Both individuals are smiling broadly, indicating clear happiness."
framesdb/images/frame_2k6cczb6hx4jdrq9.jpg,Pleasure,Engagement,0.95,"The girls are closely focused on the book, showing active interest and concentration.","LABEL: Engagement
CONFIDENCE: 0.95
REASON: The girls are closely focused on the book, showing active interest and concentration."
mscoco/images/COCO_train2014_000000480851.jpg,Pleasure,Excitement,0.95,"The person is actively water skiing, creating a large splash and showing an engaged, dynamic posture indicative of excitement.","LABEL: Excitement
CONFIDENCE: 0.95
REASON: The person is actively water skiing, creating a large splash and showing an engaged, dynamic posture indicative of excitement."
mscoco/images/COCO_train2014_000000229449.jpg,Pleasure,Excitement,0.95,"The rider is on a motorcycle moving at speed, suggesting thrill and excitement.","LABEL: Excitement
CONFIDENCE: 0.95
REASON: The rider is on a motorcycle moving at speed, suggesting thrill and excitement."
mscoco/images/COCO_val2014_000000096785.jpg,Pleasure,Yearning,0.95,"The woman's gaze into the shop window suggests a longing for the displayed items, evoking a sense of yearning.","LABEL: Yearning
CONFIDENCE: 0.95
REASON: The woman's gaze into the shop window suggests a longing for the displayed items, evoking a sense of yearning."
mscoco/images/COCO_train2014_000000553179.jpg,Pleasure,Confidence,0.95,"The man in the suit is standing confidently with a composed posture and direct gaze, conveying self-assurance.","LABEL: Confidence
CONFIDENCE: 0.95
REASON: The man in the suit is standing confidently with a composed posture and direct gaze, conveying self-assurance."
mscoco/images/COCO_train2014_000000357837.jpg,Pleasure,Happiness,0.95,The woman is smiling warmly and looking directly at the camera with a pleasant expression.,"LABEL: Happiness
CONFIDENCE: 0.95
REASON: The woman is smiling warmly and looking directly at the camera with a pleasant expression."
framesdb/images/frame_kx4x2gnb85gubure.jpg,Pleasure,Happiness,0.95,Children are playing joyfully in a water fountain on a sunny day.,"LABEL: Happiness
CONFIDENCE: 0.95
REASON: Children are playing joyfully in a water fountain on a sunny day."
framesdb/images/frame_a8fbmxdln3g2poie.jpg,Pleasure,Confidence,0.95,"The man is eating a large sandwich and fries while working, indicating he is hungry.","LABEL: Hunger
CONFIDENCE: 0.95
REASON: The man is eating a large sandwich and fries while working, indicating he is hungry."
mscoco/images/COCO_train2014_000000078977.jpg,Pleasure,Excitement,0.95,"The children's dynamic, playful interaction on the grass suggests high energy and enthusiasm.","LABEL: Excitement
CONFIDENCE: 0.95
REASON: The children's dynamic, playful interaction on the grass suggests high energy and enthusiasm."
mscoco/images/COCO_train2014_000000123907.jpg,Pleasure,Engagement,0.95,The tennis player's focused posture and readiness to react indicate high engagement in the game.,"LABEL: Engagement
CONFIDENCE: 0.95
REASON: The tennis player's focused posture and readiness to react indicate high engagement in the game."
framesdb/images/frame_l977sym2yk4k1aow.jpg,Pleasure,Disapproval,0.95,The woman's facial expression and body language suggest she is disapproving of the man's struggle with the lawnmower.,"LABEL: Disapproval
CONFIDENCE: 0.95
REASON: The woman's facial expression and body language suggest she is disapproving of the man's struggle with the lawnmower."
mscoco/images/COCO_train2014_000000370441.jpg,Pleasure,Happiness,0.95,"The person is smiling broadly while riding a horse, indicating clear happiness.","LABEL: Happiness
CONFIDENCE: 0.95
REASON: The person is smiling broadly while riding a horse, indicating clear happiness."
framesdb/images/frame_gtjfg923z58plp2f.jpg,Pleasure,Pleasure,0.95,"The person is drinking from a water fountain with a relaxed expression, suggesting enjoyment of the cool water.","LABEL: Pleasure
CONFIDENCE: 0.95
REASON: The person is drinking from a water fountain with a relaxed expression, suggesting enjoyment of the cool water."
mscoco/images/COCO_train2014_000000035707.jpg,Pleasure,Engagement,0.95,"The boy is focused on eating, showing interest in his meal.","LABEL: Engagement
CONFIDENCE: 0.95
REASON: The boy is focused on eating, showing interest in his meal."
mscoco/images/COCO_train2014_000000565360.jpg,Pleasure,Engagement,0.95,"The players are actively focused on the ball and engaged in the game, showing concentration and physical involvement.","LABEL: Engagement
CONFIDENCE: 0.95
REASON: The players are actively focused on the ball and engaged in the game, showing concentration and physical involvement."
mscoco/images/COCO_train2014_000000333748.jpg,Pleasure,Peace,0.95,"The serene outdoor setting with soft lighting, gentle natural elements, and a calm individual creates a peaceful atmosphere.","LABEL: Peace
CONFIDENCE: 0.95
REASON: The serene outdoor setting with soft lighting, gentle natural elements, and a calm individual creates a peaceful atmosphere."
emodb_small/images/am9j3t9a22e5jzjfp2.jpg,Pleasure,Disconnection,0.95,"The audience members are physically present but emotionally detached, each absorbed in their own devices, showing a lack of shared engagement with the event.","LABEL: Disconnection
CONFIDENCE: 0.95
REASON: The audience members are physically present but emotionally detached, each absorbed in their own devices, showing a lack of shared engagement with the event."
framesdb/images/frame_e7klbuacxme075uu.jpg,Pleasure,Excitement,0.95,The splashing and dynamic movement of people entering the water suggest high energy and excitement.,"LABEL: Excitement
CONFIDENCE: 0.95
REASON: The splashing and dynamic movement of people entering the water suggest high energy and excitement."
mscoco/images/COCO_train2014_000000332135.jpg,Pleasure,Happiness,0.95,The girl is smiling broadly and appears joyful while looking at her birthday cake.,"LABEL: Happiness
CONFIDENCE: 0.95
REASON: The girl is smiling broadly and appears joyful while looking at her birthday cake."
mscoco/images/COCO_val2014_000000129659.jpg,Pleasure,Happiness,0.85,The person is smiling while eating and enjoying a meal outdoors.,"LABEL: Happiness
CONFIDENCE: 0.85
REASON: The person is smiling while eating and enjoying a meal outdoors."
mscoco/images/COCO_val2014_000000175082.jpg,Pleasure,Excitement,0.95,The children's wide eyes and eager expressions indicate excitement as they enjoy the food.,"LABEL: Excitement
CONFIDENCE: 0.95
REASON: The children's wide eyes and eager expressions indicate excitement as they enjoy the food."
framesdb/images/frame_k56u9ldus0ht2r3w.jpg,Pleasure,Fatigue,0.95,"The woman appears to be resting or sleeping in the car, with her head tilted and eyes closed, suggesting tiredness.","LABEL: Fatigue
CONFIDENCE: 0.95
REASON: The woman appears to be resting or sleeping in the car, with her head tilted and eyes closed, suggesting tiredness."
mscoco/images/COCO_train2014_000000013278.jpg,Pleasure,Excitement,0.95,"The skateboarder's dynamic pose and the intense lighting suggest a high-energy, thrilling moment.","LABEL: Excitement
CONFIDENCE: 0.95
REASON: The skateboarder's dynamic pose and the intense lighting suggest a high-energy, thrilling moment."
framesdb/images/frame_1c2a9wnx8u1fl4we.jpg,Pleasure,Excitement,0.95,Children are actively playing and laughing on water toys in a lively indoor pool setting.,"LABEL: Excitement
CONFIDENCE: 0.95
REASON: Children are actively playing and laughing on water toys in a lively indoor pool setting."
mscoco/images/COCO_train2014_000000429433.jpg,Pleasure,Engagement,0.95,"The child is focused on the food, showing interest and active involvement in the mealtime activity.","LABEL: Engagement
CONFIDENCE: 0.95
REASON: The child is focused on the food, showing interest and active involvement in the mealtime activity."
mscoco/images/COCO_train2014_000000140180.jpg,Pleasure,Happiness,0.95,The woman is smiling and appears relaxed and content in the scene.,"LABEL: Happiness
CONFIDENCE: 0.95
REASON: The woman is smiling and appears relaxed and content in the scene."
mscoco/images/COCO_val2014_000000575487.jpg,Pleasure,Anticipation,0.95,"The person is watching food bake in the oven, indicating anticipation of a meal.","LABEL: Anticipation
CONFIDENCE: 0.95
REASON: The person is watching food bake in the oven, indicating anticipation of a meal."
mscoco/images/COCO_val2014_000000180521.jpg,Pleasure,Happiness,0.95,"The woman is smiling broadly, indicating a strong sense of happiness.","LABEL: Happiness
CONFIDENCE: 0.95
REASON: The woman is smiling broadly, indicating a strong sense of happiness."
mscoco/images/COCO_train2014_000000137029.jpg,Excitement,Surprise,0.95,"The man's wide eyes and open mouth suggest a sudden, unexpected reaction to the banana floating in front of him.","LABEL: Surprise
CONFIDENCE: 0.95
REASON: The man's wide eyes and open mouth suggest a sudden, unexpected reaction to the banana floating in front of him."
emodb_small/images/4le1bbiky5djx0iuln.jpg,Excitement,Engagement,0.95,"The speaker is actively gesturing and addressing the audience, indicating engagement with the topic and listeners.","LABEL: Engagement
CONFIDENCE: 0.95
REASON: The speaker is actively gesturing and addressing the audience, indicating engagement with the topic and listeners."
framesdb/images/frame_482f0lsguoiv0sk6.jpg,Excitement,Excitement,0.95,The players' intense focus and dynamic action suggest high energy and excitement in the game.,"LABEL: Excitement
CONFIDENCE: 0.95
REASON: The players' intense focus and dynamic action suggest high energy and excitement in the game."
framesdb/images/frame_4b7yta6mg9sm2x6n.jpg,Excitement,Excitement,0.95,"The player's wide smile, open arms, and energetic posture convey clear excitement during the game.","LABEL: Excitement
CONFIDENCE: 0.95
REASON: The player's wide smile, open arms, and energetic posture convey clear excitement during the game."
mscoco/images/COCO_train2014_000000319521.jpg,Excitement,Engagement,0.85,"The man appears actively engaged in conversation or performance, with expressive gestures and attention from the seated observer.","LABEL: Engagement
CONFIDENCE: 0.85
REASON: The man appears actively engaged in conversation or performance, with expressive gestures and attention from the seated observer."
mscoco/images/COCO_train2014_000000095711.jpg,Excitement,Excitement,0.95,The player's dynamic pose and the intensity of the moment suggest excitement.,"LABEL: Excitement
CONFIDENCE: 0.95
REASON: The player's dynamic pose and the intensity of the moment suggest excitement."
framesdb/images/frame_i2z4j8ih080q3cma.jpg,Excitement,Engagement,0.95,Workers are actively engaged in assembling cars on a production line.,"LABEL: Engagement
CONFIDENCE: 0.95
REASON: Workers are actively engaged in assembling cars on a production line."
mscoco/images/COCO_train2014_000000385913.jpg,Excitement,Happiness,0.95,"The individuals are smiling and participating in a celebratory cake-cutting event, indicating happiness.","LABEL: Happiness
CONFIDENCE: 0.95
REASON: The individuals are smiling and participating in a celebratory cake-cutting event, indicating happiness."
mscoco/images/COCO_train2014_000000251754.jpg,Excitement,Happiness,0.95,The individuals are smiling and appear to be enjoying their time skiing in the snow.,"LABEL: Happiness
CONFIDENCE: 0.95
REASON: The individuals are smiling and appear to be enjoying their time skiing in the snow."
mscoco/images/COCO_val2014_000000529314.jpg,Excitement,Excitement,0.95,"The players are actively engaged in a fast-paced soccer game, showing focus and energy.","LABEL: Excitement
CONFIDENCE: 0.95
REASON: The players are actively engaged in a fast-paced soccer game, showing focus and energy."
framesdb/images/frame_3xw8740px7b49km0.jpg,Excitement,Excitement,0.95,The energetic movements and expressions of the skateboarders convey a sense of thrill and excitement.,"LABEL: Excitement
CONFIDENCE: 0.95
REASON: The energetic movements and expressions of the skateboarders convey a sense of thrill and excitement."
mscoco/images/COCO_train2014_000000433715.jpg,Excitement,Excitement,0.95,The skateboarder's dynamic pose and the crowd's attention suggest high energy and anticipation.,"LABEL: Excitement
CONFIDENCE: 0.95
REASON: The skateboarder's dynamic pose and the crowd's attention suggest high energy and anticipation."
mscoco/images/COCO_train2014_000000351451.jpg,Excitement,Excitement,0.95,"The players are actively engaged in a dynamic soccer game, showing energetic movement and focus.","LABEL: Excitement
CONFIDENCE: 0.95
REASON: The players are actively engaged in a dynamic soccer game, showing energetic movement and focus."
emodb_small/images/he3gfq8i7gxouwd8xf.jpg,Excitement,Surprise,0.95,The woman's wide eyes and open mouth indicate a strong reaction to something unexpected in the document she is reading.,"LABEL: Surprise
CONFIDENCE: 0.95
REASON: The woman's wide eyes and open mouth indicate a strong reaction to something unexpected in the document she is reading."
mscoco/images/COCO_train2014_000000374553.jpg,Excitement,Excitement,0.95,The players' intense focus and dynamic action suggest a high level of excitement during the game.,"LABEL: Excitement
CONFIDENCE: 0.95
REASON: The players' intense focus and dynamic action suggest a high level of excitement during the game."
mscoco/images/COCO_train2014_000000112707.jpg,Excitement,Anticipation,0.95,"The batter is poised and ready to swing, indicating anticipation of the incoming pitch.","LABEL: Anticipation
CONFIDENCE: 0.95
REASON: The batter is poised and ready to swing, indicating anticipation of the incoming pitch."
mscoco/images/COCO_train2014_000000554665.jpg,Excitement,Excitement,0.95,The skateboarder's dynamic pose and focused expression convey a sense of thrill and exhilaration.,"LABEL: Excitement
CONFIDENCE: 0.95
REASON: The skateboarder's dynamic pose and focused expression convey a sense of thrill and exhilaration."
mscoco/images/COCO_train2014_000000246044.jpg,Excitement,Engagement,0.95,"The individuals are actively participating in a game of frisbee, showing focus and interaction.","LABEL: Engagement
CONFIDENCE: 0.95
REASON: The individuals are actively participating in a game of frisbee, showing focus and interaction."
mscoco/images/COCO_train2014_000000306913.jpg,Excitement,Disconnection,0.85,"The individuals are physically close but exhibit closed body language and lack interaction, suggesting emotional distance.","LABEL: Disconnection
CONFIDENCE: 0.85
REASON: The individuals are physically close but exhibit closed body language and lack interaction, suggesting emotional distance."
mscoco/images/COCO_train2014_000000179504.jpg,Excitement,Disconnection,0.95,"The man is on the phone while the woman looks away, suggesting a lack of shared engagement or emotional connection.","LABEL: Disconnection
CONFIDENCE: 0.95
REASON: The man is on the phone while the woman looks away, suggesting a lack of shared engagement or emotional connection."
mscoco/images/COCO_val2014_000000580613.jpg,Excitement,Happiness,0.95,The woman is smiling broadly and appears joyful while riding the motorcycle in a parade.,"LABEL: Happiness
CONFIDENCE: 0.95
REASON: The woman is smiling broadly and appears joyful while riding the motorcycle in a parade."
mscoco/images/COCO_train2014_000000032627.jpg,Excitement,Excitement,0.95,The man's dynamic posture and focused expression suggest energetic engagement in the activity.,"LABEL: Excitement
CONFIDENCE: 0.95
REASON: The man's dynamic posture and focused expression suggest energetic engagement in the activity."
mscoco/images/COCO_train2014_000000226378.jpg,Excitement,Engagement,0.95,"The individuals are actively participating in a game, showing focus and interaction with the activity.","LABEL: Engagement
CONFIDENCE: 0.95
REASON: The individuals are actively participating in a game, showing focus and interaction with the activity."
mscoco/images/COCO_train2014_000000328064.jpg,Excitement,Happiness,0.95,"The child's wide, joyful smile and bright eyes convey clear happiness.","LABEL: Happiness
CONFIDENCE: 0.95
REASON: The child's wide, joyful smile and bright eyes convey clear happiness."
mscoco/images/COCO_train2014_000000021983.jpg,Excitement,Excitement,0.95,The players' intense focus and dynamic movement suggest high energy and excitement during the rugby game.,"LABEL: Excitement
CONFIDENCE: 0.95
REASON: The players' intense focus and dynamic movement suggest high energy and excitement during the rugby game."
mscoco/images/COCO_train2014_000000201640.jpg,Excitement,Surprise,0.85,The child's wide eyes and puckered lips suggest a sudden or unexpected reaction.,"LABEL: Surprise
CONFIDENCE: 0.85
REASON: The child's wide eyes and puckered lips suggest a sudden or unexpected reaction."
mscoco/images/COCO_train2014_000000521218.jpg,Excitement,Surprise,0.85,The man's wide eyes and open mouth suggest a sudden reaction to something unexpected.,"LABEL: Surprise
CONFIDENCE: 0.85
REASON: The man's wide eyes and open mouth suggest a sudden reaction to something unexpected."
mscoco/images/COCO_train2014_000000406488.jpg,Excitement,Engagement,0.85,"The man and child are walking together across the street, indicating a shared activity and connection.","LABEL: Engagement
CONFIDENCE: 0.85
REASON: The man and child are walking together across the street, indicating a shared activity and connection."
mscoco/images/COCO_train2014_000000452500.jpg,Excitement,Excitement,0.95,The people are smiling and appear enthusiastic while engaging in skiing activities.,"LABEL: Excitement
CONFIDENCE: 0.95
REASON: The people are smiling and appear enthusiastic while engaging in skiing activities."
mscoco/images/COCO_train2014_000000289662.jpg,Excitement,Happiness,0.85,"The woman is smiling and appears to be enjoying a meal with a child, indicating a positive emotional state.","LABEL: Happiness
CONFIDENCE: 0.85
REASON: The woman is smiling and appears to be enjoying a meal with a child, indicating a positive emotional state."
mscoco/images/COCO_train2014_000000244835.jpg,Excitement,Engagement,0.85,"People are focused on their laptops, suggesting active involvement in a task or discussion.","LABEL: Engagement
CONFIDENCE: 0.85
REASON: People are focused on their laptops, suggesting active involvement in a task or discussion."
mscoco/images/COCO_train2014_000000510859.jpg,Excitement,Happiness,0.95,The woman is smiling warmly while enjoying a meal in a cozy café setting.,"LABEL: Happiness
CONFIDENCE: 0.95
REASON: The woman is smiling warmly while enjoying a meal in a cozy café setting."
emodb_small/images/e9b5cftu9bwcw29nnh.jpg,Excitement,Sadness,0.95,"The woman in the white hat is crying and being supported by others, indicating deep sorrow.","LABEL: Sadness
CONFIDENCE: 0.95
REASON: The woman in the white hat is crying and being supported by others, indicating deep sorrow."
mscoco/images/COCO_train2014_000000351749.jpg,Excitement,Excitement,0.95,"The batter is in mid-swing, the catcher is ready, and the ball is in motion, creating a high-energy moment typical of excitement in baseball.","LABEL: Excitement
CONFIDENCE: 0.95
REASON: The batter is in mid-swing, the catcher is ready, and the ball is in motion, creating a high-energy moment typical of excitement in baseball."
mscoco/images/COCO_train2014_000000538518.jpg,Excitement,Excitement,0.95,"The individuals are actively engaged in a video game, with focused expressions and dynamic postures suggesting high energy and enthusiasm.","LABEL: Excitement
CONFIDENCE: 0.95
REASON: The individuals are actively engaged in a video game, with focused expressions and dynamic postures suggesting high energy and enthusiasm."
framesdb/images/frame_27b7dm1sh1ildgcx.jpg,Excitement,Excitement,0.95,The child's wide eyes and open mouth suggest exhilaration while sliding down the inflatable slide.,"LABEL: Excitement
CONFIDENCE: 0.95
REASON: The child's wide eyes and open mouth suggest exhilaration while sliding down the inflatable slide."
mscoco/images/COCO_train2014_000000014653.jpg,Excitement,Engagement,0.85,"Both children are focused on their laptops, indicating active involvement with the devices.","LABEL: Engagement
CONFIDENCE: 0.85
REASON: Both children are focused on their laptops, indicating active involvement with the devices."
mscoco/images/COCO_train2014_000000250877.jpg,Excitement,Excitement,0.95,"The skier is performing a high-flying trick mid-air, which conveys a sense of thrill and excitement.","LABEL: Excitement
CONFIDENCE: 0.95
REASON: The skier is performing a high-flying trick mid-air, which conveys a sense of thrill and excitement."
framesdb/images/frame_4b7yta6mg9sm2x6n.jpg,Surprise,Excitement,0.95,"The player's wide smile, open arms, and energetic posture convey clear excitement during the game.","LABEL: Excitement
CONFIDENCE: 0.95
REASON: The player's wide smile, open arms, and energetic posture convey clear excitement during the game."
mscoco/images/COCO_train2014_000000480947.jpg,Surprise,Excitement,0.95,"The players are actively engaged in a dynamic game, with focused expressions and energetic movement, indicating excitement.","LABEL: Excitement
CONFIDENCE: 0.95
REASON: The players are actively engaged in a dynamic game, with focused expressions and energetic movement, indicating excitement."
mscoco/images/COCO_train2014_000000469667.jpg,Surprise,Sadness,0.75,"The child has a solemn expression with downcast eyes and a neutral mouth, suggesting sadness.","LABEL: Sadness
CONFIDENCE: 0.75
REASON: The child has a solemn expression with downcast eyes and a neutral mouth, suggesting sadness."
emodb_small/images/hh0dlplyw068ttct7q.jpg,Surprise,Surprise,0.95,The woman's wide eyes and open mouth suggest she is surprised by the scene in front of her.,"LABEL: Surprise
CONFIDENCE: 0.95
REASON: The woman's wide eyes and open mouth suggest she is surprised by the scene in front of her."
emodb_small/images/hh0dlplyw068ttct7q.jpg,Surprise,Surprise,0.95,The woman's wide eyes and open mouth suggest shock at the scene she has just entered.,"LABEL: Surprise
CONFIDENCE: 0.95
REASON: The woman's wide eyes and open mouth suggest shock at the scene she has just entered."
emodb_small/images/hh0dlplyw068ttct7q.jpg,Surprise,Surprise,0.95,The woman's wide eyes and open mouth suggest shock at the scene she has just entered.,"LABEL: Surprise
CONFIDENCE: 0.95
REASON: The woman's wide eyes and open mouth suggest shock at the scene she has just entered."
framesdb/images/frame_74lkcx21hyahy01y.jpg,Surprise,Disapproval,0.95,"The referee is showing a yellow card to the player, indicating a formal reprimand for misconduct.","LABEL: Disapproval
CONFIDENCE: 0.95
REASON: The referee is showing a yellow card to the player, indicating a formal reprimand for misconduct."
mscoco/images/COCO_train2014_000000122250.jpg,Surprise,Surprise,0.95,The baby's wide eyes and open mouth suggest surprise at the food in front of them.,"LABEL: Surprise
CONFIDENCE: 0.95
REASON: The baby's wide eyes and open mouth suggest surprise at the food in front of them."
emodb_small/images/c6gt3ckhh65l3ibaha.jpg,Surprise,Disquietment,0.95,The woman's pained expression and hand on her head suggest anxiety or unease while reviewing documents.,"LABEL: Disquietment
CONFIDENCE: 0.95
REASON: The woman's pained expression and hand on her head suggest anxiety or unease while reviewing documents."
framesdb/images/frame_0jitkh35z3x11rxv.jpg,Surprise,Excitement,0.95,The player's focused expression and dynamic action suggest high energy and engagement in the game.,"LABEL: Excitement
CONFIDENCE: 0.95
REASON: The player's focused expression and dynamic action suggest high energy and engagement in the game."
framesdb/images/frame_fiex8y8ohfcn1odt.jpg,Surprise,Surprise,0.95,"One woman has a wide-eyed, open-mouthed expression indicating surprise.","LABEL: Surprise
CONFIDENCE: 0.95
REASON: One woman has a wide-eyed, open-mouthed expression indicating surprise."
framesdb/images/frame_fiex8y8ohfcn1odt.jpg,Surprise,Surprise,0.95,One woman has her mouth open in astonishment while looking at a green card held by another woman.,"LABEL: Surprise
CONFIDENCE: 0.95
REASON: One woman has her mouth open in astonishment while looking at a green card held by another woman."
mscoco/images/COCO_train2014_000000513124.jpg,Surprise,Engagement,0.95,"The pitcher is focused and actively engaged in the game, with his body in motion and eyes on the ball.","LABEL: Engagement
CONFIDENCE: 0.95
REASON: The pitcher is focused and actively engaged in the game, with his body in motion and eyes on the ball."
mscoco/images/COCO_val2014_000000106113.jpg,Surprise,Happiness,0.85,"The family is smiling and enjoying a meal together outdoors, indicating a positive emotional state.","LABEL: Happiness
CONFIDENCE: 0.85
REASON: The family is smiling and enjoying a meal together outdoors, indicating a positive emotional state."
emodb_small/images/4jdr4joweoi5dedxky.jpg,Surprise,Engagement,0.95,"Both individuals are leaning forward, making eye contact, and appear focused on a serious conversation, indicating high engagement.","LABEL: Engagement
CONFIDENCE: 0.95
REASON: Both individuals are leaning forward, making eye contact, and appear focused on a serious conversation, indicating high engagement."
emodb_small/images/8u356oxk5s7sgj1hvf.jpg,Surprise,Fatigue,0.95,"The woman is resting her head on her hand with her eyes closed at a desk, indicating tiredness or exhaustion.","LABEL: Fatigue
CONFIDENCE: 0.95
REASON: The woman is resting her head on her hand with her eyes closed at a desk, indicating tiredness or exhaustion."
mscoco/images/COCO_val2014_000000269098.jpg,Surprise,Fatigue,0.95,"The man is slumped over, covering his face with a shirt while reading, suggesting exhaustion or tiredness.","LABEL: Fatigue
CONFIDENCE: 0.95
REASON: The man is slumped over, covering his face with a shirt while reading, suggesting exhaustion or tiredness."
framesdb/images/frame_3j8fpei7ais7ioo3.jpg,Surprise,Engagement,0.95,"People are actively observing the aquarium display, indicating interest and engagement.","LABEL: Engagement
CONFIDENCE: 0.95
REASON: People are actively observing the aquarium display, indicating interest and engagement."
emodb_small/images/dkcdoniucgma3ljau4.jpg,Surprise,Pain,0.95,"The woman is holding her head in distress, indicating physical or emotional pain.","LABEL: Pain
CONFIDENCE: 0.95
REASON: The woman is holding her head in distress, indicating physical or emotional pain."
mscoco/images/COCO_val2014_000000055528.jpg,Surprise,Happiness,0.95,The person is smiling and appears to be enjoying a moment of contentment while holding an object.,"LABEL: Happiness
CONFIDENCE: 0.95
REASON: The person is smiling and appears to be enjoying a moment of contentment while holding an object."
mscoco/images/COCO_train2014_000000002372.jpg,Surprise,Engagement,0.95,"The man is attentively listening and appears focused, with his hands clasped and gaze directed forward, suggesting active engagement in the discussion.","LABEL: Engagement
CONFIDENCE: 0.95
REASON: The man is attentively listening and appears focused, with his hands clasped and gaze directed forward, suggesting active engagement in the discussion."
mscoco/images/COCO_train2014_000000031794.jpg,Surprise,Anticipation,0.95,"The person is standing on a snowboard at the top of a slope, looking down, which suggests excitement and anticipation for the descent.","LABEL: Anticipation
CONFIDENCE: 0.95
REASON: The person is standing on a snowboard at the top of a slope, looking down, which suggests excitement and anticipation for the descent."
mscoco/images/COCO_train2014_000000052897.jpg,Surprise,Engagement,0.95,"The players are actively engaged in a tennis match, focused on the game and moving purposefully across the court.","LABEL: Engagement
CONFIDENCE: 0.95
REASON: The players are actively engaged in a tennis match, focused on the game and moving purposefully across the court."
emodb_small/images/h7vpzemgea4y12fi5q.jpg,Surprise,Surprise,0.95,"The woman in the doorway has a shocked expression, with wide eyes and an open mouth, indicating surprise at the scene.","LABEL: Surprise
CONFIDENCE: 0.95
REASON: The woman in the doorway has a shocked expression, with wide eyes and an open mouth, indicating surprise at the scene."
emodb_small/images/h7vpzemgea4y12fi5q.jpg,Surprise,Surprise,0.95,"The woman in the doorway has a shocked expression, with wide eyes and an open mouth, indicating surprise at the scene.","LABEL: Surprise
CONFIDENCE: 0.95
REASON: The woman in the doorway has a shocked expression, with wide eyes and an open mouth, indicating surprise at the scene."
framesdb/images/frame_chiiybhtwodylpwy.jpg,Surprise,Engagement,0.95,"People are actively participating in pool activities, with a lifeguard observing and others entering or relaxing by the pool.","LABEL: Engagement
CONFIDENCE: 0.95
REASON: People are actively participating in pool activities, with a lifeguard observing and others entering or relaxing by the pool."
emodb_small/images/am9j3t9a22e5jzjfp2.jpg,Surprise,Disconnection,0.95,"The audience members are physically present but emotionally detached, each absorbed in their own devices, showing a lack of shared engagement with the event.","LABEL: Disconnection
CONFIDENCE: 0.95
REASON: The audience members are physically present but emotionally detached, each absorbed in their own devices, showing a lack of shared engagement with the event."
framesdb/images/frame_14iknyfwkaiybiqi.jpg,Surprise,Engagement,0.95,"The individuals are actively interacting with the flight simulator, showing focus and involvement in the activity.","LABEL: Engagement
CONFIDENCE: 0.95
REASON: The individuals are actively interacting with the flight simulator, showing focus and involvement in the activity."
mscoco/images/COCO_val2014_000000146120.jpg,Surprise,Happiness,0.95,"The woman is smiling warmly while enjoying food and drink in a park, indicating happiness.","LABEL: Happiness
CONFIDENCE: 0.95
REASON: The woman is smiling warmly while enjoying food and drink in a park, indicating happiness."
framesdb/images/frame_cbfyiwge4be9on3e.jpg,Surprise,Affection,0.95,"The woman is gently feeding the tiger cub while smiling, indicating care and affection.","LABEL: Affection
CONFIDENCE: 0.95
REASON: The woman is gently feeding the tiger cub while smiling, indicating care and affection."
framesdb/images/frame_59d8sov4rs6g2xp4.jpg,Surprise,Disconnection,0.95,"The individuals are physically close but emotionally distant, each absorbed in their own activities without interaction.","LABEL: Disconnection
CONFIDENCE: 0.95
REASON: The individuals are physically close but emotionally distant, each absorbed in their own activities without interaction."
emodb_small/images/eyd27i8afqr4hfed0w.jpg,Surprise,Excitement,0.95,"The crowd is visibly animated with raised arms, open mouths, and intense expressions, indicating high excitement.","LABEL: Excitement
CONFIDENCE: 0.95
REASON: The crowd is visibly animated with raised arms, open mouths, and intense expressions, indicating high excitement."
mscoco/images/COCO_train2014_000000029582.jpg,Surprise,Excitement,0.95,The riders' bright clothing and the dynamic movement of the horses suggest enthusiasm and anticipation.,"LABEL: Excitement
CONFIDENCE: 0.95
REASON: The riders' bright clothing and the dynamic movement of the horses suggest enthusiasm and anticipation."
mscoco/images/COCO_train2014_000000034100.jpg,Surprise,Engagement,0.95,"The individuals are actively participating in a video game, holding controllers and focusing on the screen.","LABEL: Engagement
CONFIDENCE: 0.95
REASON: The individuals are actively participating in a video game, holding controllers and focusing on the screen."
emodb_small/images/hijg5oi27a7glihvq6.jpg,Surprise,Surprise,0.95,"Both women exhibit wide eyes and open mouths, indicating a strong reaction to something unexpected on the phone.","LABEL: Surprise
CONFIDENCE: 0.95
REASON: Both women exhibit wide eyes and open mouths, indicating a strong reaction to something unexpected on the phone."
emodb_small/images/hijg5oi27a7glihvq6.jpg,Surprise,Surprise,0.95,"Both women display wide eyes and open mouths, indicating a strong reaction to something unexpected on the phone.","LABEL: Surprise
CONFIDENCE: 0.95
REASON: Both women display wide eyes and open mouths, indicating a strong reaction to something unexpected on the phone."
mscoco/images/COCO_val2014_000000222512.jpg,Surprise,Affection,0.95,"The woman is holding the baby close and gently, showing care and tenderness.","LABEL: Affection
CONFIDENCE: 0.95
REASON: The woman is holding the baby close and gently, showing care and tenderness."
mscoco/images/COCO_train2014_000000283303.jpg,Surprise,Engagement,0.95,"The person is actively engaged in painting graffiti on the wall, showing focus and involvement in the task.","LABEL: Engagement
CONFIDENCE: 0.95
REASON: The person is actively engaged in painting graffiti on the wall, showing focus and involvement in the task."
emodb_small/images/ebpsbjqzfhd7efh00i.jpg,Sympathy,Sadness,0.95,"The children are visibly crying and the woman appears distressed, indicating sadness.","LABEL: Sadness
CONFIDENCE: 0.95
REASON: The children are visibly crying and the woman appears distressed, indicating sadness."
framesdb/images/frame_belw7xz1lwepxcyq.jpg,Sympathy,Sadness,0.95,"The presence of a funeral procession with uniformed officers and a casket indicates a somber occasion, evoking sadness.","LABEL: Sadness
CONFIDENCE: 0.95
REASON: The presence of a funeral procession with uniformed officers and a casket indicates a somber occasion, evoking sadness."
framesdb/images/frame_4tdwa014fryeivdi.jpg,Sympathy,Happiness,0.95,"The flight attendants are smiling broadly, conveying a sense of joy and positivity.","LABEL: Happiness
CONFIDENCE: 0.95
REASON: The flight attendants are smiling broadly, conveying a sense of joy and positivity."
mscoco/images/COCO_train2014_000000423834.jpg,Sympathy,Confidence,0.95,"The person stands confidently with a relaxed posture and direct gaze, holding a skateboard in an urban setting.","LABEL: Confidence
CONFIDENCE: 0.95
REASON: The person stands confidently with a relaxed posture and direct gaze, holding a skateboard in an urban setting."
mscoco/images/COCO_train2014_000000031590.jpg,Sympathy,Happiness,0.95,"The man is smiling and participating in a joyful wedding ceremony, indicating happiness.","LABEL: Happiness
CONFIDENCE: 0.95
REASON: The man is smiling and participating in a joyful wedding ceremony, indicating happiness."
mscoco/images/COCO_train2014_000000011690.jpg,Sympathy,Engagement,0.95,"The person is actively riding a motorcycle, focused on the road, indicating engagement in the activity.","LABEL: Engagement
CONFIDENCE: 0.95
REASON: The person is actively riding a motorcycle, focused on the road, indicating engagement in the activity."
mscoco/images/COCO_val2014_000000558294.jpg,Sympathy,Happiness,0.95,"The individuals are smiling and appear relaxed, suggesting a positive emotional state.","LABEL: Happiness
CONFIDENCE: 0.95
REASON: The individuals are smiling and appear relaxed, suggesting a positive emotional state."
framesdb/images/frame_77qu28arixwblan1.jpg,Sympathy,Engagement,0.95,"The passengers are smiling and looking at the flight attendant, indicating active engagement in the interaction.","LABEL: Engagement
CONFIDENCE: 0.95
REASON: The passengers are smiling and looking at the flight attendant, indicating active engagement in the interaction."
emodb_small/images/dnz8r16rduh2vxoigq.jpg,Sympathy,Pain,0.95,"The man is clutching his chest with a pained expression, indicating physical discomfort or pain.","LABEL: Pain
CONFIDENCE: 0.95
REASON: The man is clutching his chest with a pained expression, indicating physical discomfort or pain."
mscoco/images/COCO_train2014_000000443084.jpg,Sympathy,Affection,0.95,"The man is gently pouring a drink for the woman, showing care and tenderness in a domestic setting.","LABEL: Affection
CONFIDENCE: 0.95
REASON: The man is gently pouring a drink for the woman, showing care and tenderness in a domestic setting."
framesdb/images/frame_bdmxcn549kxpgyuz.jpg,Sympathy,Happiness,0.95,"The individuals in the images are smiling and appear to be enjoying a celebratory event, indicating happiness.","LABEL: Happiness
CONFIDENCE: 0.95
REASON: The individuals in the images are smiling and appear to be enjoying a celebratory event, indicating happiness."
framesdb/images/frame_8ltmp4v74tu3grzd.jpg,Sympathy,Happiness,0.95,The pregnant woman and the man are smiling and appear joyful during their interaction with the doctor.,"LABEL: Happiness
CONFIDENCE: 0.95
REASON: The pregnant woman and the man are smiling and appear joyful during their interaction with the doctor."
mscoco/images/COCO_train2014_000000317349.jpg,Sympathy,Disconnection,0.95,"The individuals are physically close but emotionally distant, each absorbed in their phone, suggesting a lack of meaningful interaction.","LABEL: Disconnection
CONFIDENCE: 0.95
REASON: The individuals are physically close but emotionally distant, each absorbed in their phone, suggesting a lack of meaningful interaction."
emodb_small/images/e6boj6smji3dnyouuj.jpg,Sympathy,Suffering,0.95,"The man's facial expression, with tears and a pained look, indicates intense emotional or physical suffering.","LABEL: Suffering
CONFIDENCE: 0.95
REASON: The man's facial expression, with tears and a pained look, indicates intense emotional or physical suffering."
mscoco/images/COCO_val2014_000000118966.jpg,Sympathy,Happiness,0.95,The two individuals are smiling broadly and appear to be enjoying each other's company in a relaxed setting.,"LABEL: Happiness
CONFIDENCE: 0.95
REASON: The two individuals are smiling broadly and appear to be enjoying each other's company in a relaxed setting."
mscoco/images/COCO_val2014_000000262353.jpg,Sympathy,Engagement,0.95,"People are gathered around a table, interacting and engaging in conversation.","LABEL: Engagement
CONFIDENCE: 0.95
REASON: People are gathered around a table, interacting and engaging in conversation."
framesdb/images/frame_b3kr0jo6wpi3h6q9.jpg,Sympathy,Happiness,0.95,"The girl in the blue shirt is smiling broadly while interacting with the exhibit, indicating happiness.","LABEL: Happiness
CONFIDENCE: 0.95
REASON: The girl in the blue shirt is smiling broadly while interacting with the exhibit, indicating happiness."
framesdb/images/frame_4nflflpt92cq1v77.jpg,Sympathy,Fear,0.85,"The image depicts a medical emergency scenario with a patient being transported, which can evoke fear due to the uncertainty and potential severity of injuries.","LABEL: Fear
CONFIDENCE: 0.85
REASON: The image depicts a medical emergency scenario with a patient being transported, which can evoke fear due to the uncertainty and potential severity of injuries."
mscoco/images/COCO_val2014_000000541924.jpg,Sympathy,Engagement,0.85,"The woman in the red coat is walking purposefully, suggesting focus and engagement with her surroundings.","LABEL: Engagement
CONFIDENCE: 0.85
REASON: The woman in the red coat is walking purposefully, suggesting focus and engagement with her surroundings."
mscoco/images/COCO_train2014_000000366048.jpg,Sympathy,Disapproval,0.95,"The man is pointing accusingly at the bus driver while the inspector observes, indicating disapproval of the situation.","LABEL: Disapproval
CONFIDENCE: 0.95
REASON: The man is pointing accusingly at the bus driver while the inspector observes, indicating disapproval of the situation."
mscoco/images/COCO_train2014_000000441461.jpg,Sympathy,Happiness,0.95,"The individuals are smiling and participating in a playful activity, indicating joy and amusement.","LABEL: Happiness
CONFIDENCE: 0.95
REASON: The individuals are smiling and participating in a playful activity, indicating joy and amusement."
emodb_small/images/e9b5cftu9bwcw29nnh.jpg,Sympathy,Sadness,0.95,"The woman being supported appears to be crying and in emotional distress, indicating sadness.","LABEL: Sadness
CONFIDENCE: 0.95
REASON: The woman being supported appears to be crying and in emotional distress, indicating sadness."
emodb_small/images/e9b5cftu9bwcw29nnh.jpg,Sympathy,Sadness,0.95,"The woman being supported appears to be crying and in distress, surrounded by concerned individuals, indicating a strong emotional response of sadness.","LABEL: Sadness
CONFIDENCE: 0.95
REASON: The woman being supported appears to be crying and in distress, surrounded by concerned individuals, indicating a strong emotional response of sadness."
emodb_small/images/2ldklkk137ks9aufpe.jpg,Sympathy,Affection,0.95,"The couple is affectionately kissing the dog on both sides, showing love and care.","LABEL: Affection
CONFIDENCE: 0.95
REASON: The couple is affectionately kissing the dog on both sides, showing love and care."
mscoco/images/COCO_val2014_000000243482.jpg,Sympathy,Engagement,0.95,People are actively talking and interacting around the dinner table.,"LABEL: Engagement
CONFIDENCE: 0.95
REASON: People are actively talking and interacting around the dinner table."
mscoco/images/COCO_val2014_000000497002.jpg,Sympathy,Engagement,0.95,"The man and woman are closely engaged in a conversation, both focused on the phone, indicating active involvement.","LABEL: Engagement
CONFIDENCE: 0.95
REASON: The man and woman are closely engaged in a conversation, both focused on the phone, indicating active involvement."
emodb_small/images/es1e330nznobcurs4z.jpg,Sympathy,Suffering,0.95,"The person is crying intensely with hands on their head, indicating severe emotional or physical distress.","LABEL: Suffering
CONFIDENCE: 0.95
REASON: The person is crying intensely with hands on their head, indicating severe emotional or physical distress."
emodb_small/images/es1e330nznobcurs4z.jpg,Sympathy,Suffering,0.95,"The person is crying intensely with hands on their head, indicating severe emotional or physical distress.","LABEL: Suffering
CONFIDENCE: 0.95
REASON: The person is crying intensely with hands on their head, indicating severe emotional or physical distress."
mscoco/images/COCO_train2014_000000144620.jpg,Sympathy,Affection,0.95,"The couple is sitting closely together on a bench labeled ""LOVE STORY,"" suggesting a romantic connection.","LABEL: Affection
CONFIDENCE: 0.95
REASON: The couple is sitting closely together on a bench labeled ""LOVE STORY,"" suggesting a romantic connection."
framesdb/images/frame_aniupzjqv88h989h.jpg,Sympathy,Annoyance,0.85,The crowded elevator and strained expressions suggest discomfort and irritation among the passengers.,"LABEL: Annoyance
CONFIDENCE: 0.85
REASON: The crowded elevator and strained expressions suggest discomfort and irritation among the passengers."
emodb_small/images/7lj5yqy3a3keo5ptlj.jpg,Sympathy,Fatigue,0.95,"The person is slumped over in a chair with their head tilted back, indicating extreme tiredness or exhaustion.","LABEL: Fatigue
CONFIDENCE: 0.95
REASON: The person is slumped over in a chair with their head tilted back, indicating extreme tiredness or exhaustion."
emodb_small/images/eyd27i8afqr4hfed0w.jpg,Sympathy,Excitement,0.95,"The crowd is visibly animated with raised arms, open mouths, and intense expressions, indicating high excitement.","LABEL: Excitement
CONFIDENCE: 0.95
REASON: The crowd is visibly animated with raised arms, open mouths, and intense expressions, indicating high excitement."
mscoco/images/COCO_val2014_000000179141.jpg,Sympathy,Happiness,0.95,The individuals are smiling and appear to be enjoying a shared meal together.,"LABEL: Happiness
CONFIDENCE: 0.95
REASON: The individuals are smiling and appear to be enjoying a shared meal together."
mscoco/images/COCO_val2014_000000190372.jpg,Sympathy,Happiness,0.95,The family members are smiling and appear to be enjoying a pleasant meal together.,"LABEL: Happiness
CONFIDENCE: 0.95
REASON: The family members are smiling and appear to be enjoying a pleasant meal together."
mscoco/images/COCO_train2014_000000464415.jpg,Sympathy,Happiness,0.85,"The individuals in the image are smiling and appear to be celebrating a positive event, indicating happiness.","LABEL: Happiness
CONFIDENCE: 0.85
REASON: The individuals in the image are smiling and appear to be celebrating a positive event, indicating happiness."
mscoco/images/COCO_train2014_000000134893.jpg,Sympathy,Excitement,0.95,"The people are dressed in colorful, playful outfits and appear to be enjoying a fun day on the ski slopes.","LABEL: Excitement
CONFIDENCE: 0.95
REASON: The people are dressed in colorful, playful outfits and appear to be enjoying a fun day on the ski slopes."
emodb_small/images/a70o0l552iqxerys7g.jpg,Sympathy,Sadness,0.95,"The man is visibly crying and wiping his eye, indicating sadness.","LABEL: Sadness
CONFIDENCE: 0.95
REASON: The man is visibly crying and wiping his eye, indicating sadness."
mscoco/images/COCO_val2014_000000180521.jpg,Sympathy,Happiness,0.95,"The woman is smiling broadly, indicating a strong sense of happiness.","LABEL: Happiness
CONFIDENCE: 0.95
REASON: The woman is smiling broadly, indicating a strong sense of happiness."
mscoco/images/COCO_val2014_000000562243.jpg,Doubt/Confusion,Disconnection,0.85,The man's distant gaze and neutral expression suggest emotional detachment or disconnection from his surroundings.,"LABEL: Disconnection
CONFIDENCE: 0.85
REASON: The man's distant gaze and neutral expression suggest emotional detachment or disconnection from his surroundings."
emodb_small/images/78tk87458zwsmxaoi7.jpg,Doubt/Confusion,Doubt/Confusion,0.95,"The person is holding their head in frustration while surrounded by books, indicating confusion or difficulty understanding the material.","LABEL: Doubt/Confusion
CONFIDENCE: 0.95
REASON: The person is holding their head in frustration while surrounded by books, indicating confusion or difficulty understanding the material."
framesdb/images/frame_hdepjixs67t3l4zo.jpg,Doubt/Confusion,Happiness,0.95,"The individuals are smiling, laughing, and posing joyfully in a celebratory setting, indicating happiness.","LABEL: Happiness
CONFIDENCE: 0.95
REASON: The individuals are smiling, laughing, and posing joyfully in a celebratory setting, indicating happiness."
mscoco/images/COCO_train2014_000000002842.jpg,Doubt/Confusion,Engagement,0.95,"The players are actively interacting and focused on the game, indicating engagement.","LABEL: Engagement
CONFIDENCE: 0.95
REASON: The players are actively interacting and focused on the game, indicating engagement."
emodb_small/images/85e4yd4bqerachtx4a.jpg,Doubt/Confusion,Fatigue,0.95,"The individuals appear tired, with one person resting their head on their hand and another looking down with a weary expression.","LABEL: Fatigue
CONFIDENCE: 0.95
REASON: The individuals appear tired, with one person resting their head on their hand and another looking down with a weary expression."
mscoco/images/COCO_train2014_000000206801.jpg,Doubt/Confusion,Surprise,0.95,The person's wide eyes and slightly open mouth indicate a sudden reaction to an unexpected event.,"LABEL: Surprise
CONFIDENCE: 0.95
REASON: The person's wide eyes and slightly open mouth indicate a sudden reaction to an unexpected event."
mscoco/images/COCO_train2014_000000104888.jpg,Doubt/Confusion,Sadness,0.85,The boy's downturned mouth and somber expression convey a sense of sadness.,"LABEL: Sadness
CONFIDENCE: 0.85
REASON: The boy's downturned mouth and somber expression convey a sense of sadness."
mscoco/images/COCO_train2014_000000183538.jpg,Doubt/Confusion,Fatigue,0.85,The man's posture and expression suggest tiredness or exhaustion.,"LABEL: Fatigue
CONFIDENCE: 0.85
REASON: The man's posture and expression suggest tiredness or exhaustion."
mscoco/images/COCO_val2014_000000259497.jpg,Doubt/Confusion,Engagement,0.85,"The woman is focused on the controller, suggesting active involvement in an activity.","LABEL: Engagement
CONFIDENCE: 0.85
REASON: The woman is focused on the controller, suggesting active involvement in an activity."
mscoco/images/COCO_val2014_000000511066.jpg,Doubt/Confusion,Disconnection,0.75,"The person appears isolated and detached, standing alone with a pensive expression near a doorway, suggesting emotional distance from their surroundings.","LABEL: Disconnection
CONFIDENCE: 0.75
REASON: The person appears isolated and detached, standing alone with a pensive expression near a doorway, suggesting emotional distance from their surroundings."
framesdb/images/frame_5zvm7jv460br8d5g.jpg,Doubt/Confusion,Peace,0.85,"The individuals appear calm and at ease in a rugged natural setting, suggesting a sense of tranquility.","LABEL: Peace
CONFIDENCE: 0.85
REASON: The individuals appear calm and at ease in a rugged natural setting, suggesting a sense of tranquility."
mscoco/images/COCO_val2014_000000102517.jpg,Doubt/Confusion,Disapproval,0.95,The man's furrowed brow and stern expression convey a clear sense of disapproval.,"LABEL: Disapproval
CONFIDENCE: 0.95
REASON: The man's furrowed brow and stern expression convey a clear sense of disapproval."
emodb_small/images/68ywy6tv3qzjmyl3ip.jpg,Doubt/Confusion,Pain,0.95,"The woman is holding her head with a pained expression, suggesting physical or emotional discomfort.","LABEL: Pain
CONFIDENCE: 0.95
REASON: The woman is holding her head with a pained expression, suggesting physical or emotional discomfort."
emodb_small/images/awm6wf1u8hehkvpl9r.jpg,Doubt/Confusion,Doubt/Confusion,0.95,"The person is standing at a fork in the road, appearing to contemplate which path to take.","LABEL: Doubt/Confusion
CONFIDENCE: 0.95
REASON: The person is standing at a fork in the road, appearing to contemplate which path to take."
ade20k/images/sun_avvemgvxatrpclie.jpg,Doubt/Confusion,Disconnection,0.85,"The individuals are physically close but appear emotionally distant, with one person focused on paperwork and the other standing apart, suggesting a lack of engagement or connection.","LABEL: Disconnection
CONFIDENCE: 0.85
REASON: The individuals are physically close but appear emotionally distant, with one person focused on paperwork and the other standing apart, suggesting a lack of engagement or connection."
mscoco/images/COCO_train2014_000000077012.jpg,Doubt/Confusion,Sadness,0.85,The woman's downturned mouth and somber expression convey a sense of sadness.,"LABEL: Sadness
CONFIDENCE: 0.85
REASON: The woman's downturned mouth and somber expression convey a sense of sadness."
mscoco/images/COCO_val2014_000000247317.jpg,Doubt/Confusion,Peace,0.85,The calm atmosphere and relaxed postures of the individuals suggest a sense of peace.,"LABEL: Peace
CONFIDENCE: 0.85
REASON: The calm atmosphere and relaxed postures of the individuals suggest a sense of peace."
ade20k/images/sun_bcqhfikrglmxqdqc.jpg,Doubt/Confusion,Engagement,0.95,"People are actively eating and interacting around a shared meal, indicating social engagement.","LABEL: Engagement
CONFIDENCE: 0.95
REASON: People are actively eating and interacting around a shared meal, indicating social engagement."
mscoco/images/COCO_val2014_000000479808.jpg,Doubt/Confusion,Disconnection,0.85,"The two individuals are standing apart, not making eye contact, and appear emotionally distant from each other.","LABEL: Disconnection
CONFIDENCE: 0.85
REASON: The two individuals are standing apart, not making eye contact, and appear emotionally distant from each other."
mscoco/images/COCO_train2014_000000570738.jpg,Doubt/Confusion,Engagement,0.95,"The players are actively engaged in a baseball game, with the catcher signaling and the batter preparing to hit.","LABEL: Engagement
CONFIDENCE: 0.95
REASON: The players are actively engaged in a baseball game, with the catcher signaling and the batter preparing to hit."
emodb_small/images/8envv4lus044d68bse.jpg,Doubt/Confusion,Fatigue,0.95,The man's tired expression and hands on his head suggest exhaustion from prolonged work.,"LABEL: Fatigue
CONFIDENCE: 0.95
REASON: The man's tired expression and hands on his head suggest exhaustion from prolonged work."
framesdb/images/frame_7src19u0l6oz4fv2.jpg,Doubt/Confusion,Anticipation,0.95,"The crowd is gathered and focused on the golfer, suggesting anticipation of the next shot.","LABEL: Anticipation
CONFIDENCE: 0.95
REASON: The crowd is gathered and focused on the golfer, suggesting anticipation of the next shot."
mscoco/images/COCO_train2014_000000050161.jpg,Doubt/Confusion,Sadness,0.3,"The man in the suit has a neutral expression and is walking with luggage, possibly indicating loneliness or melancholy.","LABEL: Sadness
CONFIDENCE: 0.3
REASON: The man in the suit has a neutral expression and is walking with luggage, possibly indicating loneliness or melancholy."
mscoco/images/COCO_val2014_000000488086.jpg,Doubt/Confusion,Fatigue,0.95,"The man is sitting on the floor with a laptop, appearing exhausted and possibly overwhelmed by work.","LABEL: Fatigue
CONFIDENCE: 0.95
REASON: The man is sitting on the floor with a laptop, appearing exhausted and possibly overwhelmed by work."
mscoco/images/COCO_train2014_000000575133.jpg,Doubt/Confusion,Sadness,0.95,The woman's posture and expression convey a sense of melancholy and emotional distress.,"LABEL: Sadness
CONFIDENCE: 0.95
REASON: The woman's posture and expression convey a sense of melancholy and emotional distress."
framesdb/images/frame_h7mbqmbmbdrl7hwp.jpg,Doubt/Confusion,Anticipation,0.95,"People are gathered outside a theater with a poster for ""Les Misérables,"" indicating excitement and anticipation for the performance.","LABEL: Anticipation
CONFIDENCE: 0.95
REASON: People are gathered outside a theater with a poster for ""Les Misérables,"" indicating excitement and anticipation for the performance."
framesdb/images/frame_h7mbqmbmbdrl7hwp.jpg,Doubt/Confusion,Anticipation,0.95,"People are gathered outside a theater with a poster for ""Les Misérables,"" suggesting they are waiting to attend a performance.","LABEL: Anticipation
CONFIDENCE: 0.95
REASON: People are gathered outside a theater with a poster for ""Les Misérables,"" suggesting they are waiting to attend a performance."
mscoco/images/COCO_train2014_000000552895.jpg,Doubt/Confusion,Fatigue,0.85,"The person appears tired, with slouched posture and a weary expression while standing in a subway station.","LABEL: Fatigue
CONFIDENCE: 0.85
REASON: The person appears tired, with slouched posture and a weary expression while standing in a subway station."
mscoco/images/COCO_train2014_000000144388.jpg,Doubt/Confusion,Happiness,0.85,The people are smiling and enjoying a meal together in a relaxed setting.,"LABEL: Happiness
CONFIDENCE: 0.85
REASON: The people are smiling and enjoying a meal together in a relaxed setting."
framesdb/images/frame_cypxzomjoyjmel85.jpg,Doubt/Confusion,Disconnection,0.95,"The child stands apart from the group, looking on with a distant expression, suggesting emotional or social separation from the others.","LABEL: Disconnection
CONFIDENCE: 0.95
REASON: The child stands apart from the group, looking on with a distant expression, suggesting emotional or social separation from the others."
framesdb/images/frame_i1b36c5f7mf4oqnm.jpg,Doubt/Confusion,Engagement,0.95,"The participants are actively engaged in a martial arts class, focused on their movements and following the instructor's lead.","LABEL: Engagement
CONFIDENCE: 0.95
REASON: The participants are actively engaged in a martial arts class, focused on their movements and following the instructor's lead."
emodb_small/images/6ru9myoiseatt9m1g2.jpg,Doubt/Confusion,Sadness,0.95,"The man's downward gaze, hand on his head, and somber expression convey deep sadness.","LABEL: Sadness
CONFIDENCE: 0.95
REASON: The man's downward gaze, hand on his head, and somber expression convey deep sadness."
mscoco/images/COCO_train2014_000000543201.jpg,Doubt/Confusion,Disconnection,0.85,"The child appears isolated and detached, standing alone in the rain with a neutral expression, seemingly disconnected from her surroundings.","LABEL: Disconnection
CONFIDENCE: 0.85
REASON: The child appears isolated and detached, standing alone in the rain with a neutral expression, seemingly disconnected from her surroundings."
mscoco/images/COCO_train2014_000000027307.jpg,Doubt/Confusion,Anticipation,0.95,"The batter is preparing to hit the ball, showing focus and readiness for the upcoming play.","LABEL: Anticipation
CONFIDENCE: 0.95
REASON: The batter is preparing to hit the ball, showing focus and readiness for the upcoming play."
framesdb/images/frame_h5s6co5aguuad887.jpg,Doubt/Confusion,Engagement,0.85,"People are actively walking through the mall, suggesting engagement with the environment.","LABEL: Engagement
CONFIDENCE: 0.85
REASON: People are actively walking through the mall, suggesting engagement with the environment."
mscoco/images/COCO_train2014_000000488138.jpg,Doubt/Confusion,Sadness,0.95,"The person is sitting alone, hugging a teddy bear, with a somber expression, suggesting emotional distress.","LABEL: Sadness
CONFIDENCE: 0.95
REASON: The person is sitting alone, hugging a teddy bear, with a somber expression, suggesting emotional distress."
mscoco/images/COCO_train2014_000000197503.jpg,Doubt/Confusion,Excitement,0.95,"The children are actively engaged with the video game, showing animated expressions and focused attention.","LABEL: Excitement
CONFIDENCE: 0.95
REASON: The children are actively engaged with the video game, showing animated expressions and focused attention."
mscoco/images/COCO_train2014_000000569889.jpg,Doubt/Confusion,Disconnection,0.85,"The person with the skateboard stands apart from the group, facing away and seemingly detached from the social interaction around them.","LABEL: Disconnection
CONFIDENCE: 0.85
REASON: The person with the skateboard stands apart from the group, facing away and seemingly detached from the social interaction around them."
framesdb/images/frame_95x221h7yj814qxc.jpg,Disconnection,Peace,0.95,The serene garden setting with lush greenery and blooming flowers evokes a sense of calm and tranquility.,"LABEL: Peace
CONFIDENCE: 0.95
REASON: The serene garden setting with lush greenery and blooming flowers evokes a sense of calm and tranquility."
mscoco/images/COCO_train2014_000000022683.jpg,Disconnection,Engagement,0.85,"The police officer is actively patrolling and observing the crowd, indicating engagement with the situation.","LABEL: Engagement
CONFIDENCE: 0.85
REASON: The police officer is actively patrolling and observing the crowd, indicating engagement with the situation."
mscoco/images/COCO_val2014_000000508538.jpg,Disconnection,Engagement,0.95,"The individuals are actively interacting with skateboards and each other in a social setting, indicating engagement.","LABEL: Engagement
CONFIDENCE: 0.95
REASON: The individuals are actively interacting with skateboards and each other in a social setting, indicating engagement."
framesdb/images/frame_8bcjgl84a80cguy5.jpg,Disconnection,Engagement,0.95,"The man and woman are actively examining peaches, indicating focused involvement in the activity.","LABEL: Engagement
CONFIDENCE: 0.95
REASON: The man and woman are actively examining peaches, indicating focused involvement in the activity."
framesdb/images/frame_fvot32utqi78m926.jpg,Disconnection,Peace,0.95,The serene bamboo forest and calm pathway evoke a sense of tranquility and inner peace.,"LABEL: Peace
CONFIDENCE: 0.95
REASON: The serene bamboo forest and calm pathway evoke a sense of tranquility and inner peace."
mscoco/images/COCO_train2014_000000202906.jpg,Disconnection,Engagement,0.95,"People are gathered around tables, interacting and eating in a lively outdoor setting.","LABEL: Engagement
CONFIDENCE: 0.95
REASON: People are gathered around tables, interacting and eating in a lively outdoor setting."
framesdb/images/frame_8add2r7r1w3oj417.jpg,Disconnection,Peace,0.95,"The calm, orderly space with soft lighting and a relaxed individual suggests a peaceful atmosphere.","LABEL: Peace
CONFIDENCE: 0.95
REASON: The calm, orderly space with soft lighting and a relaxed individual suggests a peaceful atmosphere."
mscoco/images/COCO_val2014_000000505818.jpg,Disconnection,Engagement,0.95,"The individuals are actively participating in a video game, showing focus and interaction.","LABEL: Engagement
CONFIDENCE: 0.95
REASON: The individuals are actively participating in a video game, showing focus and interaction."
framesdb/images/frame_e2f1a6s2780ils40.jpg,Disconnection,Peace,0.85,The calm outdoor setting with soft lighting and relaxed people suggests a peaceful atmosphere.,"LABEL: Peace
CONFIDENCE: 0.85
REASON: The calm outdoor setting with soft lighting and relaxed people suggests a peaceful atmosphere."
mscoco/images/COCO_train2014_000000205131.jpg,Disconnection,Happiness,0.95,"The woman is smiling while flying a kite, indicating joy and happiness.","LABEL: Happiness
CONFIDENCE: 0.95
REASON: The woman is smiling while flying a kite, indicating joy and happiness."
framesdb/images/frame_7diuhdr9mxx153xs.jpg,Disconnection,Engagement,0.95,"People are actively eating, conversing, and interacting in a bustling food court environment.","LABEL: Engagement
CONFIDENCE: 0.95
REASON: People are actively eating, conversing, and interacting in a bustling food court environment."
mscoco/images/COCO_train2014_000000046473.jpg,Disconnection,Engagement,0.85,"The officer is actively interacting with a group of people, suggesting engagement in conversation or community interaction.","LABEL: Engagement
CONFIDENCE: 0.85
REASON: The officer is actively interacting with a group of people, suggesting engagement in conversation or community interaction."
framesdb/images/frame_dqx3pak8cayina6c.jpg,Disconnection,Anticipation,0.95,"People are standing in line at a box office, suggesting they are waiting to purchase tickets, which indicates anticipation.","LABEL: Anticipation
CONFIDENCE: 0.95
REASON: People are standing in line at a box office, suggesting they are waiting to purchase tickets, which indicates anticipation."
emodb_small/images/85e4yd4bqerachtx4a.jpg,Disconnection,Fatigue,0.95,"The individuals appear tired, with one resting their head on their hand and another looking down with a weary expression.","LABEL: Fatigue
CONFIDENCE: 0.95
REASON: The individuals appear tired, with one resting their head on their hand and another looking down with a weary expression."
framesdb/images/frame_cmwvbpa676fz8xne.jpg,Disconnection,Happiness,0.95,"The bride is smiling and appears joyful, while the overall scene suggests a celebratory occasion.","LABEL: Happiness
CONFIDENCE: 0.95
REASON: The bride is smiling and appears joyful, while the overall scene suggests a celebratory occasion."
framesdb/images/frame_eqqloog40nrqm6m0.jpg,Disconnection,Happiness,0.85,"The children are smiling and walking together in a pleasant outdoor setting, suggesting joy and contentment.","LABEL: Happiness
CONFIDENCE: 0.85
REASON: The children are smiling and walking together in a pleasant outdoor setting, suggesting joy and contentment."
framesdb/images/frame_d998hookcg6inu0j.jpg,Disconnection,Disapproval,0.95,"The man with the sign appears to be arguing or explaining something passionately, while others look on with skeptical or critical expressions, suggesting disagreement.","LABEL: Disapproval
CONFIDENCE: 0.95
REASON: The man with the sign appears to be arguing or explaining something passionately, while others look on with skeptical or critical expressions, suggesting disagreement."
mscoco/images/COCO_val2014_000000531061.jpg,Disconnection,Engagement,0.95,"The individuals are actively riding a motorcycle together, suggesting shared participation in a journey.","LABEL: Engagement
CONFIDENCE: 0.95
REASON: The individuals are actively riding a motorcycle together, suggesting shared participation in a journey."
framesdb/images/frame_d8e8zt0xx79rhd3a.jpg,Disconnection,Happiness,0.95,"The girl is smiling broadly while holding up a card, indicating clear happiness.","LABEL: Happiness
CONFIDENCE: 0.95
REASON: The girl is smiling broadly while holding up a card, indicating clear happiness."
framesdb/images/frame_dy0xnq4fy1sn1ra8.jpg,Disconnection,Engagement,0.95,People are actively browsing and examining goods at a busy market stall.,"LABEL: Engagement
CONFIDENCE: 0.95
REASON: People are actively browsing and examining goods at a busy market stall."
framesdb/images/frame_dy0xnq4fy1sn1ra8.jpg,Disconnection,Engagement,0.95,People are actively browsing and examining items at the market stalls.,"LABEL: Engagement
CONFIDENCE: 0.95
REASON: People are actively browsing and examining items at the market stalls."
framesdb/images/frame_dy0xnq4fy1sn1ra8.jpg,Disconnection,Engagement,0.95,People are actively browsing and examining items at the market stalls.,"LABEL: Engagement
CONFIDENCE: 0.95
REASON: People are actively browsing and examining items at the market stalls."
framesdb/images/frame_kz4qbgr5rna0vfaf.jpg,Disconnection,Engagement,0.95,"The audience is attentively watching the speakers, indicating active engagement with the presentation.","LABEL: Engagement
CONFIDENCE: 0.95
REASON: The audience is attentively watching the speakers, indicating active engagement with the presentation."
framesdb/images/frame_7s5y7yti09w5wwo4.jpg,Disconnection,Disconnection,0.65,"The individuals appear to be moving through the scene without interaction, suggesting a sense of emotional or social disconnection.","LABEL: Disconnection
CONFIDENCE: 0.65
REASON: The individuals appear to be moving through the scene without interaction, suggesting a sense of emotional or social disconnection."
framesdb/images/frame_5trqiebh1s6h9lg6.jpg,Disconnection,Engagement,0.95,"People are gathered and conversing in what appears to be an art gallery, indicating active engagement with the environment and each other.","LABEL: Engagement
CONFIDENCE: 0.95
REASON: People are gathered and conversing in what appears to be an art gallery, indicating active engagement with the environment and each other."
framesdb/images/frame_5trqiebh1s6h9lg6.jpg,Disconnection,Engagement,0.95,"People are gathered and conversing in what appears to be an art gallery, indicating active engagement with the environment and each other.","LABEL: Engagement
CONFIDENCE: 0.95
REASON: People are gathered and conversing in what appears to be an art gallery, indicating active engagement with the environment and each other."
mscoco/images/COCO_train2014_000000033631.jpg,Disconnection,Fatigue,0.95,"The person in the red shirt is sleeping on a bench with their head down, indicating tiredness.","LABEL: Fatigue
CONFIDENCE: 0.95
REASON: The person in the red shirt is sleeping on a bench with their head down, indicating tiredness."
framesdb/images/frame_78cvnjrqof09ixds.jpg,Disconnection,Sadness,0.85,"The man's somber expression and isolated posture in a modest, dimly lit room suggest feelings of sadness or melancholy.","LABEL: Sadness
CONFIDENCE: 0.85
REASON: The man's somber expression and isolated posture in a modest, dimly lit room suggest feelings of sadness or melancholy."
mscoco/images/COCO_train2014_000000499425.jpg,Disconnection,Surprise,0.85,The man's wide eyes and slightly open mouth suggest he is surprised by the phone conversation.,"LABEL: Surprise
CONFIDENCE: 0.85
REASON: The man's wide eyes and slightly open mouth suggest he is surprised by the phone conversation."
framesdb/images/frame_9931k2p1ko1u30qy.jpg,Disconnection,Peace,0.95,"The man is relaxed in a comfortable chair, with a calm expression and a serene, well-organized environment.","LABEL: Peace
CONFIDENCE: 0.95
REASON: The man is relaxed in a comfortable chair, with a calm expression and a serene, well-organized environment."
mscoco/images/COCO_val2014_000000168491.jpg,Disconnection,Engagement,0.95,"The individuals are focused on the game, holding controllers, and actively participating in the activity.","LABEL: Engagement
CONFIDENCE: 0.95
REASON: The individuals are focused on the game, holding controllers, and actively participating in the activity."
framesdb/images/frame_746ku2c3z5y835ti.jpg,Disconnection,Esteem,0.95,The formal awarding of a medal to a service member in a respectful ceremony indicates high regard and esteem for their achievements.,"LABEL: Esteem
CONFIDENCE: 0.95
REASON: The formal awarding of a medal to a service member in a respectful ceremony indicates high regard and esteem for their achievements."
emodb_small/images/ahn1gc4jxzwx0a6s13.jpg,Disconnection,Disconnection,0.95,"The student appears detached and lost in thought, with a distant expression and lack of engagement with her surroundings.","LABEL: Disconnection
CONFIDENCE: 0.95
REASON: The student appears detached and lost in thought, with a distant expression and lack of engagement with her surroundings."
framesdb/images/frame_77qu28arixwblan1.jpg,Disconnection,Engagement,0.95,"The passengers are smiling and looking at the flight attendant, indicating active engagement in the interaction.","LABEL: Engagement
CONFIDENCE: 0.95
REASON: The passengers are smiling and looking at the flight attendant, indicating active engagement in the interaction."
ade20k/images/sun_avvemgvxatrpclie.jpg,Disconnection,Disconnection,0.85,"The individuals are physically separated by a barrier and appear to be engaged in formal, detached interactions typical of a courtroom setting.","LABEL: Disconnection
CONFIDENCE: 0.85
REASON: The individuals are physically separated by a barrier and appear to be engaged in formal, detached interactions typical of a courtroom setting."
framesdb/images/frame_6fdrr65sbgvhbs0o.jpg,Disconnection,Disconnection,0.95,"The individuals are physically close but emotionally distant, each absorbed in their own world, suggesting a lack of connection.","LABEL: Disconnection
CONFIDENCE: 0.95
REASON: The individuals are physically close but emotionally distant, each absorbed in their own world, suggesting a lack of connection."
framesdb/images/frame_cirbkrxk7gfqdi0x.jpg,Disconnection,Anger,0.95,"The individuals are forcefully climbing a gate, indicating aggressive and angry behavior toward the institution.","LABEL: Anger
CONFIDENCE: 0.95
REASON: The individuals are forcefully climbing a gate, indicating aggressive and angry behavior toward the institution."
mscoco/images/COCO_val2014_000000198154.jpg,Disconnection,Excitement,0.95,The vibrant colors and abundance of fresh produce create an energetic and appealing atmosphere.,"LABEL: Excitement
CONFIDENCE: 0.95
REASON: The vibrant colors and abundance of fresh produce create an energetic and appealing atmosphere."
mscoco/images/COCO_train2014_000000261879.jpg,Fatigue,Fatigue,0.95,The man lying down with his eyes closed and relaxed posture suggests tiredness or fatigue.,"LABEL: Fatigue
CONFIDENCE: 0.95
REASON: The man lying down with his eyes closed and relaxed posture suggests tiredness or fatigue."
mscoco/images/COCO_train2014_000000162177.jpg,Fatigue,Engagement,0.85,"The players are actively participating in a baseball game, showing focus and involvement.","LABEL: Engagement
CONFIDENCE: 0.85
REASON: The players are actively participating in a baseball game, showing focus and involvement."
emodb_small/images/edknfl4d7l58nt06sm.jpg,Fatigue,Pain,0.95,"The person's facial expression, with eyes closed and hands on head, indicates intense physical or emotional pain.","LABEL: Pain
CONFIDENCE: 0.95
REASON: The person's facial expression, with eyes closed and hands on head, indicates intense physical or emotional pain."
mscoco/images/COCO_val2014_000000553443.jpg,Fatigue,Disconnection,0.85,"The man is focused on his phone, seemingly isolated from the others in the room who are looking at him or working on their computers.","LABEL: Disconnection
CONFIDENCE: 0.85
REASON: The man is focused on his phone, seemingly isolated from the others in the room who are looking at him or working on their computers."
emodb_small/images/8w9mab5ujnmma506e1.jpg,Fatigue,Fatigue,0.95,"The woman's posture, with her head resting on her hand and closed eyes, suggests exhaustion or tiredness.","LABEL: Fatigue
CONFIDENCE: 0.95
REASON: The woman's posture, with her head resting on her hand and closed eyes, suggests exhaustion or tiredness."
ade20k/images/sun_deeiqqckmjalhvyj.jpg,Fatigue,Engagement,0.95,"The workers are focused and actively collaborating on the task, showing clear involvement in their work.","LABEL: Engagement
CONFIDENCE: 0.95
REASON: The workers are focused and actively collaborating on the task, showing clear involvement in their work."
mscoco/images/COCO_val2014_000000523953.jpg,Fatigue,Disconnection,0.75,"The boy's distant gaze and isolated posture contrast with the bustling activity around him, suggesting emotional detachment.","LABEL: Disconnection
CONFIDENCE: 0.75
REASON: The boy's distant gaze and isolated posture contrast with the bustling activity around him, suggesting emotional detachment."
mscoco/images/COCO_train2014_000000241265.jpg,Fatigue,Disconnection,0.75,"The individuals appear physically close but emotionally detached, with most focused on their own tasks and not engaging with others.","LABEL: Disconnection
CONFIDENCE: 0.75
REASON: The individuals appear physically close but emotionally detached, with most focused on their own tasks and not engaging with others."
emodb_small/images/c3ezirejabm4sgyzix.jpg,Fatigue,Fatigue,0.95,"The woman is resting her head on her hand, appearing exhausted while sitting at her desk.","LABEL: Fatigue
CONFIDENCE: 0.95
REASON: The woman is resting her head on her hand, appearing exhausted while sitting at her desk."
mscoco/images/COCO_train2014_000000205299.jpg,Fatigue,Engagement,0.85,"People are actively interacting and holding items like papers and drinks, suggesting participation in an event.","LABEL: Engagement
CONFIDENCE: 0.85
REASON: People are actively interacting and holding items like papers and drinks, suggesting participation in an event."
emodb_small/images/6vd6w47myjp3fuod1j.jpg,Fatigue,Fatigue,0.95,"The man is leaning forward with his hands on his knees, appearing exhausted or tired.","LABEL: Fatigue
CONFIDENCE: 0.95
REASON: The man is leaning forward with his hands on his knees, appearing exhausted or tired."
mscoco/images/COCO_val2014_000000069356.jpg,Fatigue,Engagement,0.85,"The man and woman are standing close to the fruit stall, appearing attentive and involved in their activities.","LABEL: Engagement
CONFIDENCE: 0.85
REASON: The man and woman are standing close to the fruit stall, appearing attentive and involved in their activities."
mscoco/images/COCO_val2014_000000016959.jpg,Fatigue,Anticipation,0.95,The surfer's focused gaze toward the ocean suggests anticipation of riding waves.,"LABEL: Anticipation
CONFIDENCE: 0.95
REASON: The surfer's focused gaze toward the ocean suggests anticipation of riding waves."
mscoco/images/COCO_train2014_000000264197.jpg,Fatigue,Peace,0.85,"The calm, steady pace of the women walking under umbrellas in light rain creates a serene and peaceful atmosphere.","LABEL: Peace
CONFIDENCE: 0.85
REASON: The calm, steady pace of the women walking under umbrellas in light rain creates a serene and peaceful atmosphere."
emodb_small/images/7izh0beosiq1gwvw2h.jpg,Fatigue,Fatigue,0.95,"The woman is bent over with her hands on her knees, a posture commonly associated with exhaustion after physical activity.","LABEL: Fatigue
CONFIDENCE: 0.95
REASON: The woman is bent over with her hands on her knees, a posture commonly associated with exhaustion after physical activity."
mscoco/images/COCO_train2014_000000154462.jpg,Fatigue,Engagement,0.95,"People are actively interacting with devices and each other in a shared space, showing focus and involvement.","LABEL: Engagement
CONFIDENCE: 0.95
REASON: People are actively interacting with devices and each other in a shared space, showing focus and involvement."
emodb_small/images/8xdy7wkwjf8cye47vf.jpg,Fatigue,Fatigue,0.95,"The woman is sitting on an exercise ball, holding her head with a tired expression and appears to be resting after physical exertion.","LABEL: Fatigue
CONFIDENCE: 0.95
REASON: The woman is sitting on an exercise ball, holding her head with a tired expression and appears to be resting after physical exertion."
mscoco/images/COCO_train2014_000000157194.jpg,Fatigue,Happiness,0.95,The individuals are smiling and appear to be enjoying their time skateboarding.,"LABEL: Happiness
CONFIDENCE: 0.95
REASON: The individuals are smiling and appear to be enjoying their time skateboarding."
emodb_small/images/7yfw4gdcdak0kdvqu2.jpg,Fatigue,Fatigue,0.95,"The person is yawning and appears to be waking up, indicating tiredness or fatigue.","LABEL: Fatigue
CONFIDENCE: 0.95
REASON: The person is yawning and appears to be waking up, indicating tiredness or fatigue."
emodb_small/images/7ra2q7lp16or6suhp5.jpg,Fatigue,Fatigue,0.95,"The man's posture, hand on forehead, and tired expression suggest exhaustion or mental fatigue.","LABEL: Fatigue
CONFIDENCE: 0.95
REASON: The man's posture, hand on forehead, and tired expression suggest exhaustion or mental fatigue."
emodb_small/images/am9j3t9a22e5jzjfp2.jpg,Fatigue,Confidence,0.95,"The audience members display disengaged body language and lack of focus, indicating boredom with the content.","LABEL: Boredom
CONFIDENCE: 0.95
REASON: The audience members display disengaged body language and lack of focus, indicating boredom with the content."
emodb_small/images/am9j3t9a22e5jzjfp2.jpg,Fatigue,Disconnection,0.95,"The audience members are physically present but emotionally detached, each absorbed in their own devices, showing a lack of shared engagement with the event.","LABEL: Disconnection
CONFIDENCE: 0.95
REASON: The audience members are physically present but emotionally detached, each absorbed in their own devices, showing a lack of shared engagement with the event."
emodb_small/images/7wkw1c1nde6b0u2gqr.jpg,Fatigue,Fatigue,0.95,"The man is sitting with his head down, appearing exhausted after physical exertion.","LABEL: Fatigue
CONFIDENCE: 0.95
REASON: The man is sitting with his head down, appearing exhausted after physical exertion."
mscoco/images/COCO_val2014_000000491689.jpg,Fatigue,Fatigue,0.85,"The woman appears tired, with a weary expression and slightly slouched posture, likely due to the stress of travel.","LABEL: Fatigue
CONFIDENCE: 0.85
REASON: The woman appears tired, with a weary expression and slightly slouched posture, likely due to the stress of travel."
emodb_small/images/7hogfrr8pgo4xd9uza.jpg,Fatigue,Fatigue,0.95,"The person is slouching with a hand on their head, looking exhausted and tired.","LABEL: Fatigue
CONFIDENCE: 0.95
REASON: The person is slouching with a hand on their head, looking exhausted and tired."
mscoco/images/COCO_train2014_000000155417.jpg,Fatigue,Engagement,0.95,"The individual is actively engaged in a task involving aircraft refueling, showing focus and involvement.","LABEL: Engagement
CONFIDENCE: 0.95
REASON: The individual is actively engaged in a task involving aircraft refueling, showing focus and involvement."
emodb_small/images/8ivunqxoi7to4qvg43.jpg,Fatigue,Fatigue,0.95,"The man is asleep at his desk with his head resting on the keyboard, indicating extreme tiredness.","LABEL: Fatigue
CONFIDENCE: 0.95
REASON: The man is asleep at his desk with his head resting on the keyboard, indicating extreme tiredness."
mscoco/images/COCO_train2014_000000256431.jpg,Fatigue,Disconnection,0.75,"The person is walking alone on a sidewalk, carrying luggage, with a neutral expression and distant gaze, suggesting emotional detachment from their surroundings.","LABEL: Disconnection
CONFIDENCE: 0.75
REASON: The person is walking alone on a sidewalk, carrying luggage, with a neutral expression and distant gaze, suggesting emotional detachment from their surroundings."
emodb_small/images/8v2pdcpemnwcnqhrlt.jpg,Fatigue,Doubt/Confusion,0.85,The woman's contemplative expression and hand on her neck suggest she is pondering something uncertain or complex.,"LABEL: Doubt/Confusion
CONFIDENCE: 0.85
REASON: The woman's contemplative expression and hand on her neck suggest she is pondering something uncertain or complex."
mscoco/images/COCO_val2014_000000573819.jpg,Fatigue,Engagement,0.95,"The individuals are focused on the laptop screen, indicating active involvement in the task.","LABEL: Engagement
CONFIDENCE: 0.95
REASON: The individuals are focused on the laptop screen, indicating active involvement in the task."
mscoco/images/COCO_train2014_000000019375.jpg,Fatigue,Engagement,0.95,"The individuals are actively interacting and focused on the task at hand, suggesting engagement.","LABEL: Engagement
CONFIDENCE: 0.95
REASON: The individuals are actively interacting and focused on the task at hand, suggesting engagement."
mscoco/images/COCO_train2014_000000091465.jpg,Fatigue,Peace,0.95,"The cat and child are resting together calmly in a cozy bed, suggesting a peaceful moment.","LABEL: Peace
CONFIDENCE: 0.95
REASON: The cat and child are resting together calmly in a cozy bed, suggesting a peaceful moment."
mscoco/images/COCO_val2014_000000055223.jpg,Fatigue,Engagement,0.95,"The individuals are actively engaged in their respective activities, with one person focused on a game and others reading or using devices.","LABEL: Engagement
CONFIDENCE: 0.95
REASON: The individuals are actively engaged in their respective activities, with one person focused on a game and others reading or using devices."
mscoco/images/COCO_train2014_000000112124.jpg,Fatigue,Confidence,0.95,"The jockey sits upright and composed on the horse, displaying a calm and self-assured demeanor.","LABEL: Confidence
CONFIDENCE: 0.95
REASON: The jockey sits upright and composed on the horse, displaying a calm and self-assured demeanor."
emodb_small/images/84ylr78s2vu1x66mau.jpg,Fatigue,Disquietment,0.95,The man's distressed expression and hands on his head suggest inner turmoil or unease.,"LABEL: Disquietment
CONFIDENCE: 0.95
REASON: The man's distressed expression and hands on his head suggest inner turmoil or unease."
mscoco/images/COCO_train2014_000000168763.jpg,Fatigue,Disconnection,0.85,"The officers on horseback appear detached from the people around them, creating a sense of separation and lack of engagement with the community.","LABEL: Disconnection
CONFIDENCE: 0.85
REASON: The officers on horseback appear detached from the people around them, creating a sense of separation and lack of engagement with the community."
emodb_small/images/dffd0x4aalsu45395f.jpg,Fatigue,Pain,0.95,"The man is clutching his chest and appears to be in physical distress, indicating pain.","LABEL: Pain
CONFIDENCE: 0.95
REASON: The man is clutching his chest and appears to be in physical distress, indicating pain."
mscoco/images/COCO_train2014_000000493439.jpg,Fatigue,Fatigue,0.95,"The man is sitting with his feet up on a suitcase, eyes closed, appearing exhausted or resting in a public space.","LABEL: Fatigue
CONFIDENCE: 0.95
REASON: The man is sitting with his feet up on a suitcase, eyes closed, appearing exhausted or resting in a public space."
framesdb/images/frame_63mtckpdjfc0y9q8.jpg,Embarrassment,Excitement,0.95,Players are celebrating a goal with high energy and enthusiasm on the field.,"LABEL: Excitement
CONFIDENCE: 0.95
REASON: Players are celebrating a goal with high energy and enthusiasm on the field."
mscoco/images/COCO_train2014_000000296153.jpg,Embarrassment,Surprise,0.95,"The person's wide eyes and hands covering their mouth suggest a sudden, unexpected reaction to the content on the laptop screen.","LABEL: Surprise
CONFIDENCE: 0.95
REASON: The person's wide eyes and hands covering their mouth suggest a sudden, unexpected reaction to the content on the laptop screen."
mscoco/images/COCO_train2014_000000485224.jpg,Embarrassment,Fatigue,0.85,"The man is sitting with a tired posture, slouched and looking weary, surrounded by bananas, suggesting long hours of work.","LABEL: Fatigue
CONFIDENCE: 0.85
REASON: The man is sitting with a tired posture, slouched and looking weary, surrounded by bananas, suggesting long hours of work."
mscoco/images/COCO_train2014_000000472266.jpg,Embarrassment,Excitement,0.95,The dog's dynamic leap and the man's focused action suggest high energy and enthusiasm in a competitive or playful setting.,"LABEL: Excitement
CONFIDENCE: 0.95
REASON: The dog's dynamic leap and the man's focused action suggest high energy and enthusiasm in a competitive or playful setting."
emodb_small/images/b3kg3dju8rmaxpf4ia.jpg,Embarrassment,Annoyance,0.95,The woman's frustrated expression and the man snoring loudly suggest she is annoyed by his noise.,"LABEL: Annoyance
CONFIDENCE: 0.95
REASON: The woman's frustrated expression and the man snoring loudly suggest she is annoyed by his noise."
mscoco/images/COCO_train2014_000000387299.jpg,Embarrassment,Excitement,0.95,The dynamic motion blur and the person's focused expression while skateboarding suggest a high level of excitement.,"LABEL: Excitement
CONFIDENCE: 0.95
REASON: The dynamic motion blur and the person's focused expression while skateboarding suggest a high level of excitement."
mscoco/images/COCO_train2014_000000033272.jpg,Embarrassment,Excitement,0.95,"The skier's dynamic pose and the steep, snowy descent suggest exhilaration and thrill.","LABEL: Excitement
CONFIDENCE: 0.95
REASON: The skier's dynamic pose and the steep, snowy descent suggest exhilaration and thrill."
mscoco/images/COCO_val2014_000000555538.jpg,Embarrassment,Excitement,0.95,The player's dynamic pose and the focused attention of teammates suggest high energy and anticipation during a crucial moment in the game.,"LABEL: Excitement
CONFIDENCE: 0.95
REASON: The player's dynamic pose and the focused attention of teammates suggest high energy and anticipation during a crucial moment in the game."
mscoco/images/COCO_train2014_000000502508.jpg,Embarrassment,Engagement,0.95,"Multiple individuals are focused on their laptops, indicating active involvement in tasks.","LABEL: Engagement
CONFIDENCE: 0.95
REASON: Multiple individuals are focused on their laptops, indicating active involvement in tasks."
ade20k/images/labelme_uxykffazxuuosbb.jpg,Embarrassment,Peace,0.85,The calm atmosphere of the boardwalk and the relaxed demeanor of the people suggest a sense of peace.,"LABEL: Peace
CONFIDENCE: 0.85
REASON: The calm atmosphere of the boardwalk and the relaxed demeanor of the people suggest a sense of peace."
mscoco/images/COCO_train2014_000000005471.jpg,Embarrassment,Excitement,0.95,The woman's focused expression and dynamic posture suggest she is engaged and excited while playing with the frisbee.,"LABEL: Excitement
CONFIDENCE: 0.95
REASON: The woman's focused expression and dynamic posture suggest she is engaged and excited while playing with the frisbee."
emodb_small/images/eicizjamovv03k3xcj.jpg,Embarrassment,Sadness,0.95,"The person is sitting on steps with a distressed expression, holding their head in their hands, which suggests deep sadness.","LABEL: Sadness
CONFIDENCE: 0.95
REASON: The person is sitting on steps with a distressed expression, holding their head in their hands, which suggests deep sadness."
emodb_small/images/h7vpzemgea4y12fi5q.jpg,Embarrassment,Surprise,0.95,"The woman in the doorway has a shocked expression, with wide eyes and an open mouth, indicating surprise at the scene.","LABEL: Surprise
CONFIDENCE: 0.95
REASON: The woman in the doorway has a shocked expression, with wide eyes and an open mouth, indicating surprise at the scene."
mscoco/images/COCO_train2014_000000018396.jpg,Embarrassment,Disconnection,0.95,The man's distant gaze and isolated posture in a dilapidated setting suggest emotional detachment.,"LABEL: Disconnection
CONFIDENCE: 0.95
REASON: The man's distant gaze and isolated posture in a dilapidated setting suggest emotional detachment."
framesdb/images/frame_k9xzbwxfy48vd3uw.jpg,Embarrassment,Affection,0.95,"The woman is gently adjusting the child's car seat, showing care and tenderness.","LABEL: Affection
CONFIDENCE: 0.95
REASON: The woman is gently adjusting the child's car seat, showing care and tenderness."
mscoco/images/COCO_train2014_000000247068.jpg,Embarrassment,Happiness,0.95,"The baby is smiling broadly while interacting with the dog and another child, indicating joy.","LABEL: Happiness
CONFIDENCE: 0.95
REASON: The baby is smiling broadly while interacting with the dog and another child, indicating joy."
mscoco/images/COCO_train2014_000000487458.jpg,Embarrassment,Engagement,0.95,"The man is actively engaged in playing tennis, focused on the game with a ready stance and grip on the racket.","LABEL: Engagement
CONFIDENCE: 0.95
REASON: The man is actively engaged in playing tennis, focused on the game with a ready stance and grip on the racket."
mscoco/images/COCO_train2014_000000499396.jpg,Embarrassment,Excitement,0.95,The snowboarder's dynamic mid-air pose and vibrant attire convey a sense of thrilling action and exhilaration.,"LABEL: Excitement
CONFIDENCE: 0.95
REASON: The snowboarder's dynamic mid-air pose and vibrant attire convey a sense of thrilling action and exhilaration."
mscoco/images/COCO_val2014_000000561491.jpg,Embarrassment,Anticipation,0.95,"The woman is holding a pregnancy test with a focused and hopeful expression, indicating anticipation of the result.","LABEL: Anticipation
CONFIDENCE: 0.95
REASON: The woman is holding a pregnancy test with a focused and hopeful expression, indicating anticipation of the result."
mscoco/images/COCO_train2014_000000489107.jpg,Embarrassment,Excitement,0.85,"The man on the bicycle has a broad smile and dynamic posture, suggesting enthusiasm and excitement.","LABEL: Excitement
CONFIDENCE: 0.85
REASON: The man on the bicycle has a broad smile and dynamic posture, suggesting enthusiasm and excitement."
ade20k/images/sun_aclothkttyccszmc.jpg,Embarrassment,Excitement,0.95,"The people on the escalator are smiling and waving, indicating excitement.","LABEL: Excitement
CONFIDENCE: 0.95
REASON: The people on the escalator are smiling and waving, indicating excitement."
mscoco/images/COCO_val2014_000000487338.jpg,Embarrassment,Surprise,0.85,"The person's reflection shows a surprised expression while holding up a paper, suggesting an unexpected or startling moment.","LABEL: Surprise
CONFIDENCE: 0.85
REASON: The person's reflection shows a surprised expression while holding up a paper, suggesting an unexpected or startling moment."
framesdb/images/frame_0ldz88bmoxvgqove.jpg,Embarrassment,Engagement,0.95,"The individuals are focused and actively collaborating on the cat's care, showing deep involvement in the task.","LABEL: Engagement
CONFIDENCE: 0.95
REASON: The individuals are focused and actively collaborating on the cat's care, showing deep involvement in the task."
mscoco/images/COCO_train2014_000000021747.jpg,Embarrassment,Happiness,0.95,The child is smiling and appears joyful while holding a pizza slice.,"LABEL: Happiness
CONFIDENCE: 0.95
REASON: The child is smiling and appears joyful while holding a pizza slice."
mscoco/images/COCO_train2014_000000512458.jpg,Embarrassment,Excitement,0.95,The dynamic motion and focused engagement of the individuals playing a video game suggest high levels of excitement.,"LABEL: Excitement
CONFIDENCE: 0.95
REASON: The dynamic motion and focused engagement of the individuals playing a video game suggest high levels of excitement."
mscoco/images/COCO_train2014_000000015678.jpg,Embarrassment,Engagement,0.85,"The individuals in the image are actively participating in a shared task, suggesting engagement in their work.","LABEL: Engagement
CONFIDENCE: 0.85
REASON: The individuals in the image are actively participating in a shared task, suggesting engagement in their work."
emodb_small/images/6ypnlgwpdwm4cxhzyq.jpg,Embarrassment,Sadness,0.95,"The person is sitting with their head in their hands, a posture often associated with sadness or emotional distress.","LABEL: Sadness
CONFIDENCE: 0.95
REASON: The person is sitting with their head in their hands, a posture often associated with sadness or emotional distress."
mscoco/images/COCO_train2014_000000506735.jpg,Embarrassment,Happiness,0.85,The individuals are smiling and appear to be enjoying their time together in a snowy outdoor setting.,"LABEL: Happiness
CONFIDENCE: 0.85
REASON: The individuals are smiling and appear to be enjoying their time together in a snowy outdoor setting."
emodb_small/images/gssths0kyu8ulve7sg.jpg,Embarrassment,Pain,0.95,"The person is grimacing and holding their head in apparent distress, indicating physical or emotional pain.","LABEL: Pain
CONFIDENCE: 0.95
REASON: The person is grimacing and holding their head in apparent distress, indicating physical or emotional pain."
mscoco/images/COCO_train2014_000000504492.jpg,Embarrassment,Engagement,0.95,"The child is actively participating in a baseball game, focused on the task of fielding.","LABEL: Engagement
CONFIDENCE: 0.95
REASON: The child is actively participating in a baseball game, focused on the task of fielding."
emodb_small/images/ga228xx0ev5bzcwwik.jpg,Embarrassment,Doubt/Confusion,0.95,The man's furrowed brow and hand on his head suggest he is puzzled or confused.,"LABEL: Doubt/Confusion
CONFIDENCE: 0.95
REASON: The man's furrowed brow and hand on his head suggest he is puzzled or confused."
framesdb/images/frame_fhk5svb2ww1s6v9s.jpg,Embarrassment,Happiness,0.95,"The boxer with raised arms is celebrating a victory, displaying clear joy and excitement.","LABEL: Happiness
CONFIDENCE: 0.95
REASON: The boxer with raised arms is celebrating a victory, displaying clear joy and excitement."
emodb_small/images/e21mn5q3qdfpnalcek.jpg,Embarrassment,Yearning,0.95,The man's distant gaze and contemplative expression suggest a longing or yearning for something beyond his immediate surroundings.,"LABEL: Yearning
CONFIDENCE: 0.95
REASON: The man's distant gaze and contemplative expression suggest a longing or yearning for something beyond his immediate surroundings."
mscoco/images/COCO_train2014_000000381377.jpg,Embarrassment,Excitement,0.95,"The players are actively engaged in a dynamic game, showing focus and energy.","LABEL: Excitement
CONFIDENCE: 0.95
REASON: The players are actively engaged in a dynamic game, showing focus and energy."
emodb_small/images/gsdbbh55557mi0cas4.jpg,Embarrassment,Anger,0.95,The man's facial expression and aggressive hand gestures indicate anger.,"LABEL: Anger
CONFIDENCE: 0.95
REASON: The man's facial expression and aggressive hand gestures indicate anger."
mscoco/images/COCO_train2014_000000084801.jpg,Embarrassment,Engagement,0.95,"The individuals are actively participating in a dog training exercise, showing focus and involvement.","LABEL: Engagement
CONFIDENCE: 0.95
REASON: The individuals are actively participating in a dog training exercise, showing focus and involvement."
mscoco/images/COCO_train2014_000000419249.jpg,Embarrassment,Disconnection,0.85,"The man is focused on his phone, seemingly isolated from his surroundings, indicating a sense of disconnection.","LABEL: Disconnection
CONFIDENCE: 0.85
REASON: The man is focused on his phone, seemingly isolated from his surroundings, indicating a sense of disconnection."
framesdb/images/frame_cwyxahgbij3estub.jpg,Embarrassment,Sadness,0.95,The man's posture and the somber prison setting evoke a sense of sadness and confinement.,"LABEL: Sadness
CONFIDENCE: 0.95
REASON: The man's posture and the somber prison setting evoke a sense of sadness and confinement."
mscoco/images/COCO_train2014_000000179164.jpg,Yearning,Anticipation,0.95,"Passengers are gathered at a bus station, waiting to board the Oltursa bus, indicating anticipation for their journey.","LABEL: Anticipation
CONFIDENCE: 0.95
REASON: Passengers are gathered at a bus station, waiting to board the Oltursa bus, indicating anticipation for their journey."
mscoco/images/COCO_train2014_000000326320.jpg,Yearning,Engagement,0.95,"The man is actively using the phone booth, holding a phone to his ear and appearing focused on the conversation.","LABEL: Engagement
CONFIDENCE: 0.95
REASON: The man is actively using the phone booth, holding a phone to his ear and appearing focused on the conversation."
mscoco/images/COCO_train2014_000000233526.jpg,Yearning,Engagement,0.95,"The children are actively watching the TV and interacting with each other, showing interest in the activity.","LABEL: Engagement
CONFIDENCE: 0.95
REASON: The children are actively watching the TV and interacting with each other, showing interest in the activity."
mscoco/images/COCO_train2014_000000159225.jpg,Yearning,Anticipation,0.95,"The riders and horses are lined up at the starting gate, suggesting they are preparing for a race.","LABEL: Anticipation
CONFIDENCE: 0.95
REASON: The riders and horses are lined up at the starting gate, suggesting they are preparing for a race."
mscoco/images/COCO_train2014_000000385744.jpg,Yearning,Happiness,0.85,The woman on the right is smiling and appears to be enjoying her meal and the company.,"LABEL: Happiness
CONFIDENCE: 0.85
REASON: The woman on the right is smiling and appears to be enjoying her meal and the company."
framesdb/images/frame_hgjcg5y89ooy0gul.jpg,Yearning,Excitement,0.95,"The people are preparing for a kayaking adventure, showing enthusiasm and readiness for the activity.","LABEL: Excitement
CONFIDENCE: 0.95
REASON: The people are preparing for a kayaking adventure, showing enthusiasm and readiness for the activity."
mscoco/images/COCO_train2014_000000383452.jpg,Yearning,Excitement,0.95,"The person is holding a snowboard in a snowy mountain setting, suggesting anticipation and excitement for snowboarding.","LABEL: Excitement
CONFIDENCE: 0.95
REASON: The person is holding a snowboard in a snowy mountain setting, suggesting anticipation and excitement for snowboarding."
mscoco/images/COCO_train2014_000000392055.jpg,Yearning,Peace,0.95,"The woman appears calm and content, sitting peacefully on a rug in a quiet outdoor setting while eating.","LABEL: Peace
CONFIDENCE: 0.95
REASON: The woman appears calm and content, sitting peacefully on a rug in a quiet outdoor setting while eating."
mscoco/images/COCO_train2014_000000258853.jpg,Yearning,Disconnection,0.85,"The woman is seated alone, looking down at her phone with a neutral expression, suggesting emotional detachment from her surroundings.","LABEL: Disconnection
CONFIDENCE: 0.85
REASON: The woman is seated alone, looking down at her phone with a neutral expression, suggesting emotional detachment from her surroundings."
mscoco/images/COCO_train2014_000000258094.jpg,Yearning,Engagement,0.95,"The man is actively observing the aircraft, suggesting focused attention and involvement in the scene.","LABEL: Engagement
CONFIDENCE: 0.95
REASON: The man is actively observing the aircraft, suggesting focused attention and involvement in the scene."
mscoco/images/COCO_train2014_000000333684.jpg,Yearning,Sadness,0.85,The person's downward gaze and neutral expression convey a sense of melancholy or sadness.,"LABEL: Sadness
CONFIDENCE: 0.85
REASON: The person's downward gaze and neutral expression convey a sense of melancholy or sadness."
mscoco/images/COCO_train2014_000000350939.jpg,Yearning,Engagement,0.95,"The man is attentively standing close to the horse, holding its reins, indicating a focused interaction.","LABEL: Engagement
CONFIDENCE: 0.95
REASON: The man is attentively standing close to the horse, holding its reins, indicating a focused interaction."
mscoco/images/COCO_train2014_000000159768.jpg,Yearning,Engagement,0.85,The women are smiling and engaged in conversation while dining together.,"LABEL: Engagement
CONFIDENCE: 0.85
REASON: The women are smiling and engaged in conversation while dining together."
mscoco/images/COCO_train2014_000000431400.jpg,Yearning,Excitement,0.95,The riders' expressions and the energetic atmosphere suggest excitement.,"LABEL: Excitement
CONFIDENCE: 0.95
REASON: The riders' expressions and the energetic atmosphere suggest excitement."
mscoco/images/COCO_train2014_000000516474.jpg,Yearning,Happiness,0.95,"The child is smiling while eating, indicating joy and contentment.","LABEL: Happiness
CONFIDENCE: 0.95
REASON: The child is smiling while eating, indicating joy and contentment."
mscoco/images/COCO_train2014_000000430205.jpg,Yearning,Peace,0.85,"The person is calmly sitting on a snowy slope under a clear blue sky, suggesting a peaceful moment in nature.","LABEL: Peace
CONFIDENCE: 0.85
REASON: The person is calmly sitting on a snowy slope under a clear blue sky, suggesting a peaceful moment in nature."
mscoco/images/COCO_train2014_000000309873.jpg,Yearning,Disconnection,0.95,"The individuals are physically close but appear emotionally distant, each absorbed in their own world with minimal interaction.","LABEL: Disconnection
CONFIDENCE: 0.95
REASON: The individuals are physically close but appear emotionally distant, each absorbed in their own world with minimal interaction."
mscoco/images/COCO_train2014_000000403567.jpg,Yearning,Confidence,0.95,"The men are dressed in uniform, sitting upright on horses with a composed and authoritative demeanor, suggesting confidence.","LABEL: Confidence
CONFIDENCE: 0.95
REASON: The men are dressed in uniform, sitting upright on horses with a composed and authoritative demeanor, suggesting confidence."
mscoco/images/COCO_train2014_000000298160.jpg,Yearning,Excitement,0.95,"The man and the elaborately decorated horse suggest a festive or ceremonial occasion, evoking excitement.","LABEL: Excitement
CONFIDENCE: 0.95
REASON: The man and the elaborately decorated horse suggest a festive or ceremonial occasion, evoking excitement."
mscoco/images/COCO_train2014_000000226350.jpg,Yearning,Confidence,0.85,"The man is sitting confidently on a motorcycle, looking directly at the camera with a composed posture.","LABEL: Confidence
CONFIDENCE: 0.85
REASON: The man is sitting confidently on a motorcycle, looking directly at the camera with a composed posture."
mscoco/images/COCO_train2014_000000224230.jpg,Yearning,Peace,0.85,"The person is calmly observing the water, suggesting a peaceful moment.","LABEL: Peace
CONFIDENCE: 0.85
REASON: The person is calmly observing the water, suggesting a peaceful moment."
mscoco/images/COCO_train2014_000000331278.jpg,Yearning,Happiness,0.95,"The individuals are smiling and appear relaxed in a shared, comfortable setting.","LABEL: Happiness
CONFIDENCE: 0.95
REASON: The individuals are smiling and appear relaxed in a shared, comfortable setting."
mscoco/images/COCO_train2014_000000399922.jpg,Yearning,Engagement,0.85,"People are actively browsing and interacting with market stalls, indicating engagement with the environment.","LABEL: Engagement
CONFIDENCE: 0.85
REASON: People are actively browsing and interacting with market stalls, indicating engagement with the environment."
mscoco/images/COCO_train2014_000000160152.jpg,Yearning,Happiness,0.95,"The woman is smiling broadly and giving a thumbs-up, indicating clear happiness.","LABEL: Happiness
CONFIDENCE: 0.95
REASON: The woman is smiling broadly and giving a thumbs-up, indicating clear happiness."
emodb_small/images/3wj2x6ifpqruktlzo3.jpg,Yearning,Sadness,0.95,"The woman's downward gaze, slumped posture, and hand on her cheek convey a sense of melancholy or sadness.","LABEL: Sadness
CONFIDENCE: 0.95
REASON: The woman's downward gaze, slumped posture, and hand on her cheek convey a sense of melancholy or sadness."
mscoco/images/COCO_train2014_000000225508.jpg,Yearning,Engagement,0.95,"The individuals are actively interacting with each other and the devices, showing focus and involvement in a shared task.","LABEL: Engagement
CONFIDENCE: 0.95
REASON: The individuals are actively interacting with each other and the devices, showing focus and involvement in a shared task."
mscoco/images/COCO_train2014_000000127073.jpg,Yearning,Sadness,0.75,The person's downward gaze and solitary posture in a quiet field suggest melancholy.,"LABEL: Sadness
CONFIDENCE: 0.75
REASON: The person's downward gaze and solitary posture in a quiet field suggest melancholy."
mscoco/images/COCO_train2014_000000184201.jpg,Yearning,Engagement,0.95,"The individuals are actively participating in a bustling floating market, indicating engagement in daily activities.","LABEL: Engagement
CONFIDENCE: 0.95
REASON: The individuals are actively participating in a bustling floating market, indicating engagement in daily activities."
mscoco/images/COCO_train2014_000000369478.jpg,Yearning,Engagement,0.95,"The man is focused and actively working on the toilet, showing concentration and involvement in the task.","LABEL: Engagement
CONFIDENCE: 0.95
REASON: The man is focused and actively working on the toilet, showing concentration and involvement in the task."
mscoco/images/COCO_train2014_000000332913.jpg,Yearning,Engagement,0.85,"The individuals are actively engaged in a conversation, with one person holding a cup and both showing attentive postures.","LABEL: Engagement
CONFIDENCE: 0.85
REASON: The individuals are actively engaged in a conversation, with one person holding a cup and both showing attentive postures."
mscoco/images/COCO_train2014_000000321291.jpg,Yearning,Engagement,0.95,"The man is focused and actively painting, showing deep involvement in his task.","LABEL: Engagement
CONFIDENCE: 0.95
REASON: The man is focused and actively painting, showing deep involvement in his task."
mscoco/images/COCO_train2014_000000254562.jpg,Yearning,Peace,0.85,"The person is calmly looking out at the ocean on a clear day, suggesting a peaceful moment.","LABEL: Peace
CONFIDENCE: 0.85
REASON: The person is calmly looking out at the ocean on a clear day, suggesting a peaceful moment."
mscoco/images/COCO_train2014_000000220790.jpg,Yearning,Sadness,0.65,"The person's solemn expression and solitary walk with an umbrella in a stark, bright setting evoke a sense of melancholy.","LABEL: Sadness
CONFIDENCE: 0.65
REASON: The person's solemn expression and solitary walk with an umbrella in a stark, bright setting evoke a sense of melancholy."
mscoco/images/COCO_train2014_000000268428.jpg,Yearning,Happiness,0.95,"The people in the image appear relaxed and content, with one person smiling while riding a motorcycle, suggesting a positive emotional state.","LABEL: Happiness
CONFIDENCE: 0.95
REASON: The people in the image appear relaxed and content, with one person smiling while riding a motorcycle, suggesting a positive emotional state."
mscoco/images/COCO_train2014_000000292351.jpg,Yearning,Engagement,0.85,The presence of a camera crew and active filming suggests engagement in a media event.,"LABEL: Engagement
CONFIDENCE: 0.85
REASON: The presence of a camera crew and active filming suggests engagement in a media event."
emodb_small/images/d85m8vhgppaj2t6i68.jpg,Yearning,Engagement,0.95,"The boys are looking at each other with focused attention, suggesting active engagement in a shared moment.","LABEL: Engagement
CONFIDENCE: 0.95
REASON: The boys are looking at each other with focused attention, suggesting active engagement in a shared moment."
emodb_small/images/d85m8vhgppaj2t6i68.jpg,Yearning,Engagement,0.95,"The boys are looking at each other with focused attention, suggesting active engagement in a shared moment.","LABEL: Engagement
CONFIDENCE: 0.95
REASON: The boys are looking at each other with focused attention, suggesting active engagement in a shared moment."
mscoco/images/COCO_train2014_000000337882.jpg,Yearning,Engagement,0.85,"The man in the center is actively adjusting his tie and looking forward, suggesting he is preparing for or participating in an event, indicating engagement.","LABEL: Engagement
CONFIDENCE: 0.85
REASON: The man in the center is actively adjusting his tie and looking forward, suggesting he is preparing for or participating in an event, indicating engagement."
emodb_small/images/gs84txnh5el02zkbp9.jpg,Disapproval,Disapproval,0.95,The man's stern expression and crossed arms convey a clear sense of disapproval.,"LABEL: Disapproval
CONFIDENCE: 0.95
REASON: The man's stern expression and crossed arms convey a clear sense of disapproval."
emodb_small/images/6h85d8d0rrvntefpkq.jpg,Disapproval,Fatigue,0.95,"The man's tired expression, hand on his forehead, and lack of energy suggest fatigue.","LABEL: Fatigue
CONFIDENCE: 0.95
REASON: The man's tired expression, hand on his forehead, and lack of energy suggest fatigue."
emodb_small/images/gfyoe3zypsw0svkvot.jpg,Disapproval,Anger,0.95,"The girl's furrowed brow, narrowed eyes, and crossed arms convey clear anger.","LABEL: Anger
CONFIDENCE: 0.95
REASON: The girl's furrowed brow, narrowed eyes, and crossed arms convey clear anger."
framesdb/images/frame_74lkcx21hyahy01y.jpg,Disapproval,Disapproval,0.95,"The referee is showing a yellow card to the player, indicating a formal reprimand for misconduct.","LABEL: Disapproval
CONFIDENCE: 0.95
REASON: The referee is showing a yellow card to the player, indicating a formal reprimand for misconduct."
mscoco/images/COCO_train2014_000000419391.jpg,Disapproval,Sadness,0.95,"The woman's downward gaze, still posture, and the melancholic text suggest a deep sense of sadness and longing.","LABEL: Sadness
CONFIDENCE: 0.95
REASON: The woman's downward gaze, still posture, and the melancholic text suggest a deep sense of sadness and longing."
emodb_small/images/bt2t3ffx032msr1kac.jpg,Disapproval,Disapproval,0.95,The man's stern expression and downward-pointing thumb clearly indicate disapproval.,"LABEL: Disapproval
CONFIDENCE: 0.95
REASON: The man's stern expression and downward-pointing thumb clearly indicate disapproval."
framesdb/images/frame_lcs8pku339ipaanw.jpg,Disapproval,Fear,0.95,"The woman is covering her ears and has a distressed expression, indicating fear of the man's loud outburst.","LABEL: Fear
CONFIDENCE: 0.95
REASON: The woman is covering her ears and has a distressed expression, indicating fear of the man's loud outburst."
ade20k/images/sun_atvptssfhfcmrtub.jpg,Disapproval,Disconnection,0.95,"The individuals are physically close but emotionally distant, each absorbed in their own thoughts with no interaction.","LABEL: Disconnection
CONFIDENCE: 0.95
REASON: The individuals are physically close but emotionally distant, each absorbed in their own thoughts with no interaction."
framesdb/images/frame_5yw3n4e7oif2n5io.jpg,Disapproval,Confidence,0.95,"The chef stands with a relaxed posture, holding a plate confidently while looking upward, suggesting self-assuredness in his work.","LABEL: Confidence
CONFIDENCE: 0.95
REASON: The chef stands with a relaxed posture, holding a plate confidently while looking upward, suggesting self-assuredness in his work."
mscoco/images/COCO_val2014_000000061175.jpg,Disapproval,Engagement,0.95,"The woman is smiling and attentively watching the baseball players, indicating engagement with the activity.","LABEL: Engagement
CONFIDENCE: 0.95
REASON: The woman is smiling and attentively watching the baseball players, indicating engagement with the activity."
mscoco/images/COCO_train2014_000000127339.jpg,Disapproval,Happiness,0.95,"The child is smiling widely while eating a treat, indicating clear happiness.","LABEL: Happiness
CONFIDENCE: 0.95
REASON: The child is smiling widely while eating a treat, indicating clear happiness."
mscoco/images/COCO_train2014_000000460095.jpg,Disapproval,Engagement,0.95,"The man is focused on his phone, suggesting active involvement or engagement with the device.","LABEL: Engagement
CONFIDENCE: 0.95
REASON: The man is focused on his phone, suggesting active involvement or engagement with the device."
framesdb/images/frame_59d8sov4rs6g2xp4.jpg,Disapproval,Disconnection,0.85,"The individuals are physically close but emotionally distant, each absorbed in their own activities without interaction.","LABEL: Disconnection
CONFIDENCE: 0.85
REASON: The individuals are physically close but emotionally distant, each absorbed in their own activities without interaction."
emodb_small/images/cl5sn4ab7c511e353h.jpg,Disapproval,Annoyance,0.95,"The girl's facial expression, with furrowed brows and a tongue-out gesture, conveys a strong sense of irritation or annoyance.","LABEL: Annoyance
CONFIDENCE: 0.95
REASON: The girl's facial expression, with furrowed brows and a tongue-out gesture, conveys a strong sense of irritation or annoyance."
emodb_small/images/cogxwvj6pdb8surbrg.jpg,Disapproval,Pain,0.95,"The person's facial expression, with tightly closed eyes and a grimacing mouth, strongly indicates physical or emotional pain.","LABEL: Pain
CONFIDENCE: 0.95
REASON: The person's facial expression, with tightly closed eyes and a grimacing mouth, strongly indicates physical or emotional pain."
emodb_small/images/eyd27i8afqr4hfed0w.jpg,Disapproval,Excitement,0.95,"The crowd's open mouths, raised arms, and intense expressions suggest high energy and excitement typical of a live event.","LABEL: Excitement
CONFIDENCE: 0.95
REASON: The crowd's open mouths, raised arms, and intense expressions suggest high energy and excitement typical of a live event."
emodb_small/images/gtsc9876oqghvxobog.jpg,Disapproval,Surprise,0.95,The person's wide eyes and open mouth indicate a strong reaction of surprise.,"LABEL: Surprise
CONFIDENCE: 0.95
REASON: The person's wide eyes and open mouth indicate a strong reaction of surprise."
emodb_small/images/f1k0purilsyt1kz7c1.jpg,Disapproval,Sadness,0.95,"The woman is visibly crying with a distressed expression, indicating deep sadness.","LABEL: Sadness
CONFIDENCE: 0.95
REASON: The woman is visibly crying with a distressed expression, indicating deep sadness."
mscoco/images/COCO_train2014_000000024939.jpg,Disapproval,Excitement,0.95,"The person is actively engaged in a video game with an animated posture and focused expression, indicating excitement.","LABEL: Excitement
CONFIDENCE: 0.95
REASON: The person is actively engaged in a video game with an animated posture and focused expression, indicating excitement."
mscoco/images/COCO_train2014_000000114326.jpg,Disapproval,Surprise,0.95,"The child's wide eyes and open mouth suggest a sudden, unexpected reaction to the hand gesture.","LABEL: Surprise
CONFIDENCE: 0.95
REASON: The child's wide eyes and open mouth suggest a sudden, unexpected reaction to the hand gesture."
framesdb/images/frame_l6modb9jnif0xn55.jpg,Disapproval,Disapproval,0.95,"The man's stern expression and the sign stating ""DUMPING WASTE HERE IS ILLEGAL"" convey strong disapproval of the littered environment.","LABEL: Disapproval
CONFIDENCE: 0.95
REASON: The man's stern expression and the sign stating ""DUMPING WASTE HERE IS ILLEGAL"" convey strong disapproval of the littered environment."
emodb_small/images/gr0n9z2if2cr0v5rch.jpg,Disapproval,Anger,0.95,"The person's furrowed brow, narrowed eyes, and bared teeth indicate anger.","LABEL: Anger
CONFIDENCE: 0.95
REASON: The person's furrowed brow, narrowed eyes, and bared teeth indicate anger."
framesdb/images/frame_lwdfk9rw0eug2k0v.jpg,Disapproval,Excitement,0.95,"The person's wide eyes and the dynamic, playful environment suggest excitement.","LABEL: Excitement
CONFIDENCE: 0.95
REASON: The person's wide eyes and the dynamic, playful environment suggest excitement."
emodb_small/images/csi7rxvd0jef22jdm8.jpg,Disapproval,Disapproval,0.85,"The person's furrowed brow and downturned mouth suggest a negative emotional response, consistent with disapproval.","LABEL: Disapproval
CONFIDENCE: 0.85
REASON: The person's furrowed brow and downturned mouth suggest a negative emotional response, consistent with disapproval."
mscoco/images/COCO_train2014_000000116210.jpg,Disapproval,Excitement,0.95,"The man's open mouth, intense expression, and dynamic posture suggest high energy and excitement, likely from performing music.","LABEL: Excitement
CONFIDENCE: 0.95
REASON: The man's open mouth, intense expression, and dynamic posture suggest high energy and excitement, likely from performing music."
framesdb/images/frame_hutlyzubgxn7n7fu.jpg,Disapproval,Surprise,0.95,The person's wide eyes and open mouth suggest a reaction of surprise to the surroundings.,"LABEL: Surprise
CONFIDENCE: 0.95
REASON: The person's wide eyes and open mouth suggest a reaction of surprise to the surroundings."
framesdb/images/frame_6d26bxsf1nhujj90.jpg,Disapproval,Engagement,0.95,"The audience members are focused on the screen, with some eating popcorn and others watching attentively, indicating engagement with the movie.","LABEL: Engagement
CONFIDENCE: 0.95
REASON: The audience members are focused on the screen, with some eating popcorn and others watching attentively, indicating engagement with the movie."
mscoco/images/COCO_train2014_000000261541.jpg,Disapproval,Confidence,0.95,"The man's upright posture, direct gaze, and composed demeanor in both images convey self-assurance.","LABEL: Confidence
CONFIDENCE: 0.95
REASON: The man's upright posture, direct gaze, and composed demeanor in both images convey self-assurance."
emodb_small/images/9t80q48ur4oculxto4.jpg,Disapproval,Sadness,0.95,"The woman is sitting with her head down and hands on her face, showing signs of emotional distress, while the man sits apart with his arms crossed, indicating a strained relationship.","LABEL: Sadness
CONFIDENCE: 0.95
REASON: The woman is sitting with her head down and hands on her face, showing signs of emotional distress, while the man sits apart with his arms crossed, indicating a strained relationship."
framesdb/images/frame_dtvdd4wtgpvcro5i.jpg,Disapproval,Disapproval,0.95,The man's frowning expression and crossed arms convey clear disapproval of the situation.,"LABEL: Disapproval
CONFIDENCE: 0.95
REASON: The man's frowning expression and crossed arms convey clear disapproval of the situation."
emodb_small/images/avimupn5tfrqqw9mgv.jpg,Disapproval,Anger,0.95,"The person's furrowed brow, narrowed eyes, and tense mouth convey clear anger.","LABEL: Anger
CONFIDENCE: 0.95
REASON: The person's furrowed brow, narrowed eyes, and tense mouth convey clear anger."
mscoco/images/COCO_train2014_000000011801.jpg,Disapproval,Happiness,0.85,"The children are smiling and standing proudly with the horse, suggesting a joyful moment.","LABEL: Happiness
CONFIDENCE: 0.85
REASON: The children are smiling and standing proudly with the horse, suggesting a joyful moment."
emodb_small/images/g0mrubg1xve67hngnq.jpg,Disapproval,Anger,0.95,The woman's facial expression and body language indicate anger or frustration.,"LABEL: Anger
CONFIDENCE: 0.95
REASON: The woman's facial expression and body language indicate anger or frustration."
emodb_small/images/gf1hzzo5a6sefs7cjo.jpg,Disapproval,Anger,0.95,"One woman is yelling aggressively while the other appears distressed and defensive, indicating anger.","LABEL: Anger
CONFIDENCE: 0.95
REASON: One woman is yelling aggressively while the other appears distressed and defensive, indicating anger."
framesdb/images/frame_g2m7m29qa583iyrw.jpg,Disapproval,Anger,0.95,"The players are engaged in a heated confrontation, with tense body language and close physical proximity indicating anger.","LABEL: Anger
CONFIDENCE: 0.95
REASON: The players are engaged in a heated confrontation, with tense body language and close physical proximity indicating anger."
framesdb/images/frame_fujao5vwetu3plpx.jpg,Disapproval,Sadness,0.95,"The individuals are visibly crying and appear emotionally distressed, indicating sadness.","LABEL: Sadness
CONFIDENCE: 0.95
REASON: The individuals are visibly crying and appear emotionally distressed, indicating sadness."
emodb_small/images/fzvmccnhhau1ov7qhd.jpg,Disapproval,Anger,0.95,"The child's furrowed brow, narrowed eyes, and tense facial expression strongly indicate anger.","LABEL: Anger
CONFIDENCE: 0.95
REASON: The child's furrowed brow, narrowed eyes, and tense facial expression strongly indicate anger."
emodb_small/images/gsdbbh55557mi0cas4.jpg,Disapproval,Anger,0.95,The man's facial expression and aggressive hand gestures indicate anger.,"LABEL: Anger
CONFIDENCE: 0.95
REASON: The man's facial expression and aggressive hand gestures indicate anger."
mscoco/images/COCO_train2014_000000171729.jpg,Aversion,Happiness,0.95,The individuals are smiling and appear to be enjoying a lighthearted moment together.,"LABEL: Happiness
CONFIDENCE: 0.95
REASON: The individuals are smiling and appear to be enjoying a lighthearted moment together."
emodb_small/images/eh6fo5xazcnas1fxvw.jpg,Aversion,Sadness,0.95,"The individuals are visibly crying with closed eyes and distressed expressions, indicating deep sadness.","LABEL: Sadness
CONFIDENCE: 0.95
REASON: The individuals are visibly crying with closed eyes and distressed expressions, indicating deep sadness."
framesdb/images/frame_ljbegaqddjfg1rwb.jpg,Aversion,Excitement,0.95,"The children are actively engaged in building a snow fort, showing enthusiasm and enjoyment in the activity.","LABEL: Excitement
CONFIDENCE: 0.95
REASON: The children are actively engaged in building a snow fort, showing enthusiasm and enjoyment in the activity."
emodb_small/images/d7gmvr6bmurwcfacvk.jpg,Aversion,Surprise,0.95,"The woman on the left has wide eyes and a slightly open mouth, indicating surprise at the ring being shown by the other woman.","LABEL: Surprise
CONFIDENCE: 0.95
REASON: The woman on the left has wide eyes and a slightly open mouth, indicating surprise at the ring being shown by the other woman."
mscoco/images/COCO_train2014_000000050274.jpg,Aversion,Excitement,0.95,"The boy holding the frisbee appears focused and engaged, suggesting anticipation and excitement for the game.","LABEL: Excitement
CONFIDENCE: 0.95
REASON: The boy holding the frisbee appears focused and engaged, suggesting anticipation and excitement for the game."
mscoco/images/COCO_val2014_000000575921.jpg,Aversion,Disquietment,0.85,The man's furrowed brow and tense expression suggest unease or worry during the phone call.,"LABEL: Disquietment
CONFIDENCE: 0.85
REASON: The man's furrowed brow and tense expression suggest unease or worry during the phone call."
emodb_small/images/eyd27i8afqr4hfed0w.jpg,Aversion,Excitement,0.95,"The crowd is visibly animated with raised arms, open mouths, and intense expressions, indicating high excitement.","LABEL: Excitement
CONFIDENCE: 0.95
REASON: The crowd is visibly animated with raised arms, open mouths, and intense expressions, indicating high excitement."
framesdb/images/frame_ltqxqx3ws4i7v779.jpg,Aversion,Fatigue,0.95,"The man's strained expression, sweat-soaked shirt, and the heavy load he carries suggest physical exhaustion.","LABEL: Fatigue
CONFIDENCE: 0.95
REASON: The man's strained expression, sweat-soaked shirt, and the heavy load he carries suggest physical exhaustion."
emodb_small/images/gmpjvx38elyg0cye0d.jpg,Aversion,Anger,0.95,"The man's clenched fists, tense facial expression, and furrowed brow strongly indicate anger.","LABEL: Anger
CONFIDENCE: 0.95
REASON: The man's clenched fists, tense facial expression, and furrowed brow strongly indicate anger."
emodb_small/images/cra80zwyyunnl2d281.jpg,Aversion,Surprise,0.95,"The person's wide eyes, open mouth, and raised hands convey a strong sense of surprise.","LABEL: Surprise
CONFIDENCE: 0.95
REASON: The person's wide eyes, open mouth, and raised hands convey a strong sense of surprise."
mscoco/images/COCO_train2014_000000126356.jpg,Aversion,Engagement,0.95,"The photographer is intently focused on capturing the scene, indicating deep engagement with the moment.","LABEL: Engagement
CONFIDENCE: 0.95
REASON: The photographer is intently focused on capturing the scene, indicating deep engagement with the moment."
emodb_small/images/fdeaetzik3g6nc3p82.jpg,Aversion,Fear,0.95,The woman's wide eyes and tense posture suggest she is experiencing fear while being held by a masked figure.,"LABEL: Fear
CONFIDENCE: 0.95
REASON: The woman's wide eyes and tense posture suggest she is experiencing fear while being held by a masked figure."
emodb_small/images/fzrt5bqlrcjap7ahqp.jpg,Aversion,Disapproval,0.95,"The boy's furrowed brow, narrowed eyes, and crossed arms convey a clear expression of disapproval.","LABEL: Disapproval
CONFIDENCE: 0.95
REASON: The boy's furrowed brow, narrowed eyes, and crossed arms convey a clear expression of disapproval."
emodb_small/images/e21tabvvmz4ngj0vol.jpg,Aversion,Sadness,0.95,"The individuals in the image display somber expressions, with some covering their faces and others showing signs of emotional distress, indicating deep sadness.","LABEL: Sadness
CONFIDENCE: 0.95
REASON: The individuals in the image display somber expressions, with some covering their faces and others showing signs of emotional distress, indicating deep sadness."
framesdb/images/frame_30ikw9t15c2xc0mh.jpg,Aversion,Engagement,0.95,The woman's direct gaze and thoughtful pose suggest active engagement with the viewer or the task at hand.,"LABEL: Engagement
CONFIDENCE: 0.95
REASON: The woman's direct gaze and thoughtful pose suggest active engagement with the viewer or the task at hand."
emodb_small/images/gf1hzzo5a6sefs7cjo.jpg,Aversion,Anger,0.95,"One woman is yelling aggressively while the other appears distressed and defensive, indicating anger.","LABEL: Anger
CONFIDENCE: 0.95
REASON: One woman is yelling aggressively while the other appears distressed and defensive, indicating anger."
emodb_small/images/fl8ljzsyeha72tbjky.jpg,Aversion,Anger,0.95,"The woman on the right is yelling with an intense facial expression, indicating anger.","LABEL: Anger
CONFIDENCE: 0.95
REASON: The woman on the right is yelling with an intense facial expression, indicating anger."
mscoco/images/COCO_train2014_000000532457.jpg,Aversion,Disapproval,0.95,"The protest signs express strong opposition to homosexuality and AIDS advocacy, indicating disapproval of the targeted groups.","LABEL: Disapproval
CONFIDENCE: 0.95
REASON: The protest signs express strong opposition to homosexuality and AIDS advocacy, indicating disapproval of the targeted groups."
mscoco/images/COCO_train2014_000000032829.jpg,Aversion,Happiness,0.85,The woman is smiling and appears relaxed while traveling with her luggage.,"LABEL: Happiness
CONFIDENCE: 0.85
REASON: The woman is smiling and appears relaxed while traveling with her luggage."
framesdb/images/frame_32y0gudn65d2bh73.jpg,Aversion,Disconnection,0.85,"The woman appears isolated on the balcony, focused on her phone while others are present but not engaging with her.","LABEL: Disconnection
CONFIDENCE: 0.85
REASON: The woman appears isolated on the balcony, focused on her phone while others are present but not engaging with her."
emodb_small/images/g43dpf7iroibvwtjit.jpg,Aversion,Anger,0.95,"The person's furrowed brow, narrowed eyes, and tense mouth convey clear anger.","LABEL: Anger
CONFIDENCE: 0.95
REASON: The person's furrowed brow, narrowed eyes, and tense mouth convey clear anger."
mscoco/images/COCO_train2014_000000402083.jpg,Aversion,Engagement,0.95,"The individuals are actively engaged in conversation, with one person gesturing while speaking and others listening attentively.","LABEL: Engagement
CONFIDENCE: 0.95
REASON: The individuals are actively engaged in conversation, with one person gesturing while speaking and others listening attentively."
emodb_small/images/d15eucuofmneliy6bh.jpg,Aversion,Confidence,0.95,"The image shows a person vomiting, which is a strong indicator of disgust.","LABEL: Disgust
CONFIDENCE: 0.95
REASON: The image shows a person vomiting, which is a strong indicator of disgust."
framesdb/images/frame_8h6ethm0i6kfifjf.jpg,Aversion,Happiness,0.95,The team members are smiling and appear proud and content while working with the lion.,"LABEL: Happiness
CONFIDENCE: 0.95
REASON: The team members are smiling and appear proud and content while working with the lion."
emodb_small/images/g6ic2rihk9g63m51h7.jpg,Aversion,Anger,0.95,"The man is yelling and pointing aggressively at the player, indicating anger.","LABEL: Anger
CONFIDENCE: 0.95
REASON: The man is yelling and pointing aggressively at the player, indicating anger."
emodb_small/images/3eaojdwymok8ol28m2.jpg,Aversion,Affection,0.95,The act of washing another's feet in a reverent manner conveys deep care and affection.,"LABEL: Affection
CONFIDENCE: 0.95
REASON: The act of washing another's feet in a reverent manner conveys deep care and affection."
emodb_small/images/ctvx2pmqvdocr6c228.jpg,Aversion,Disquietment,0.95,"The person's facial expression shows tension and discomfort, with furrowed brows and a strained mouth, indicating unease or anxiety.","LABEL: Disquietment
CONFIDENCE: 0.95
REASON: The person's facial expression shows tension and discomfort, with furrowed brows and a strained mouth, indicating unease or anxiety."
mscoco/images/COCO_train2014_000000189491.jpg,Aversion,Excitement,0.95,The player's intense expression and dynamic pose suggest high energy and excitement during the match.,"LABEL: Excitement
CONFIDENCE: 0.95
REASON: The player's intense expression and dynamic pose suggest high energy and excitement during the match."
mscoco/images/COCO_train2014_000000327338.jpg,Aversion,Peace,0.85,The relaxed postures and calm setting suggest a peaceful atmosphere.,"LABEL: Peace
CONFIDENCE: 0.85
REASON: The relaxed postures and calm setting suggest a peaceful atmosphere."
emodb_small/images/bukcaslufs4nfqrt66.jpg,Aversion,Disapproval,0.95,"The woman's furrowed brow, pursed lips, and pointing finger convey a strong sense of disapproval.","LABEL: Disapproval
CONFIDENCE: 0.95
REASON: The woman's furrowed brow, pursed lips, and pointing finger convey a strong sense of disapproval."
mscoco/images/COCO_train2014_000000000326.jpg,Aversion,Engagement,0.95,"The person is intently observing the wine in the glass, suggesting focused engagement with the task.","LABEL: Engagement
CONFIDENCE: 0.95
REASON: The person is intently observing the wine in the glass, suggesting focused engagement with the task."
framesdb/images/frame_gsfqvymchkcr2mle.jpg,Aversion,Affection,0.95,"The woman is gently adjusting the child's car seat, showing care and tenderness.","LABEL: Affection
CONFIDENCE: 0.95
REASON: The woman is gently adjusting the child's car seat, showing care and tenderness."
framesdb/images/frame_5sdd0eev2iyqefto.jpg,Aversion,Disapproval,0.95,"The protest sign explicitly states ""NO FOR BUSH"" with a heart symbol, indicating strong opposition to a political figure.","LABEL: Disapproval
CONFIDENCE: 0.95
REASON: The protest sign explicitly states ""NO FOR BUSH"" with a heart symbol, indicating strong opposition to a political figure."
mscoco/images/COCO_train2014_000000340292.jpg,Aversion,Engagement,0.85,The people are actively engaged in conversation and playing a game together at the table.,"LABEL: Engagement
CONFIDENCE: 0.85
REASON: The people are actively engaged in conversation and playing a game together at the table."
mscoco/images/COCO_train2014_000000489827.jpg,Aversion,Happiness,0.95,The girl is smiling and appears to be enjoying her pizza.,"LABEL: Happiness
CONFIDENCE: 0.95
REASON: The girl is smiling and appears to be enjoying her pizza."
mscoco/images/COCO_train2014_000000332544.jpg,Aversion,Fatigue,0.9,"The men are sitting with slouched postures and closed eyes, indicating tiredness.","LABEL: Fatigue
CONFIDENCE: 0.9
REASON: The men are sitting with slouched postures and closed eyes, indicating tiredness."
emodb_small/images/etm3bw4d2bbe1eo8pl.jpg,Aversion,Surprise,0.95,"The individuals in the image display wide eyes and open mouths, indicating a strong reaction to an unexpected event.","LABEL: Surprise
CONFIDENCE: 0.95
REASON: The individuals in the image display wide eyes and open mouths, indicating a strong reaction to an unexpected event."
ade20k/images/labelme_wqnscyafmdgxnwn.jpg,Aversion,Peace,0.95,"The scene depicts a calm, sunlit environment with a person walking peacefully on a quiet path near a museum entrance.","LABEL: Peace
CONFIDENCE: 0.95
REASON: The scene depicts a calm, sunlit environment with a person walking peacefully on a quiet path near a museum entrance."
framesdb/images/frame_erwzk3npaleubsqm.jpg,Annoyance,Disconnection,0.75,"The individuals in the airport terminal appear isolated and focused on their own activities, showing little interaction with others around them.","LABEL: Disconnection
CONFIDENCE: 0.75
REASON: The individuals in the airport terminal appear isolated and focused on their own activities, showing little interaction with others around them."
emodb_small/images/h705hnfsvdwf6mh2xw.jpg,Annoyance,Anger,0.95,"The women are physically confronting each other with aggressive expressions and gestures, indicating anger.","LABEL: Anger
CONFIDENCE: 0.95
REASON: The women are physically confronting each other with aggressive expressions and gestures, indicating anger."
mscoco/images/COCO_train2014_000000510594.jpg,Annoyance,Engagement,0.85,"The men are focused and actively engaged in controlling the horse and carriage, indicating a state of engagement.","LABEL: Engagement
CONFIDENCE: 0.85
REASON: The men are focused and actively engaged in controlling the horse and carriage, indicating a state of engagement."
emodb_small/images/fa5r3o08nkixvkvo74.jpg,Annoyance,Fear,0.95,"The person's wide eyes, open mouth, and tense facial expression convey intense fear.","LABEL: Fear
CONFIDENCE: 0.95
REASON: The person's wide eyes, open mouth, and tense facial expression convey intense fear."
mscoco/images/COCO_train2014_000000054173.jpg,Annoyance,Excitement,0.95,The player's dynamic pose and focused expression suggest high energy and anticipation during a tennis match.,"LABEL: Excitement
CONFIDENCE: 0.95
REASON: The player's dynamic pose and focused expression suggest high energy and anticipation during a tennis match."
emodb_small/images/fkl4w4mjuvmk0vhorj.jpg,Annoyance,Anger,0.95,"The man's intense facial expression, open mouth, and pointing gesture convey strong anger or frustration.","LABEL: Anger
CONFIDENCE: 0.95
REASON: The man's intense facial expression, open mouth, and pointing gesture convey strong anger or frustration."
mscoco/images/COCO_train2014_000000179504.jpg,Annoyance,Disconnection,0.95,"The man is on the phone while the woman looks away, suggesting a lack of shared engagement or emotional connection.","LABEL: Disconnection
CONFIDENCE: 0.95
REASON: The man is on the phone while the woman looks away, suggesting a lack of shared engagement or emotional connection."
ade20k/images/sun_atvptssfhfcmrtub.jpg,Annoyance,Disconnection,0.95,"The individuals are physically close but emotionally distant, each absorbed in their own thoughts with minimal interaction.","LABEL: Disconnection
CONFIDENCE: 0.95
REASON: The individuals are physically close but emotionally distant, each absorbed in their own thoughts with minimal interaction."
emodb_small/images/8trv21y6vlghpsvsqw.jpg,Annoyance,Fatigue,0.95,"The man's closed eyes, hand on his forehead, and weary expression suggest exhaustion or fatigue.","LABEL: Fatigue
CONFIDENCE: 0.95
REASON: The man's closed eyes, hand on his forehead, and weary expression suggest exhaustion or fatigue."
framesdb/images/frame_00czuq3vnu5xvmr4.jpg,Annoyance,Engagement,0.95,"The man is actively speaking and gesturing, indicating engagement in a discussion or presentation.","LABEL: Engagement
CONFIDENCE: 0.95
REASON: The man is actively speaking and gesturing, indicating engagement in a discussion or presentation."
framesdb/images/frame_b3kr0jo6wpi3h6q9.jpg,Annoyance,Happiness,0.95,"The girl in the blue shirt is smiling broadly while interacting with the exhibit, indicating happiness.","LABEL: Happiness
CONFIDENCE: 0.95
REASON: The girl in the blue shirt is smiling broadly while interacting with the exhibit, indicating happiness."
framesdb/images/frame_dk3kihbe49vq2jdg.jpg,Annoyance,Surprise,0.95,"The person in the luchador mask appears to be unexpectedly interacting with the car, causing surprise.","LABEL: Surprise
CONFIDENCE: 0.95
REASON: The person in the luchador mask appears to be unexpectedly interacting with the car, causing surprise."
mscoco/images/COCO_train2014_000000211071.jpg,Annoyance,Engagement,0.95,"The individuals are actively participating in a game, showing focus and physical interaction.","LABEL: Engagement
CONFIDENCE: 0.95
REASON: The individuals are actively participating in a game, showing focus and physical interaction."
emodb_small/images/g60siq9z3hzyu7zb3o.jpg,Annoyance,Anger,0.95,"The man's furrowed brow, narrowed eyes, and pointed finger convey a strong expression of anger.","LABEL: Anger
CONFIDENCE: 0.95
REASON: The man's furrowed brow, narrowed eyes, and pointed finger convey a strong expression of anger."
mscoco/images/COCO_train2014_000000394766.jpg,Annoyance,Engagement,0.95,"The man is actively gesturing and focused on the laptop, indicating engagement in a task or conversation.","LABEL: Engagement
CONFIDENCE: 0.95
REASON: The man is actively gesturing and focused on the laptop, indicating engagement in a task or conversation."
framesdb/images/frame_j940nf7k1rdhkejk.jpg,Annoyance,Anticipation,0.95,"The boy is sitting on a dock with snorkeling gear, looking out at the water, suggesting he is eagerly awaiting to swim or explore.","LABEL: Anticipation
CONFIDENCE: 0.95
REASON: The boy is sitting on a dock with snorkeling gear, looking out at the water, suggesting he is eagerly awaiting to swim or explore."
emodb_small/images/gdli6adbasjcw7uvim.jpg,Annoyance,Fear,0.95,"The man covering his ears appears distressed, and the other man's aggressive posture suggests a threatening situation, evoking fear.","LABEL: Fear
CONFIDENCE: 0.95
REASON: The man covering his ears appears distressed, and the other man's aggressive posture suggests a threatening situation, evoking fear."
mscoco/images/COCO_val2014_000000187852.jpg,Annoyance,Engagement,0.95,"The man is actively participating in a public event, holding a phone as if recording or taking a picture, surrounded by media and cameras.","LABEL: Engagement
CONFIDENCE: 0.95
REASON: The man is actively participating in a public event, holding a phone as if recording or taking a picture, surrounded by media and cameras."
mscoco/images/COCO_train2014_000000453686.jpg,Annoyance,Disconnection,0.85,The man sitting with arms crossed appears detached and unengaged from the activity involving the standing person.,"LABEL: Disconnection
CONFIDENCE: 0.85
REASON: The man sitting with arms crossed appears detached and unengaged from the activity involving the standing person."
emodb_small/images/fxsau4v0k656gnk6k0.jpg,Annoyance,Anger,0.95,"The person's facial expression, with clenched teeth and furrowed brow, strongly indicates anger.","LABEL: Anger
CONFIDENCE: 0.95
REASON: The person's facial expression, with clenched teeth and furrowed brow, strongly indicates anger."
framesdb/images/frame_l9h5xrw2hjq6eato.jpg,Annoyance,Disconnection,0.95,"The individuals in the elevator display neutral or detached expressions, with no apparent emotional engagement or connection with one another.","LABEL: Disconnection
CONFIDENCE: 0.95
REASON: The individuals in the elevator display neutral or detached expressions, with no apparent emotional engagement or connection with one another."
mscoco/images/COCO_train2014_000000530745.jpg,Annoyance,Happiness,0.95,"The man is smiling and appears relaxed while sitting on the court, suggesting a positive emotional state.","LABEL: Happiness
CONFIDENCE: 0.95
REASON: The man is smiling and appears relaxed while sitting on the court, suggesting a positive emotional state."
framesdb/images/frame_j0s89681xd0y9c22.jpg,Annoyance,Fatigue,0.95,"The worker is sitting on the ground, appearing exhausted with his head down and hand on his chin, suggesting physical or mental tiredness.","LABEL: Fatigue
CONFIDENCE: 0.95
REASON: The worker is sitting on the ground, appearing exhausted with his head down and hand on his chin, suggesting physical or mental tiredness."
framesdb/images/frame_cdiw8wrcis87vk42.jpg,Annoyance,Excitement,0.95,"The raised signs, bright colors, and energetic posture of the individuals convey a sense of excitement and enthusiasm.","LABEL: Excitement
CONFIDENCE: 0.95
REASON: The raised signs, bright colors, and energetic posture of the individuals convey a sense of excitement and enthusiasm."
mscoco/images/COCO_train2014_000000351890.jpg,Annoyance,Happiness,0.95,"The individuals in the image are smiling and appear to be enjoying a social gathering, indicating happiness.","LABEL: Happiness
CONFIDENCE: 0.95
REASON: The individuals in the image are smiling and appear to be enjoying a social gathering, indicating happiness."
mscoco/images/COCO_train2014_000000039911.jpg,Annoyance,Excitement,0.95,The player's wide smile and dynamic pose suggest enthusiasm and excitement during the game.,"LABEL: Excitement
CONFIDENCE: 0.95
REASON: The player's wide smile and dynamic pose suggest enthusiasm and excitement during the game."
mscoco/images/COCO_train2014_000000250295.jpg,Annoyance,Surprise,0.95,The elephant's sudden movement and the people's reactions suggest surprise.,"LABEL: Surprise
CONFIDENCE: 0.95
REASON: The elephant's sudden movement and the people's reactions suggest surprise."
emodb_small/images/dyw69dfugp42oekh3p.jpg,Annoyance,Pain,0.95,"The man is holding his lower back in discomfort, indicating physical pain.","LABEL: Pain
CONFIDENCE: 0.95
REASON: The man is holding his lower back in discomfort, indicating physical pain."
mscoco/images/COCO_train2014_000000023287.jpg,Annoyance,Engagement,0.95,"The player is actively holding a frisbee and appears focused on the game, indicating engagement in the activity.","LABEL: Engagement
CONFIDENCE: 0.95
REASON: The player is actively holding a frisbee and appears focused on the game, indicating engagement in the activity."
emodb_small/images/gfv420vao1ad716x4t.jpg,Annoyance,Disapproval,0.95,"The man's stern expression, furrowed brow, and crossed arms convey clear disapproval.","LABEL: Disapproval
CONFIDENCE: 0.95
REASON: The man's stern expression, furrowed brow, and crossed arms convey clear disapproval."
mscoco/images/COCO_train2014_000000164142.jpg,Annoyance,Engagement,0.95,"The man is actively presenting food to an audience, suggesting involvement in a performance or event.","LABEL: Engagement
CONFIDENCE: 0.95
REASON: The man is actively presenting food to an audience, suggesting involvement in a performance or event."
emodb_small/images/g7re4c8l05kbqqh5mg.jpg,Annoyance,Anger,0.95,The woman's facial expression and gesturing hand indicate she is angry or frustrated with the man.,"LABEL: Anger
CONFIDENCE: 0.95
REASON: The woman's facial expression and gesturing hand indicate she is angry or frustrated with the man."
emodb_small/images/cq38jnhwg7y15250lx.jpg,Annoyance,Disapproval,0.95,"The person's facial expression, with furrowed brows and a downturned mouth, strongly conveys disapproval.","LABEL: Disapproval
CONFIDENCE: 0.95
REASON: The person's facial expression, with furrowed brows and a downturned mouth, strongly conveys disapproval."
mscoco/images/COCO_train2014_000000510979.jpg,Annoyance,Engagement,0.85,"The children are gathered around a table, actively eating and interacting with each other in a shared activity.","LABEL: Engagement
CONFIDENCE: 0.85
REASON: The children are gathered around a table, actively eating and interacting with each other in a shared activity."
framesdb/images/frame_ej6entpaadewgc9y.jpg,Annoyance,Confidence,0.95,"The man is repeatedly checking his watch, indicating he is waiting for something or someone and feels impatient.","LABEL: Impatience
CONFIDENCE: 0.95
REASON: The man is repeatedly checking his watch, indicating he is waiting for something or someone and feels impatient."
emodb_small/images/fiz5xorzz2wg3f6mjw.jpg,Annoyance,Anger,0.95,"The man's wide-open mouth, intense facial expression, and tense features strongly convey anger.","LABEL: Anger
CONFIDENCE: 0.95
REASON: The man's wide-open mouth, intense facial expression, and tense features strongly convey anger."
mscoco/images/COCO_val2014_000000136285.jpg,Annoyance,Affection,0.65,"The man and child are positioned closely together with the child on the horse, suggesting a bond or affectionate relationship.","LABEL: Affection
CONFIDENCE: 0.65
REASON: The man and child are positioned closely together with the child on the horse, suggesting a bond or affectionate relationship."
emodb_small/images/grdh6brx51v3xinvrb.jpg,Annoyance,Anger,0.95,The man's facial expression and posture convey intense anger.,"LABEL: Anger
CONFIDENCE: 0.95
REASON: The man's facial expression and posture convey intense anger."
framesdb/images/frame_jbtqq5ahai9ylby3.jpg,Anger,Excitement,0.95,"The players are celebrating with raised arms and open mouths, indicating high energy and excitement.","LABEL: Excitement
CONFIDENCE: 0.95
REASON: The players are celebrating with raised arms and open mouths, indicating high energy and excitement."
framesdb/images/frame_jho43ngrz6irqpgk.jpg,Anger,Engagement,0.95,"The individuals are actively interacting and focused on the task at hand, indicating engagement.","LABEL: Engagement
CONFIDENCE: 0.95
REASON: The individuals are actively interacting and focused on the task at hand, indicating engagement."
framesdb/images/frame_lcs8pku339ipaanw.jpg,Anger,Fear,0.95,"The woman is covering her ears and has a distressed expression, indicating fear of the man's loud outburst.","LABEL: Fear
CONFIDENCE: 0.95
REASON: The woman is covering her ears and has a distressed expression, indicating fear of the man's loud outburst."
framesdb/images/frame_img70kzyxcwpcep2.jpg,Anger,Excitement,0.95,"The festive decorations, bright lights, and crowd of people suggest a lively and exciting atmosphere outside the toy store.","LABEL: Excitement
CONFIDENCE: 0.95
REASON: The festive decorations, bright lights, and crowd of people suggest a lively and exciting atmosphere outside the toy store."
framesdb/images/frame_akualqxsncjvgeyg.jpg,Anger,Anger,0.85,"The man in the blue shirt is gesturing aggressively towards another person, indicating anger.","LABEL: Anger
CONFIDENCE: 0.85
REASON: The man in the blue shirt is gesturing aggressively towards another person, indicating anger."
emodb_small/images/gi0gp6m7tkndd6f112.jpg,Anger,Anger,0.95,"The person's wide-open mouth, intense facial expression, and tense posture suggest strong anger or frustration.","LABEL: Anger
CONFIDENCE: 0.95
REASON: The person's wide-open mouth, intense facial expression, and tense posture suggest strong anger or frustration."
framesdb/images/frame_liajpv2rrkm20bo1.jpg,Anger,Disconnection,0.95,"The individuals are physically close but emotionally detached, focused on separate tasks in a sterile, institutional setting.","LABEL: Disconnection
CONFIDENCE: 0.95
REASON: The individuals are physically close but emotionally detached, focused on separate tasks in a sterile, institutional setting."
mscoco/images/COCO_train2014_000000517487.jpg,Anger,Confidence,0.85,"The man's composed posture, formal attire, and serious expression convey self-assurance.","LABEL: Confidence
CONFIDENCE: 0.85
REASON: The man's composed posture, formal attire, and serious expression convey self-assurance."
emodb_small/images/gs2trkwi7hos146z4w.jpg,Anger,Disapproval,0.95,The man's furrowed brow and stern expression convey clear disapproval.,"LABEL: Disapproval
CONFIDENCE: 0.95
REASON: The man's furrowed brow and stern expression convey clear disapproval."
framesdb/images/frame_im5arsnyxuzoyvyh.jpg,Anger,Excitement,0.95,The boxer's triumphant pose and the crowd's reaction indicate a high level of excitement.,"LABEL: Excitement
CONFIDENCE: 0.95
REASON: The boxer's triumphant pose and the crowd's reaction indicate a high level of excitement."
mscoco/images/COCO_val2014_000000579056.jpg,Anger,Excitement,0.95,The person's dynamic pose and the explosive splash of liquid suggest high energy and exhilaration.,"LABEL: Excitement
CONFIDENCE: 0.95
REASON: The person's dynamic pose and the explosive splash of liquid suggest high energy and exhilaration."
emodb_small/images/fw2kgcy7ce4buvo7d3.jpg,Anger,Anger,0.95,"The person is screaming with a tense facial expression and hands gripping their head, indicating intense anger.","LABEL: Anger
CONFIDENCE: 0.95
REASON: The person is screaming with a tense facial expression and hands gripping their head, indicating intense anger."
framesdb/images/frame_dy9lbeqikdu279x7.jpg,Anger,Disconnection,0.85,"The man's intense, focused expression and physical separation from his jacket suggest emotional detachment or a sense of disconnection from his surroundings.","LABEL: Disconnection
CONFIDENCE: 0.85
REASON: The man's intense, focused expression and physical separation from his jacket suggest emotional detachment or a sense of disconnection from his surroundings."
emodb_small/images/ge1jkzh3eo6k6dkb2v.jpg,Anger,Anger,0.95,"The person's facial expression, with furrowed brows, wide eyes, and an open mouth in a scream, strongly indicates anger.","LABEL: Anger
CONFIDENCE: 0.95
REASON: The person's facial expression, with furrowed brows, wide eyes, and an open mouth in a scream, strongly indicates anger."
mscoco/images/COCO_train2014_000000222977.jpg,Anger,Happiness,0.95,"The man in the center is smiling broadly, and the overall atmosphere appears joyful and lighthearted.","LABEL: Happiness
CONFIDENCE: 0.95
REASON: The man in the center is smiling broadly, and the overall atmosphere appears joyful and lighthearted."
emodb_small/images/g7upq9trwmhf1oetgg.jpg,Anger,Anger,0.95,"The person's facial expression, with furrowed brows, narrowed eyes, and bared teeth, strongly conveys anger.","LABEL: Anger
CONFIDENCE: 0.95
REASON: The person's facial expression, with furrowed brows, narrowed eyes, and bared teeth, strongly conveys anger."
mscoco/images/COCO_train2014_000000509931.jpg,Anger,Engagement,0.95,"The man is actively interacting with the elephant, holding its trunk in a trusting and engaged manner.","LABEL: Engagement
CONFIDENCE: 0.95
REASON: The man is actively interacting with the elephant, holding its trunk in a trusting and engaged manner."
emodb_small/images/ftn81xo2oyd3t7wncr.jpg,Anger,Disapproval,0.95,"The girl's crossed arms, furrowed brow, and defiant expression convey clear disapproval.","LABEL: Disapproval
CONFIDENCE: 0.95
REASON: The girl's crossed arms, furrowed brow, and defiant expression convey clear disapproval."
emodb_small/images/gog1i3qqqj2cm5jiuc.jpg,Anger,Excitement,0.95,"The man's raised fist, intense expression, and open mouth suggest a moment of triumph or exhilaration.","LABEL: Excitement
CONFIDENCE: 0.95
REASON: The man's raised fist, intense expression, and open mouth suggest a moment of triumph or exhilaration."
mscoco/images/COCO_val2014_000000542755.jpg,Anger,Excitement,0.95,The player's intense expression and dynamic posture suggest high energy and excitement during the match.,"LABEL: Excitement
CONFIDENCE: 0.95
REASON: The player's intense expression and dynamic posture suggest high energy and excitement during the match."
emodb_small/images/gyxnznvc0hjr3l6tt6.jpg,Anger,Anger,0.95,"The man's facial expression, with clenched teeth and furrowed brow, strongly conveys anger.","LABEL: Anger
CONFIDENCE: 0.95
REASON: The man's facial expression, with clenched teeth and furrowed brow, strongly conveys anger."
framesdb/images/frame_iqljg96xr2wha50c.jpg,Anger,Disquietment,0.85,The scene of widespread垃圾 and desolation evokes a sense of unease and discomfort.,"LABEL: Disquietment
CONFIDENCE: 0.85
REASON: The scene of widespread垃圾 and desolation evokes a sense of unease and discomfort."
emodb_small/images/gooprha47vibt86u4g.jpg,Anger,Anger,0.95,"The person's facial expression, with bared teeth and furrowed brows, clearly indicates anger.","LABEL: Anger
CONFIDENCE: 0.95
REASON: The person's facial expression, with bared teeth and furrowed brows, clearly indicates anger."
mscoco/images/COCO_val2014_000000084447.jpg,Anger,Sadness,0.95,"The person is sitting on the ground next to a motorcycle, appearing dejected or injured, which suggests sadness.","LABEL: Sadness
CONFIDENCE: 0.95
REASON: The person is sitting on the ground next to a motorcycle, appearing dejected or injured, which suggests sadness."
emodb_small/images/g913ioe8wwg2ej06h0.jpg,Anger,Anger,0.95,The man's facial expression and aggressive gesture indicate intense anger.,"LABEL: Anger
CONFIDENCE: 0.95
REASON: The man's facial expression and aggressive gesture indicate intense anger."
emodb_small/images/ga5g0gjbgz2zct7vnb.jpg,Anger,Disconnection,0.95,"The couple is sitting apart with crossed arms and avoiding eye contact, indicating emotional distance.","LABEL: Disconnection
CONFIDENCE: 0.95
REASON: The couple is sitting apart with crossed arms and avoiding eye contact, indicating emotional distance."
framesdb/images/frame_louk50k9uo2p3lq1.jpg,Anger,Anger,0.95,The man's intense facial expression and the physical struggle over the flag suggest strong anger or outrage.,"LABEL: Anger
CONFIDENCE: 0.95
REASON: The man's intense facial expression and the physical struggle over the flag suggest strong anger or outrage."
emodb_small/images/ft7cx0rkhwxj2tycj0.jpg,Anger,Excitement,0.95,"The man's dynamic pose, wide smile, and raised arms convey high energy and enthusiasm.","LABEL: Excitement
CONFIDENCE: 0.95
REASON: The man's dynamic pose, wide smile, and raised arms convey high energy and enthusiasm."
emodb_small/images/ft7cx0rkhwxj2tycj0.jpg,Anger,Excitement,0.95,"The man's dynamic pose, wide smile, and raised arms convey high energy and enthusiasm.","LABEL: Excitement
CONFIDENCE: 0.95
REASON: The man's dynamic pose, wide smile, and raised arms convey high energy and enthusiasm."
framesdb/images/frame_fr35rcsskco53ibw.jpg,Anger,Anger,0.95,The man's intense facial expression and aggressive hand gesture toward the flight attendant suggest anger or frustration.,"LABEL: Anger
CONFIDENCE: 0.95
REASON: The man's intense facial expression and aggressive hand gesture toward the flight attendant suggest anger or frustration."
framesdb/images/frame_ivvwnayhg9ervnpz.jpg,Anger,Engagement,0.85,"People are actively moving and interacting in a public space, indicating engagement with their surroundings.","LABEL: Engagement
CONFIDENCE: 0.85
REASON: People are actively moving and interacting in a public space, indicating engagement with their surroundings."
mscoco/images/COCO_train2014_000000141668.jpg,Anger,Happiness,0.85,"The individuals are smiling and appear relaxed, suggesting a positive emotional state.","LABEL: Happiness
CONFIDENCE: 0.85
REASON: The individuals are smiling and appear relaxed, suggesting a positive emotional state."
framesdb/images/frame_lra8o7zw204q54hf.jpg,Anger,Excitement,0.95,The soldiers' intense expressions and dynamic poses suggest high energy and enthusiasm.,"LABEL: Excitement
CONFIDENCE: 0.95
REASON: The soldiers' intense expressions and dynamic poses suggest high energy and enthusiasm."
mscoco/images/COCO_train2014_000000249086.jpg,Anger,Excitement,0.95,"The children are actively engaged in preparing pizza, showing enthusiasm and focus.","LABEL: Excitement
CONFIDENCE: 0.95
REASON: The children are actively engaged in preparing pizza, showing enthusiasm and focus."
framesdb/images/frame_jrtyqpp6eibyqoa8.jpg,Anger,Fatigue,0.95,"The person sitting on the ground appears exhausted, with their head in their hands, suggesting physical or mental tiredness.","LABEL: Fatigue
CONFIDENCE: 0.95
REASON: The person sitting on the ground appears exhausted, with their head in their hands, suggesting physical or mental tiredness."
framesdb/images/frame_ivfv1x55yo7e35rb.jpg,Anger,Engagement,0.95,"The students are attentively looking at the teacher, indicating active involvement in the lesson.","LABEL: Engagement
CONFIDENCE: 0.95
REASON: The students are attentively looking at the teacher, indicating active involvement in the lesson."
framesdb/images/frame_ivfv1x55yo7e35rb.jpg,Anger,Engagement,0.95,"The students are attentively looking at the teacher, indicating active involvement in the lesson.","LABEL: Engagement
CONFIDENCE: 0.95
REASON: The students are attentively looking at the teacher, indicating active involvement in the lesson."
framesdb/images/frame_ivfv1x55yo7e35rb.jpg,Anger,Engagement,0.95,"The students are attentively looking at the teacher, indicating active engagement in the lesson.","LABEL: Engagement
CONFIDENCE: 0.95
REASON: The students are attentively looking at the teacher, indicating active engagement in the lesson."
emodb_small/images/ebpsbjqzfhd7efh00i.jpg,Sensitivity,Sadness,0.95,"The children are visibly crying and the woman appears distressed, indicating sadness.","LABEL: Sadness
CONFIDENCE: 0.95
REASON: The children are visibly crying and the woman appears distressed, indicating sadness."
mscoco/images/COCO_train2014_000000274108.jpg,Sensitivity,Affection,0.95,"The older child is gently holding the book for the baby, showing care and tenderness.","LABEL: Affection
CONFIDENCE: 0.95
REASON: The older child is gently holding the book for the baby, showing care and tenderness."
mscoco/images/COCO_train2014_000000274642.jpg,Sensitivity,Happiness,0.95,The woman is smiling broadly and appears joyful while watching the child interact with the cake.,"LABEL: Happiness
CONFIDENCE: 0.95
REASON: The woman is smiling broadly and appears joyful while watching the child interact with the cake."
mscoco/images/COCO_train2014_000000233143.jpg,Sensitivity,Surprise,0.85,The child's wide eyes and slightly open mouth suggest a sudden or unexpected reaction to something in the environment.,"LABEL: Surprise
CONFIDENCE: 0.85
REASON: The child's wide eyes and slightly open mouth suggest a sudden or unexpected reaction to something in the environment."
mscoco/images/COCO_train2014_000000417446.jpg,Sensitivity,Peace,0.85,"The serene river view, calm water, and relaxed posture of the woman and child suggest a peaceful moment.","LABEL: Peace
CONFIDENCE: 0.85
REASON: The serene river view, calm water, and relaxed posture of the woman and child suggest a peaceful moment."
mscoco/images/COCO_train2014_000000319388.jpg,Sensitivity,Engagement,0.95,"The child is focused and actively interacting with the skateboard, showing clear interest and involvement in the activity.","LABEL: Engagement
CONFIDENCE: 0.95
REASON: The child is focused and actively interacting with the skateboard, showing clear interest and involvement in the activity."
emodb_small/images/dnz8r16rduh2vxoigq.jpg,Sensitivity,Pain,0.95,"The man is clutching his chest with a pained expression, indicating physical discomfort or pain.","LABEL: Pain
CONFIDENCE: 0.95
REASON: The man is clutching his chest with a pained expression, indicating physical discomfort or pain."
mscoco/images/COCO_train2014_000000379294.jpg,Sensitivity,Affection,0.95,"The man is gently touching the horse's muzzle, indicating a bond of care and affection.","LABEL: Affection
CONFIDENCE: 0.95
REASON: The man is gently touching the horse's muzzle, indicating a bond of care and affection."
mscoco/images/COCO_train2014_000000241945.jpg,Sensitivity,Happiness,0.95,"The baby has a clear smile and bright eyes, indicating happiness.","LABEL: Happiness
CONFIDENCE: 0.95
REASON: The baby has a clear smile and bright eyes, indicating happiness."
framesdb/images/frame_isgnogq2h0n1sop7.jpg,Sensitivity,Disconnection,0.85,"The man on the couch appears isolated and detached from the medical activity happening nearby, suggesting a sense of disconnection.","LABEL: Disconnection
CONFIDENCE: 0.85
REASON: The man on the couch appears isolated and detached from the medical activity happening nearby, suggesting a sense of disconnection."
mscoco/images/COCO_train2014_000000231719.jpg,Sensitivity,Engagement,0.85,"The person is actively standing and interacting with the dog, showing engagement in the moment.","LABEL: Engagement
CONFIDENCE: 0.85
REASON: The person is actively standing and interacting with the dog, showing engagement in the moment."
mscoco/images/COCO_train2014_000000276639.jpg,Sensitivity,Engagement,0.95,"The children are actively participating in the event, focused on handling the lambs with care and attention.","LABEL: Engagement
CONFIDENCE: 0.95
REASON: The children are actively participating in the event, focused on handling the lambs with care and attention."
mscoco/images/COCO_train2014_000000242712.jpg,Sensitivity,Sadness,0.85,"The person is sitting on the ground with their head down, appearing dejected or upset.","LABEL: Sadness
CONFIDENCE: 0.85
REASON: The person is sitting on the ground with their head down, appearing dejected or upset."
mscoco/images/COCO_train2014_000000348680.jpg,Sensitivity,Engagement,0.95,"The individuals are actively interacting and moving towards the ferry, indicating engagement in the process of boarding.","LABEL: Engagement
CONFIDENCE: 0.95
REASON: The individuals are actively interacting and moving towards the ferry, indicating engagement in the process of boarding."
mscoco/images/COCO_train2014_000000260838.jpg,Sensitivity,Affection,0.85,"The man is gently guiding the elephant, showing care and a close bond with the animal.","LABEL: Affection
CONFIDENCE: 0.85
REASON: The man is gently guiding the elephant, showing care and a close bond with the animal."
emodb_small/images/ejg01p8jo4cvofip7t.jpg,Sensitivity,Surprise,0.95,"The person's wide eyes and hand over their mouth indicate a sudden, unexpected reaction.","LABEL: Surprise
CONFIDENCE: 0.95
REASON: The person's wide eyes and hand over their mouth indicate a sudden, unexpected reaction."
mscoco/images/COCO_train2014_000000236295.jpg,Sensitivity,Engagement,0.95,"The woman is focused and actively grooming the sheep, showing clear involvement in the task.","LABEL: Engagement
CONFIDENCE: 0.95
REASON: The woman is focused and actively grooming the sheep, showing clear involvement in the task."
mscoco/images/COCO_train2014_000000250978.jpg,Sensitivity,Affection,0.95,"The child is hugging a teddy bear closely, showing warmth and attachment.","LABEL: Affection
CONFIDENCE: 0.95
REASON: The child is hugging a teddy bear closely, showing warmth and attachment."
mscoco/images/COCO_train2014_000000222206.jpg,Sensitivity,Fear,0.85,The child's tense posture and wide eyes suggest apprehension or fear.,"LABEL: Fear
CONFIDENCE: 0.85
REASON: The child's tense posture and wide eyes suggest apprehension or fear."
mscoco/images/COCO_train2014_000000321206.jpg,Sensitivity,Excitement,0.95,The woman's wide smile and upward gaze suggest she is thrilled by the close encounter with the giraffe.,"LABEL: Excitement
CONFIDENCE: 0.95
REASON: The woman's wide smile and upward gaze suggest she is thrilled by the close encounter with the giraffe."
mscoco/images/COCO_train2014_000000399556.jpg,Sensitivity,Affection,0.95,"The man is holding the child closely, suggesting a warm and caring relationship.","LABEL: Affection
CONFIDENCE: 0.95
REASON: The man is holding the child closely, suggesting a warm and caring relationship."
mscoco/images/COCO_train2014_000000270202.jpg,Sensitivity,Happiness,0.95,The child is smiling and appears joyful while celebrating with cake and a party hat.,"LABEL: Happiness
CONFIDENCE: 0.95
REASON: The child is smiling and appears joyful while celebrating with cake and a party hat."
emodb_small/images/es1szlkoa1bc6u318b.jpg,Sensitivity,Sadness,0.95,"The person is visibly crying with a sorrowful expression, indicating deep sadness.","LABEL: Sadness
CONFIDENCE: 0.95
REASON: The person is visibly crying with a sorrowful expression, indicating deep sadness."
emodb_small/images/c97lzdd2nbl8ttcsvb.jpg,Sensitivity,Sadness,0.95,"The woman's downturned expression, hand on her forehead, and overall posture convey deep sadness.","LABEL: Sadness
CONFIDENCE: 0.95
REASON: The woman's downturned expression, hand on her forehead, and overall posture convey deep sadness."
mscoco/images/COCO_train2014_000000367792.jpg,Sensitivity,Happiness,0.95,"The woman is smiling warmly, and the festive atmosphere with a birthday cake and gifts suggests a joyful occasion.","LABEL: Happiness
CONFIDENCE: 0.95
REASON: The woman is smiling warmly, and the festive atmosphere with a birthday cake and gifts suggests a joyful occasion."
emodb_small/images/dh2n32n6sa7z4dxzgb.jpg,Sensitivity,Suffering,0.95,"The player is lying on the ground in apparent pain while another person attends to her, indicating physical suffering.","LABEL: Suffering
CONFIDENCE: 0.95
REASON: The player is lying on the ground in apparent pain while another person attends to her, indicating physical suffering."
mscoco/images/COCO_train2014_000000376907.jpg,Sensitivity,Engagement,0.95,"The person is actively feeding the cows, showing focused attention and interaction with the animals.","LABEL: Engagement
CONFIDENCE: 0.95
REASON: The person is actively feeding the cows, showing focused attention and interaction with the animals."
mscoco/images/COCO_train2014_000000385283.jpg,Sensitivity,Affection,0.95,"The adult is gently helping the child brush their teeth, showing care and tenderness.","LABEL: Affection
CONFIDENCE: 0.95
REASON: The adult is gently helping the child brush their teeth, showing care and tenderness."
mscoco/images/COCO_train2014_000000415492.jpg,Sensitivity,Engagement,0.95,"The man is focused and actively working on the horse, showing a clear connection and involvement in the task.","LABEL: Engagement
CONFIDENCE: 0.95
REASON: The man is focused and actively working on the horse, showing a clear connection and involvement in the task."
emodb_small/images/8ze4iuoys263mhil2v.jpg,Sensitivity,Fatigue,0.95,"The person is sitting on the ground with their head in their hands, eyes closed, and a posture suggesting exhaustion.","LABEL: Fatigue
CONFIDENCE: 0.95
REASON: The person is sitting on the ground with their head in their hands, eyes closed, and a posture suggesting exhaustion."
mscoco/images/COCO_train2014_000000286306.jpg,Sensitivity,Affection,0.95,"The woman is leaning toward the man with her arm around his shoulder, indicating a close and affectionate relationship.","LABEL: Affection
CONFIDENCE: 0.95
REASON: The woman is leaning toward the man with her arm around his shoulder, indicating a close and affectionate relationship."
mscoco/images/COCO_train2014_000000234467.jpg,Sensitivity,Affection,0.95,"The woman is smiling gently while looking at the dog resting in the car, showing warmth and care.","LABEL: Affection
CONFIDENCE: 0.95
REASON: The woman is smiling gently while looking at the dog resting in the car, showing warmth and care."
mscoco/images/COCO_train2014_000000381856.jpg,Sensitivity,Happiness,0.95,"The elderly woman is smiling broadly while looking at her birthday cake, indicating joy and happiness.","LABEL: Happiness
CONFIDENCE: 0.95
REASON: The elderly woman is smiling broadly while looking at her birthday cake, indicating joy and happiness."
mscoco/images/COCO_train2014_000000391678.jpg,Sensitivity,Happiness,0.95,The children are smiling and appear to be enjoying brushing their teeth together.,"LABEL: Happiness
CONFIDENCE: 0.95
REASON: The children are smiling and appear to be enjoying brushing their teeth together."
framesdb/images/frame_j0xzsnmfh9k2uxkr.jpg,Sensitivity,Engagement,0.95,"The individuals in the image are actively participating in a religious ceremony, showing focus and involvement in the event.","LABEL: Engagement
CONFIDENCE: 0.95
REASON: The individuals in the image are actively participating in a religious ceremony, showing focus and involvement in the event."
mscoco/images/COCO_train2014_000000342965.jpg,Sensitivity,Confidence,0.95,"The child is closely examining the toilet, showing interest in its function.","LABEL: Curiosity
CONFIDENCE: 0.95
REASON: The child is closely examining the toilet, showing interest in its function."
mscoco/images/COCO_train2014_000000340633.jpg,Sensitivity,Engagement,0.95,"People are actively sitting together at tables, interacting and eating in a communal setting.","LABEL: Engagement
CONFIDENCE: 0.95
REASON: People are actively sitting together at tables, interacting and eating in a communal setting."
mscoco/images/COCO_train2014_000000381967.jpg,Sensitivity,Excitement,0.95,The child's wide eyes and engaged posture suggest curiosity and excitement while exploring the suitcase.,"LABEL: Excitement
CONFIDENCE: 0.95
REASON: The child's wide eyes and engaged posture suggest curiosity and excitement while exploring the suitcase."
emodb_small/images/ebpsbjqzfhd7efh00i.jpg,Sadness,Sadness,0.95,"The children are visibly crying and the woman appears distressed, indicating sadness.","LABEL: Sadness
CONFIDENCE: 0.95
REASON: The children are visibly crying and the woman appears distressed, indicating sadness."
mscoco/images/COCO_train2014_000000360271.jpg,Sadness,Engagement,0.95,"The individuals are gathered around a table, focused on the meal and each other, indicating active participation in a shared activity.","LABEL: Engagement
CONFIDENCE: 0.95
REASON: The individuals are gathered around a table, focused on the meal and each other, indicating active participation in a shared activity."
framesdb/images/frame_i257k79i9orxw84k.jpg,Sadness,Fear,0.95,"The chaotic scene with debris, disarray, and passengers in distress suggests a high level of fear due to an emergency situation.","LABEL: Fear
CONFIDENCE: 0.95
REASON: The chaotic scene with debris, disarray, and passengers in distress suggests a high level of fear due to an emergency situation."
framesdb/images/frame_i257k79i9orxw84k.jpg,Sadness,Fear,0.95,"The chaotic scene with debris, disarray, and passengers in distress suggests a high level of fear.","LABEL: Fear
CONFIDENCE: 0.95
REASON: The chaotic scene with debris, disarray, and passengers in distress suggests a high level of fear."
emodb_small/images/fdx9496bahencoj0s8.jpg,Sadness,Fear,0.95,"The person's wide eyes, tense expression, and defensive posture suggest fear or apprehension.","LABEL: Fear
CONFIDENCE: 0.95
REASON: The person's wide eyes, tense expression, and defensive posture suggest fear or apprehension."
framesdb/images/frame_im9sv2qvbq8n1qob.jpg,Sadness,Disconnection,0.95,"The two women are physically close but engaged in separate activities with no interaction, suggesting emotional or social disconnection.","LABEL: Disconnection
CONFIDENCE: 0.95
REASON: The two women are physically close but engaged in separate activities with no interaction, suggesting emotional or social disconnection."
mscoco/images/COCO_train2014_000000086934.jpg,Sadness,Sadness,0.95,"The woman is crouched on the ground with her head down, appearing distressed and isolated.","LABEL: Sadness
CONFIDENCE: 0.95
REASON: The woman is crouched on the ground with her head down, appearing distressed and isolated."
emodb_small/images/eh6fo5xazcnas1fxvw.jpg,Sadness,Sadness,0.95,"The individuals are visibly crying with closed eyes and distressed expressions, indicating deep sadness.","LABEL: Sadness
CONFIDENCE: 0.95
REASON: The individuals are visibly crying with closed eyes and distressed expressions, indicating deep sadness."
mscoco/images/COCO_train2014_000000246318.jpg,Sadness,Fatigue,0.9,"The person is sitting on the snow with a tired posture, suggesting exhaustion from snowboarding.","LABEL: Fatigue
CONFIDENCE: 0.9
REASON: The person is sitting on the snow with a tired posture, suggesting exhaustion from snowboarding."
mscoco/images/COCO_val2014_000000062068.jpg,Sadness,Surprise,0.85,"The exaggerated, almost surreal proportions of the figures and their formal attire in an urban setting evoke a sense of unexpectedness.","LABEL: Surprise
CONFIDENCE: 0.85
REASON: The exaggerated, almost surreal proportions of the figures and their formal attire in an urban setting evoke a sense of unexpectedness."
emodb_small/images/ciab2zf1pb72gnx8fe.jpg,Sadness,Doubt/Confusion,0.75,The man's furrowed brow and contemplative pose suggest he is uncertain or pondering a difficult decision.,"LABEL: Doubt/Confusion
CONFIDENCE: 0.75
REASON: The man's furrowed brow and contemplative pose suggest he is uncertain or pondering a difficult decision."
emodb_small/images/e9b5cftu9bwcw29nnh.jpg,Sadness,Sadness,0.95,"The woman being supported appears to be crying and in emotional distress, indicating sadness.","LABEL: Sadness
CONFIDENCE: 0.95
REASON: The woman being supported appears to be crying and in emotional distress, indicating sadness."
emodb_small/images/9yd3n97r8lj2incfap.jpg,Sadness,Sadness,0.95,"The person is hunched over with their head down, a posture commonly associated with sadness or grief.","LABEL: Sadness
CONFIDENCE: 0.95
REASON: The person is hunched over with their head down, a posture commonly associated with sadness or grief."
mscoco/images/COCO_train2014_000000130816.jpg,Sadness,Excitement,0.95,"The players are on the field in a stadium filled with fans, suggesting anticipation and excitement for the game.","LABEL: Excitement
CONFIDENCE: 0.95
REASON: The players are on the field in a stadium filled with fans, suggesting anticipation and excitement for the game."
emodb_small/images/9bxt4vwyaytxtt5bgk.jpg,Sadness,Embarrassment,0.95,"The girl is covering her face with her hand, a common gesture of embarrassment, while others laugh nearby.","LABEL: Embarrassment
CONFIDENCE: 0.95
REASON: The girl is covering her face with her hand, a common gesture of embarrassment, while others laugh nearby."
framesdb/images/frame_408eff12kggcdmhx.jpg,Sadness,Sadness,0.95,"The solemn procession, the flag-draped casket, and the somber expressions of the officers and mourners convey deep sadness.","LABEL: Sadness
CONFIDENCE: 0.95
REASON: The solemn procession, the flag-draped casket, and the somber expressions of the officers and mourners convey deep sadness."
emodb_small/images/eys7tccuzr3mzxxrmx.jpg,Sadness,Sadness,0.95,"The woman is crying and covering her face, holding a yellow rose, indicating grief or sadness.","LABEL: Sadness
CONFIDENCE: 0.95
REASON: The woman is crying and covering her face, holding a yellow rose, indicating grief or sadness."
framesdb/images/frame_8y6k5miqg5zyyb17.jpg,Sadness,Affection,0.95,"The woman is gently holding the man's hand, showing care and tenderness.","LABEL: Affection
CONFIDENCE: 0.95
REASON: The woman is gently holding the man's hand, showing care and tenderness."
framesdb/images/frame_gxvu6rgtprnbptcd.jpg,Sadness,Sadness,0.95,The somber expressions of the mourners and the context of a funeral with a child's coffin indicate deep sadness.,"LABEL: Sadness
CONFIDENCE: 0.95
REASON: The somber expressions of the mourners and the context of a funeral with a child's coffin indicate deep sadness."
framesdb/images/frame_gxvu6rgtprnbptcd.jpg,Sadness,Sadness,0.95,The somber expressions of the mourners and the context of a funeral suggest deep sadness.,"LABEL: Sadness
CONFIDENCE: 0.95
REASON: The somber expressions of the mourners and the context of a funeral suggest deep sadness."
framesdb/images/frame_82lhqgaakcbkookb.jpg,Sadness,Engagement,0.95,"The woman is actively engaged in preparing food and looking directly at the camera, indicating involvement and focus.","LABEL: Engagement
CONFIDENCE: 0.95
REASON: The woman is actively engaged in preparing food and looking directly at the camera, indicating involvement and focus."
framesdb/images/frame_hj0k5ry8gg38vm8y.jpg,Sadness,Happiness,0.95,The audience is smiling and appears engaged and joyful during the event.,"LABEL: Happiness
CONFIDENCE: 0.95
REASON: The audience is smiling and appears engaged and joyful during the event."
framesdb/images/frame_f8avxp8wf4ouhf32.jpg,Sadness,Suffering,0.95,"The woman is walking through a vast garbage dump, carrying a sack, in a harsh environment that suggests poverty and hardship.","LABEL: Suffering
CONFIDENCE: 0.95
REASON: The woman is walking through a vast garbage dump, carrying a sack, in a harsh environment that suggests poverty and hardship."
framesdb/images/frame_66ob1dorv8d4sqdm.jpg,Sadness,Engagement,0.95,"The man is focused on the bowling lane, preparing to bowl, indicating active engagement in the game.","LABEL: Engagement
CONFIDENCE: 0.95
REASON: The man is focused on the bowling lane, preparing to bowl, indicating active engagement in the game."
emodb_small/images/a2x107ip2c875c7l3v.jpg,Sadness,Sympathy,0.95,"The man in the suit is placing a comforting hand on the distressed man's shoulder, showing concern and empathy.","LABEL: Sympathy
CONFIDENCE: 0.95
REASON: The man in the suit is placing a comforting hand on the distressed man's shoulder, showing concern and empathy."
emodb_small/images/f1k0purilsyt1kz7c1.jpg,Sadness,Sadness,0.95,"The woman is visibly crying with a distressed expression, indicating deep sadness.","LABEL: Sadness
CONFIDENCE: 0.95
REASON: The woman is visibly crying with a distressed expression, indicating deep sadness."
emodb_small/images/30nuw6i66lmickmbly.jpg,Sadness,Affection,0.95,The embrace and gentle kiss on the forehead convey deep care and emotional closeness.,"LABEL: Affection
CONFIDENCE: 0.95
REASON: The embrace and gentle kiss on the forehead convey deep care and emotional closeness."
framesdb/images/frame_j0s89681xd0y9c22.jpg,Sadness,Fatigue,0.95,"The worker is sitting on the ground, appearing exhausted with his head down and hand on his chin, suggesting tiredness.","LABEL: Fatigue
CONFIDENCE: 0.95
REASON: The worker is sitting on the ground, appearing exhausted with his head down and hand on his chin, suggesting tiredness."
emodb_small/images/ekhtdcez1lztslt6z1.jpg,Sadness,Sadness,0.95,"The person's downturned mouth, teary eyes, and somber expression convey deep sadness.","LABEL: Sadness
CONFIDENCE: 0.95
REASON: The person's downturned mouth, teary eyes, and somber expression convey deep sadness."
emodb_small/images/1ggg1cxv951z7z3yjo.jpg,Sadness,Affection,0.95,"The man is hugging the woman closely with a gentle expression, indicating warmth and care.","LABEL: Affection
CONFIDENCE: 0.95
REASON: The man is hugging the woman closely with a gentle expression, indicating warmth and care."
emodb_small/images/1ggg1cxv951z7z3yjo.jpg,Sadness,Affection,0.95,"The man is hugging the woman closely with a gentle expression, indicating warmth and care.","LABEL: Affection
CONFIDENCE: 0.95
REASON: The man is hugging the woman closely with a gentle expression, indicating warmth and care."
framesdb/images/frame_l64wl8vyo60wkowq.jpg,Sadness,Suffering,0.95,"The individuals are cramped in a confined space, lying on foil blankets, indicating harsh and uncomfortable conditions.","LABEL: Suffering
CONFIDENCE: 0.95
REASON: The individuals are cramped in a confined space, lying on foil blankets, indicating harsh and uncomfortable conditions."
framesdb/images/frame_guioy8i4w963fztm.jpg,Sadness,Fatigue,0.95,"The individuals appear exhausted, with strained expressions and heavy burdens, suggesting physical and emotional tiredness from travel or overcrowding.","LABEL: Fatigue
CONFIDENCE: 0.95
REASON: The individuals appear exhausted, with strained expressions and heavy burdens, suggesting physical and emotional tiredness from travel or overcrowding."
emodb_small/images/ew7m8bfr7dwtrcztca.jpg,Sadness,Suffering,0.95,"The person is crying with a pained expression, indicating emotional suffering.","LABEL: Suffering
CONFIDENCE: 0.95
REASON: The person is crying with a pained expression, indicating emotional suffering."
framesdb/images/frame_2qqy8icj4xthx9zm.jpg,Sadness,Sadness,0.85,"The somber atmosphere, the patient on a stretcher, and the weary expressions of those waiting suggest a scene of distress and sorrow.","LABEL: Sadness
CONFIDENCE: 0.85
REASON: The somber atmosphere, the patient on a stretcher, and the weary expressions of those waiting suggest a scene of distress and sorrow."
mscoco/images/COCO_val2014_000000126583.jpg,Sadness,Confidence,0.95,"The player is concentrating intently on adjusting his racket, indicating a state of mental focus.","LABEL: Focus
CONFIDENCE: 0.95
REASON: The player is concentrating intently on adjusting his racket, indicating a state of mental focus."
emodb_small/images/cz6xpybqfvn7pmad1a.jpg,Sadness,Disquietment,0.95,The woman's furrowed brow and hand over her mouth suggest unease or anxiety.,"LABEL: Disquietment
CONFIDENCE: 0.95
REASON: The woman's furrowed brow and hand over her mouth suggest unease or anxiety."
emodb_small/images/9vpkzp9mlx7d9ws9g8.jpg,Sadness,Sympathy,0.95,"The person is comforting another who appears distressed, indicating empathy and support.","LABEL: Sympathy
CONFIDENCE: 0.95
REASON: The person is comforting another who appears distressed, indicating empathy and support."
mscoco/images/COCO_train2014_000000497759.jpg,Disquietment,Engagement,0.95,"The man is focused and actively interacting with the appliance, showing clear engagement.","LABEL: Engagement
CONFIDENCE: 0.95
REASON: The man is focused and actively interacting with the appliance, showing clear engagement."
framesdb/images/frame_3jwi6nrvfphi4lp6.jpg,Disquietment,Happiness,0.85,People are smiling and enjoying a sunny day at the boardwalk.,"LABEL: Happiness
CONFIDENCE: 0.85
REASON: People are smiling and enjoying a sunny day at the boardwalk."
mscoco/images/COCO_train2014_000000508449.jpg,Disquietment,Happiness,0.95,"Both individuals are smiling broadly while holding a celebratory cake, indicating joy and happiness.","LABEL: Happiness
CONFIDENCE: 0.95
REASON: Both individuals are smiling broadly while holding a celebratory cake, indicating joy and happiness."
emodb_small/images/4jdr4joweoi5dedxky.jpg,Disquietment,Engagement,0.95,"Both individuals are intently focused on each other, suggesting active involvement in a serious conversation.","LABEL: Engagement
CONFIDENCE: 0.95
REASON: Both individuals are intently focused on each other, suggesting active involvement in a serious conversation."
mscoco/images/COCO_train2014_000000056126.jpg,Disquietment,Engagement,0.95,"Participants are actively involved in handling and presenting the sheep, showing focus and cooperation.","LABEL: Engagement
CONFIDENCE: 0.95
REASON: Participants are actively involved in handling and presenting the sheep, showing focus and cooperation."
mscoco/images/COCO_train2014_000000021750.jpg,Disquietment,Happiness,0.95,"The girl is smiling while eating a donut, indicating enjoyment.","LABEL: Happiness
CONFIDENCE: 0.95
REASON: The girl is smiling while eating a donut, indicating enjoyment."
mscoco/images/COCO_train2014_000000038722.jpg,Disquietment,Engagement,0.85,"The person is actively carrying items and looking around the room, suggesting involvement in an activity or exploration.","LABEL: Engagement
CONFIDENCE: 0.85
REASON: The person is actively carrying items and looking around the room, suggesting involvement in an activity or exploration."
framesdb/images/frame_5zj0q9gpt75rrjhy.jpg,Disquietment,Engagement,0.85,"The person is actively engaged in the sushi conveyor belt experience, observing and preparing to select food.","LABEL: Engagement
CONFIDENCE: 0.85
REASON: The person is actively engaged in the sushi conveyor belt experience, observing and preparing to select food."
emodb_small/images/gdli6adbasjcw7uvim.jpg,Disquietment,Fear,0.95,"The man covering his ears appears distressed, and the other man's aggressive posture suggests a threatening situation causing fear.","LABEL: Fear
CONFIDENCE: 0.95
REASON: The man covering his ears appears distressed, and the other man's aggressive posture suggests a threatening situation causing fear."
mscoco/images/COCO_train2014_000000031188.jpg,Disquietment,Happiness,0.85,"The group is gathered around a table, sharing a meal with smiles and relaxed body language, indicating a joyful social gathering.","LABEL: Happiness
CONFIDENCE: 0.85
REASON: The group is gathered around a table, sharing a meal with smiles and relaxed body language, indicating a joyful social gathering."
mscoco/images/COCO_train2014_000000030431.jpg,Disquietment,Happiness,0.95,"The individuals in the image are smiling and appear to be enjoying a communal activity, indicating happiness.","LABEL: Happiness
CONFIDENCE: 0.95
REASON: The individuals in the image are smiling and appear to be enjoying a communal activity, indicating happiness."
mscoco/images/COCO_train2014_000000052751.jpg,Disquietment,Excitement,0.95,"The players are high-fiving and celebrating, indicating excitement after a successful play.","LABEL: Excitement
CONFIDENCE: 0.95
REASON: The players are high-fiving and celebrating, indicating excitement after a successful play."
mscoco/images/COCO_train2014_000000475103.jpg,Disquietment,Excitement,0.95,The dynamic motion blur and the player's focused posture suggest high energy and anticipation in a baseball game.,"LABEL: Excitement
CONFIDENCE: 0.95
REASON: The dynamic motion blur and the player's focused posture suggest high energy and anticipation in a baseball game."
mscoco/images/COCO_train2014_000000491140.jpg,Disquietment,Peace,0.85,"The person appears relaxed and calm, sitting comfortably on a bench with a neutral expression.","LABEL: Peace
CONFIDENCE: 0.85
REASON: The person appears relaxed and calm, sitting comfortably on a bench with a neutral expression."
mscoco/images/COCO_train2014_000000485002.jpg,Disquietment,Happiness,0.95,The individuals are smiling and appear to be enjoying a pleasant outdoor meal together.,"LABEL: Happiness
CONFIDENCE: 0.95
REASON: The individuals are smiling and appear to be enjoying a pleasant outdoor meal together."
mscoco/images/COCO_train2014_000000042050.jpg,Disquietment,Happiness,0.95,"The person is smiling broadly while standing on skis in a snowy landscape, indicating clear happiness.","LABEL: Happiness
CONFIDENCE: 0.95
REASON: The person is smiling broadly while standing on skis in a snowy landscape, indicating clear happiness."
mscoco/images/COCO_train2014_000000484385.jpg,Disquietment,Excitement,0.95,"The players are actively engaged in a high-stakes moment near the goal, with intense focus and dynamic movement suggesting excitement.","LABEL: Excitement
CONFIDENCE: 0.95
REASON: The players are actively engaged in a high-stakes moment near the goal, with intense focus and dynamic movement suggesting excitement."
mscoco/images/COCO_train2014_000000040298.jpg,Disquietment,Engagement,0.95,"The man is focused and actively engaged in playing tennis, holding his racket ready to hit the ball.","LABEL: Engagement
CONFIDENCE: 0.95
REASON: The man is focused and actively engaged in playing tennis, holding his racket ready to hit the ball."
mscoco/images/COCO_train2014_000000015546.jpg,Disquietment,Excitement,0.95,The player's focused expression and dynamic movement suggest high energy and enthusiasm for the game.,"LABEL: Excitement
CONFIDENCE: 0.95
REASON: The player's focused expression and dynamic movement suggest high energy and enthusiasm for the game."
mscoco/images/COCO_train2014_000000506710.jpg,Disquietment,Excitement,0.95,The skateboarder's dynamic pose and focused expression convey a sense of thrill and exhilaration.,"LABEL: Excitement
CONFIDENCE: 0.95
REASON: The skateboarder's dynamic pose and focused expression convey a sense of thrill and exhilaration."
mscoco/images/COCO_train2014_000000505611.jpg,Disquietment,Engagement,0.95,The bustling market scene with people actively interacting and engaging in food preparation and consumption indicates a high level of engagement.,"LABEL: Engagement
CONFIDENCE: 0.95
REASON: The bustling market scene with people actively interacting and engaging in food preparation and consumption indicates a high level of engagement."
mscoco/images/COCO_train2014_000000496116.jpg,Disquietment,Happiness,0.95,"The man is smiling broadly while holding a large bunch of bananas, indicating joy and pride.","LABEL: Happiness
CONFIDENCE: 0.95
REASON: The man is smiling broadly while holding a large bunch of bananas, indicating joy and pride."
mscoco/images/COCO_train2014_000000015957.jpg,Disquietment,Engagement,0.95,"The police officer and dog are actively patrolling the area, indicating engagement in their duties.","LABEL: Engagement
CONFIDENCE: 0.95
REASON: The police officer and dog are actively patrolling the area, indicating engagement in their duties."
mscoco/images/COCO_train2014_000000495489.jpg,Disquietment,Engagement,0.95,"The chefs are focused and actively working in the kitchen, indicating engagement in their tasks.","LABEL: Engagement
CONFIDENCE: 0.95
REASON: The chefs are focused and actively working in the kitchen, indicating engagement in their tasks."
mscoco/images/COCO_train2014_000000493742.jpg,Disquietment,Excitement,0.95,The skateboarder's dynamic pose and the high-energy action suggest a thrilling moment of excitement.,"LABEL: Excitement
CONFIDENCE: 0.95
REASON: The skateboarder's dynamic pose and the high-energy action suggest a thrilling moment of excitement."
mscoco/images/COCO_train2014_000000137681.jpg,Disquietment,Disconnection,0.75,"The individuals in the image appear physically close but emotionally distant, with no interaction or engagement observed between them.","LABEL: Disconnection
CONFIDENCE: 0.75
REASON: The individuals in the image appear physically close but emotionally distant, with no interaction or engagement observed between them."
mscoco/images/COCO_train2014_000000008872.jpg,Disquietment,Engagement,0.95,"The tennis player is focused and actively engaged in the game, holding his racket and preparing for the next move.","LABEL: Engagement
CONFIDENCE: 0.95
REASON: The tennis player is focused and actively engaged in the game, holding his racket and preparing for the next move."
mscoco/images/COCO_train2014_000000026699.jpg,Disquietment,Disconnection,0.85,"The player stands apart from the umpire with a neutral expression, suggesting emotional or social distance.","LABEL: Disconnection
CONFIDENCE: 0.85
REASON: The player stands apart from the umpire with a neutral expression, suggesting emotional or social distance."
mscoco/images/COCO_train2014_000000503557.jpg,Disquietment,Engagement,0.95,"The man is actively playing a video game, focused and engaged with the controller and screen.","LABEL: Engagement
CONFIDENCE: 0.95
REASON: The man is actively playing a video game, focused and engaged with the controller and screen."
mscoco/images/COCO_train2014_000000040449.jpg,Disquietment,Engagement,0.95,"The man is actively taking a photo of himself in the mirror, showing focus and involvement with the activity.","LABEL: Engagement
CONFIDENCE: 0.95
REASON: The man is actively taking a photo of himself in the mirror, showing focus and involvement with the activity."
emodb_small/images/er4y04sxe8urhb02w1.jpg,Disquietment,Sadness,0.95,"The woman and children are visibly crying and appear grief-stricken, indicating deep sadness.","LABEL: Sadness
CONFIDENCE: 0.95
REASON: The woman and children are visibly crying and appear grief-stricken, indicating deep sadness."
mscoco/images/COCO_train2014_000000200416.jpg,Disquietment,Excitement,0.95,The skateboarder's dynamic pose and the crowd's focused attention suggest an exciting moment at the skate park.,"LABEL: Excitement
CONFIDENCE: 0.95
REASON: The skateboarder's dynamic pose and the crowd's focused attention suggest an exciting moment at the skate park."
mscoco/images/COCO_train2014_000000073864.jpg,Disquietment,Affection,0.95,"The woman is gently drying the child's hair with a warm smile, showing care and tenderness.","LABEL: Affection
CONFIDENCE: 0.95
REASON: The woman is gently drying the child's hair with a warm smile, showing care and tenderness."
mscoco/images/COCO_train2014_000000563364.jpg,Disquietment,Happiness,0.85,The group of people are smiling and appear to be enjoying a social gathering with food.,"LABEL: Happiness
CONFIDENCE: 0.85
REASON: The group of people are smiling and appear to be enjoying a social gathering with food."
framesdb/images/frame_l13azlwi9v5yz5vg.jpg,Disquietment,Happiness,0.95,"The image shows people joyfully splashing and playing in the water at a beach, indicating happiness.","LABEL: Happiness
CONFIDENCE: 0.95
REASON: The image shows people joyfully splashing and playing in the water at a beach, indicating happiness."
mscoco/images/COCO_train2014_000000263212.jpg,Disquietment,Engagement,0.95,"The woman is actively taking a photo with her phone, indicating involvement in the event.","LABEL: Engagement
CONFIDENCE: 0.95
REASON: The woman is actively taking a photo with her phone, indicating involvement in the event."
mscoco/images/COCO_train2014_000000488897.jpg,Disquietment,Happiness,0.95,"The individuals are smiling and engaged in animated conversation, indicating a joyful atmosphere.","LABEL: Happiness
CONFIDENCE: 0.95
REASON: The individuals are smiling and engaged in animated conversation, indicating a joyful atmosphere."
mscoco/images/COCO_train2014_000000012424.jpg,Disquietment,Excitement,0.95,The player's dynamic posture and focused expression suggest high energy and anticipation during a baseball swing.,"LABEL: Excitement
CONFIDENCE: 0.95
REASON: The player's dynamic posture and focused expression suggest high energy and anticipation during a baseball swing."
emodb_small/images/8np055tw5fr7i1ycxl.jpg,Fear,Fatigue,0.95,"The man is sitting with his eyes closed and arms crossed, appearing tired, which aligns with the sign stating the bench is for ""tired husbands.""","LABEL: Fatigue
CONFIDENCE: 0.95
REASON: The man is sitting with his eyes closed and arms crossed, appearing tired, which aligns with the sign stating the bench is for ""tired husbands."""
framesdb/images/frame_6h8pczdocglgh0jl.jpg,Fear,Suffering,0.95,"The image depicts people, including children, scavenging through a large pile of garbage under harsh conditions, indicating significant hardship and suffering.","LABEL: Suffering
CONFIDENCE: 0.95
REASON: The image depicts people, including children, scavenging through a large pile of garbage under harsh conditions, indicating significant hardship and suffering."
mscoco/images/COCO_train2014_000000387270.jpg,Fear,Excitement,0.95,The surfer's dynamic posture and the challenging wave suggest exhilaration and thrill.,"LABEL: Excitement
CONFIDENCE: 0.95
REASON: The surfer's dynamic posture and the challenging wave suggest exhilaration and thrill."
framesdb/images/frame_dzyq9ukbsjiicxhe.jpg,Fear,Happiness,0.95,"The person is smiling and striking a playful pose on the stairs, indicating joy.","LABEL: Happiness
CONFIDENCE: 0.95
REASON: The person is smiling and striking a playful pose on the stairs, indicating joy."
emodb_small/images/fdp6ejoy2z5ckxu7uf.jpg,Fear,Fear,0.95,"The man's wide eyes, tense facial expression, and hands covering his mouth suggest intense fear or anxiety.","LABEL: Fear
CONFIDENCE: 0.95
REASON: The man's wide eyes, tense facial expression, and hands covering his mouth suggest intense fear or anxiety."
framesdb/images/frame_7a68ral9kucogafl.jpg,Fear,Engagement,0.95,"The individuals are actively engaged in examining and discussing the ancient wall paintings, showing focused attention and interaction.","LABEL: Engagement
CONFIDENCE: 0.95
REASON: The individuals are actively engaged in examining and discussing the ancient wall paintings, showing focused attention and interaction."
mscoco/images/COCO_val2014_000000094926.jpg,Fear,Surprise,0.85,The child's posture and the unexpected sight of a polar bear in an enclosure evoke a sense of surprise.,"LABEL: Surprise
CONFIDENCE: 0.85
REASON: The child's posture and the unexpected sight of a polar bear in an enclosure evoke a sense of surprise."
mscoco/images/COCO_train2014_000000513077.jpg,Fear,Excitement,0.95,The man's dynamic pose and focused expression suggest enthusiasm and energy while throwing a frisbee.,"LABEL: Excitement
CONFIDENCE: 0.95
REASON: The man's dynamic pose and focused expression suggest enthusiasm and energy while throwing a frisbee."
mscoco/images/COCO_train2014_000000055637.jpg,Fear,Engagement,0.95,"The man on the motorcycle appears focused and actively engaged in navigating the street, with his hand on the handlebars and a forward-leaning posture.","LABEL: Engagement
CONFIDENCE: 0.95
REASON: The man on the motorcycle appears focused and actively engaged in navigating the street, with his hand on the handlebars and a forward-leaning posture."
mscoco/images/COCO_train2014_000000023447.jpg,Fear,Engagement,0.95,"The boy is focused and actively interacting with the object, showing clear engagement in his activity.","LABEL: Engagement
CONFIDENCE: 0.95
REASON: The boy is focused and actively interacting with the object, showing clear engagement in his activity."
mscoco/images/COCO_train2014_000000479095.jpg,Fear,Excitement,0.95,The crowd is visibly engaged and excited by the motorcycle stunt performance.,"LABEL: Excitement
CONFIDENCE: 0.95
REASON: The crowd is visibly engaged and excited by the motorcycle stunt performance."
mscoco/images/COCO_train2014_000000139000.jpg,Fear,Peace,0.85,"The snowy forest setting and calm posture of the skiers suggest a serene, peaceful atmosphere.","LABEL: Peace
CONFIDENCE: 0.85
REASON: The snowy forest setting and calm posture of the skiers suggest a serene, peaceful atmosphere."
framesdb/images/frame_diwx3zfyqzqdobap.jpg,Fear,Fear,0.95,The man being gored by the bull exhibits a clear expression of fear and distress.,"LABEL: Fear
CONFIDENCE: 0.95
REASON: The man being gored by the bull exhibits a clear expression of fear and distress."
mscoco/images/COCO_train2014_000000473733.jpg,Fear,Excitement,0.95,The skateboarder's dynamic pose and focused expression convey a sense of thrill and exhilaration.,"LABEL: Excitement
CONFIDENCE: 0.95
REASON: The skateboarder's dynamic pose and focused expression convey a sense of thrill and exhilaration."
mscoco/images/COCO_val2014_000000572453.jpg,Fear,Affection,0.95,"The woman is holding the child close and both are smiling while looking at the horse, showing warmth and care.","LABEL: Affection
CONFIDENCE: 0.95
REASON: The woman is holding the child close and both are smiling while looking at the horse, showing warmth and care."
framesdb/images/frame_kdqzkefxm99ebctj.jpg,Fear,Sadness,0.95,"The woman is covering her face with her hand, a posture often associated with sorrow or emotional distress, while a child lies on the bed nearby.","LABEL: Sadness
CONFIDENCE: 0.95
REASON: The woman is covering her face with her hand, a posture often associated with sorrow or emotional distress, while a child lies on the bed nearby."
framesdb/images/frame_6s4sfpzryity441d.jpg,Fear,Sadness,0.95,The somber expressions and formal attire of the mourners carrying a coffin indicate deep sadness.,"LABEL: Sadness
CONFIDENCE: 0.95
REASON: The somber expressions and formal attire of the mourners carrying a coffin indicate deep sadness."
mscoco/images/COCO_train2014_000000245598.jpg,Fear,Excitement,0.95,"The batter is focused and ready to swing, showing anticipation and excitement for the pitch.","LABEL: Excitement
CONFIDENCE: 0.95
REASON: The batter is focused and ready to swing, showing anticipation and excitement for the pitch."
mscoco/images/COCO_train2014_000000396303.jpg,Fear,Engagement,0.85,"People are sitting together at a cafe, engaged in conversation and enjoying the outdoor setting.","LABEL: Engagement
CONFIDENCE: 0.85
REASON: People are sitting together at a cafe, engaged in conversation and enjoying the outdoor setting."
framesdb/images/frame_7ijs2w0q2mmojydz.jpg,Fear,Disconnection,0.85,"The individuals are physically close but emotionally distant, each absorbed in their own world with no interaction.","LABEL: Disconnection
CONFIDENCE: 0.85
REASON: The individuals are physically close but emotionally distant, each absorbed in their own world with no interaction."
emodb_small/images/f30ns74m5j2m6ytlky.jpg,Fear,Fear,0.95,"The person's wide eyes, tense expression, and defensive posture while on the phone suggest a strong sense of fear or alarm.","LABEL: Fear
CONFIDENCE: 0.95
REASON: The person's wide eyes, tense expression, and defensive posture while on the phone suggest a strong sense of fear or alarm."
emodb_small/images/b2a6r33ptewb81m5qn.jpg,Fear,Surprise,0.95,The person's wide eyes and slightly open mouth indicate a sudden reaction to an unexpected event.,"LABEL: Surprise
CONFIDENCE: 0.95
REASON: The person's wide eyes and slightly open mouth indicate a sudden reaction to an unexpected event."
framesdb/images/frame_05uw61tegz1kfic4.jpg,Fear,Excitement,0.95,The dynamic pose of the person being lifted and the energetic interaction suggest a sense of excitement.,"LABEL: Excitement
CONFIDENCE: 0.95
REASON: The dynamic pose of the person being lifted and the energetic interaction suggest a sense of excitement."
mscoco/images/COCO_train2014_000000025549.jpg,Fear,Excitement,0.95,"The child is actively engaged in playing with a bat and ball on the beach, showing enthusiasm and energy.","LABEL: Excitement
CONFIDENCE: 0.95
REASON: The child is actively engaged in playing with a bat and ball on the beach, showing enthusiasm and energy."
mscoco/images/COCO_train2014_000000199835.jpg,Fear,Surprise,0.95,"The man's wide eyes and open mouth in the first panel indicate surprise, especially as a cat appears in the second panel.","LABEL: Surprise
CONFIDENCE: 0.95
REASON: The man's wide eyes and open mouth in the first panel indicate surprise, especially as a cat appears in the second panel."
framesdb/images/frame_8n7h8jtzvy8n9676.jpg,Fear,Engagement,0.95,"The women are focused on the book, suggesting shared attention and involvement in a meaningful activity.","LABEL: Engagement
CONFIDENCE: 0.95
REASON: The women are focused on the book, suggesting shared attention and involvement in a meaningful activity."
mscoco/images/COCO_train2014_000000579440.jpg,Fear,Engagement,0.95,"The man is actively participating in a game, showing focus and involvement, while the woman watches with interest.","LABEL: Engagement
CONFIDENCE: 0.95
REASON: The man is actively participating in a game, showing focus and involvement, while the woman watches with interest."
mscoco/images/COCO_train2014_000000296424.jpg,Fear,Excitement,0.95,The batter's intense focus and the dynamic action of hitting the ball suggest a high level of excitement.,"LABEL: Excitement
CONFIDENCE: 0.95
REASON: The batter's intense focus and the dynamic action of hitting the ball suggest a high level of excitement."
mscoco/images/COCO_train2014_000000037009.jpg,Fear,Peace,0.85,The calm market scene with fresh produce and a quiet canal evokes a sense of tranquility.,"LABEL: Peace
CONFIDENCE: 0.85
REASON: The calm market scene with fresh produce and a quiet canal evokes a sense of tranquility."
mscoco/images/COCO_train2014_000000519218.jpg,Fear,Excitement,0.95,"The dog is leaping energetically in the air, and the crowd appears engaged and excited by the performance.","LABEL: Excitement
CONFIDENCE: 0.95
REASON: The dog is leaping energetically in the air, and the crowd appears engaged and excited by the performance."
mscoco/images/COCO_train2014_000000054351.jpg,Fear,Engagement,0.95,"The person is actively engaged in playing tennis, focused on the ball and holding a racket in a ready stance.","LABEL: Engagement
CONFIDENCE: 0.95
REASON: The person is actively engaged in playing tennis, focused on the ball and holding a racket in a ready stance."
mscoco/images/COCO_train2014_000000480088.jpg,Fear,Fear,0.95,"The individuals appear restrained and gagged, suggesting a situation of distress or danger that would likely evoke fear.","LABEL: Fear
CONFIDENCE: 0.95
REASON: The individuals appear restrained and gagged, suggesting a situation of distress or danger that would likely evoke fear."
mscoco/images/COCO_train2014_000000502134.jpg,Fear,Happiness,0.95,"The individuals are smiling and dressed in festive costumes, indicating a joyful holiday atmosphere.","LABEL: Happiness
CONFIDENCE: 0.95
REASON: The individuals are smiling and dressed in festive costumes, indicating a joyful holiday atmosphere."
framesdb/images/frame_7dyt85w02xs0hyle.jpg,Fear,Fear,0.95,The matador's expression and precarious position on the bull convey intense fear.,"LABEL: Fear
CONFIDENCE: 0.95
REASON: The matador's expression and precarious position on the bull convey intense fear."
mscoco/images/COCO_train2014_000000033156.jpg,Fear,Happiness,0.95,"The individuals in the image are smiling and appear to be enjoying a social gathering, indicating happiness.","LABEL: Happiness
CONFIDENCE: 0.95
REASON: The individuals in the image are smiling and appear to be enjoying a social gathering, indicating happiness."
mscoco/images/COCO_train2014_000000054738.jpg,Fear,Engagement,0.95,"The boys are focused on the game, holding controllers and showing concentration.","LABEL: Engagement
CONFIDENCE: 0.95
REASON: The boys are focused on the game, holding controllers and showing concentration."
emodb_small/images/de4b3mu9kk2e5zwv8a.jpg,Pain,Pain,0.95,"The athlete is lying on the ground in visible distress, clutching his leg, indicating physical pain.","LABEL: Pain
CONFIDENCE: 0.95
REASON: The athlete is lying on the ground in visible distress, clutching his leg, indicating physical pain."
emodb_small/images/dsvzuufgy7v1mdsgi0.jpg,Pain,Pain,0.95,"The man's facial expression shows extreme discomfort and strain, indicating he is experiencing pain during the physical manipulation.","LABEL: Pain
CONFIDENCE: 0.95
REASON: The man's facial expression shows extreme discomfort and strain, indicating he is experiencing pain during the physical manipulation."
emodb_small/images/e15x3ogndoladu97ma.jpg,Pain,Fear,0.95,"The man on the right is screaming with wide eyes and an open mouth, indicating intense fear or distress.","LABEL: Fear
CONFIDENCE: 0.95
REASON: The man on the right is screaming with wide eyes and an open mouth, indicating intense fear or distress."
emodb_small/images/dz2exu795mcqgusx8x.jpg,Pain,Fear,0.95,The man's facial expression and body language convey intense fear as he is being attacked by the dog.,"LABEL: Fear
CONFIDENCE: 0.95
REASON: The man's facial expression and body language convey intense fear as he is being attacked by the dog."
mscoco/images/COCO_train2014_000000034100.jpg,Pain,Engagement,0.95,"The individuals are actively participating in a video game, holding controllers and focusing on the screen.","LABEL: Engagement
CONFIDENCE: 0.95
REASON: The individuals are actively participating in a video game, holding controllers and focusing on the screen."
framesdb/images/frame_cpbwu7sx99eo3fj0.jpg,Pain,Fear,0.85,"The man is connected to medical equipment and appears unconscious, suggesting a life-threatening situation that could evoke fear.","LABEL: Fear
CONFIDENCE: 0.85
REASON: The man is connected to medical equipment and appears unconscious, suggesting a life-threatening situation that could evoke fear."
framesdb/images/frame_idipgq1m9tqv219p.jpg,Pain,Pain,0.95,The male boxer is grimacing and appears to be in pain from the impact of the punch.,"LABEL: Pain
CONFIDENCE: 0.95
REASON: The male boxer is grimacing and appears to be in pain from the impact of the punch."
framesdb/images/frame_hvkeqenbteoc6ljb.jpg,Pain,Sadness,0.95,"The somber expressions and formal black attire of the individuals, combined with the presence of a casket, indicate deep sorrow.","LABEL: Sadness
CONFIDENCE: 0.95
REASON: The somber expressions and formal black attire of the individuals, combined with the presence of a casket, indicate deep sorrow."
emodb_small/images/a77hwmd2i3rbcdgy32.jpg,Pain,Sadness,0.95,"The person is holding their head in their hand with a downward gaze, conveying deep sorrow or sadness.","LABEL: Sadness
CONFIDENCE: 0.95
REASON: The person is holding their head in their hand with a downward gaze, conveying deep sorrow or sadness."
emodb_small/images/77s7vrrfhazmibhvxg.jpg,Pain,Fatigue,0.95,"The person's closed eyes, relaxed posture, and slightly open mouth suggest tiredness or exhaustion.","LABEL: Fatigue
CONFIDENCE: 0.95
REASON: The person's closed eyes, relaxed posture, and slightly open mouth suggest tiredness or exhaustion."
emodb_small/images/e0qq1z3hl4ncdgk8q2.jpg,Pain,Pain,0.95,"The woman is grimacing and holding her shoulder, indicating physical pain.","LABEL: Pain
CONFIDENCE: 0.95
REASON: The woman is grimacing and holding her shoulder, indicating physical pain."
emodb_small/images/7bbvh08x1q5z47ebbr.jpg,Pain,Fatigue,0.95,"The man is lying on the grass with a tired expression, suggesting exhaustion after physical activity.","LABEL: Fatigue
CONFIDENCE: 0.95
REASON: The man is lying on the grass with a tired expression, suggesting exhaustion after physical activity."
mscoco/images/COCO_train2014_000000485852.jpg,Pain,Excitement,0.95,The riders' posture and the dynamic movement of the motorcycles suggest a sense of thrill and enthusiasm.,"LABEL: Excitement
CONFIDENCE: 0.95
REASON: The riders' posture and the dynamic movement of the motorcycles suggest a sense of thrill and enthusiasm."
emodb_small/images/67rs0lowdqlp274r56.jpg,Pain,Pain,0.95,"The man is holding his lower back and appears to be in discomfort, indicating pain.","LABEL: Pain
CONFIDENCE: 0.95
REASON: The man is holding his lower back and appears to be in discomfort, indicating pain."
emodb_small/images/dsrsw51o0iv6nwvkkv.jpg,Pain,Pain,0.95,"The man is grimacing and holding his leg, indicating physical pain.","LABEL: Pain
CONFIDENCE: 0.95
REASON: The man is grimacing and holding his leg, indicating physical pain."
emodb_small/images/dc2rq2x20htjbfwo5h.jpg,Pain,Pain,0.95,"The man is grimacing and holding his lower back, indicating physical discomfort or pain.","LABEL: Pain
CONFIDENCE: 0.95
REASON: The man is grimacing and holding his lower back, indicating physical discomfort or pain."
mscoco/images/COCO_val2014_000000566923.jpg,Pain,Fear,0.95,"The person's distressed expression, bloodied face, and tense posture suggest fear in a chaotic situation.","LABEL: Fear
CONFIDENCE: 0.95
REASON: The person's distressed expression, bloodied face, and tense posture suggest fear in a chaotic situation."
emodb_small/images/dos3optnd365otvthb.jpg,Pain,Pain,0.95,"The man is clutching his chest with a pained expression, indicating physical discomfort or pain.","LABEL: Pain
CONFIDENCE: 0.95
REASON: The man is clutching his chest with a pained expression, indicating physical discomfort or pain."
mscoco/images/COCO_train2014_000000010929.jpg,Pain,Excitement,0.95,"The child is actively engaged in play with a frisbee, showing energetic movement and focus.","LABEL: Excitement
CONFIDENCE: 0.95
REASON: The child is actively engaged in play with a frisbee, showing energetic movement and focus."
framesdb/images/frame_3ojn4of2k1y7wegp.jpg,Pain,Engagement,0.95,"The individuals are actively participating in a physical training exercise, showing focus and interaction.","LABEL: Engagement
CONFIDENCE: 0.95
REASON: The individuals are actively participating in a physical training exercise, showing focus and interaction."
framesdb/images/frame_hiq7bbseklb9nx7l.jpg,Pain,Excitement,0.95,The climbers are smiling and appear enthusiastic while navigating the snowy landscape.,"LABEL: Excitement
CONFIDENCE: 0.95
REASON: The climbers are smiling and appear enthusiastic while navigating the snowy landscape."
emodb_small/images/dzgd47s8gphnvix1et.jpg,Pain,Pain,0.95,"The man is clutching his chest with a pained expression, indicating physical discomfort or pain.","LABEL: Pain
CONFIDENCE: 0.95
REASON: The man is clutching his chest with a pained expression, indicating physical discomfort or pain."
emodb_small/images/drzbqqu4xwzi7shbiw.jpg,Pain,Pain,0.95,The man's facial expression and body posture indicate severe physical discomfort or injury.,"LABEL: Pain
CONFIDENCE: 0.95
REASON: The man's facial expression and body posture indicate severe physical discomfort or injury."
mscoco/images/COCO_train2014_000000490182.jpg,Pain,Excitement,0.95,The player's dynamic motion and focused expression convey high energy and anticipation during a critical play.,"LABEL: Excitement
CONFIDENCE: 0.95
REASON: The player's dynamic motion and focused expression convey high energy and anticipation during a critical play."
emodb_small/images/e11uj6f3dy2hc3r7n6.jpg,Pain,Sadness,0.95,"The person is hunched over with their head down, conveying a posture of sorrow or emotional pain.","LABEL: Sadness
CONFIDENCE: 0.95
REASON: The person is hunched over with their head down, conveying a posture of sorrow or emotional pain."
emodb_small/images/dj8nlghl2i27dcwept.jpg,Pain,Sadness,0.95,"The child is crying and appears to be falling, indicating distress.","LABEL: Sadness
CONFIDENCE: 0.95
REASON: The child is crying and appears to be falling, indicating distress."
emodb_small/images/e1oqgilaydutrlhfih.jpg,Pain,Pain,0.95,"The player is lying on the ground in visible distress, clutching her leg, which indicates she is experiencing pain.","LABEL: Pain
CONFIDENCE: 0.95
REASON: The player is lying on the ground in visible distress, clutching her leg, which indicates she is experiencing pain."
emodb_small/images/dtp2df4s8zjcgtnjsm.jpg,Pain,Fatigue,0.95,"The player is crouched on the court, appearing exhausted and leaning on her hand, suggesting physical tiredness.","LABEL: Fatigue
CONFIDENCE: 0.95
REASON: The player is crouched on the court, appearing exhausted and leaning on her hand, suggesting physical tiredness."
emodb_small/images/dcjqh15lunvxk3jur0.jpg,Pain,Pain,0.95,"The man is holding his shoulder and appears to be in discomfort, indicating physical pain.","LABEL: Pain
CONFIDENCE: 0.95
REASON: The man is holding his shoulder and appears to be in discomfort, indicating physical pain."
emodb_small/images/dl5k4ukmcum9z54826.jpg,Pain,Pain,0.95,"The woman is in labor, showing signs of intense physical pain.","LABEL: Pain
CONFIDENCE: 0.95
REASON: The woman is in labor, showing signs of intense physical pain."
mscoco/images/COCO_train2014_000000255459.jpg,Pain,Pain,0.85,The player is holding his head and appears to be in discomfort after a collision or impact.,"LABEL: Pain
CONFIDENCE: 0.85
REASON: The player is holding his head and appears to be in discomfort after a collision or impact."
mscoco/images/COCO_train2014_000000298031.jpg,Suffering,Fatigue,0.95,"The individuals appear tired, with slouched postures and closed eyes, suggesting exhaustion after physical activity.","LABEL: Fatigue
CONFIDENCE: 0.95
REASON: The individuals appear tired, with slouched postures and closed eyes, suggesting exhaustion after physical activity."
emodb_small/images/e9b5cftu9bwcw29nnh.jpg,Suffering,Sadness,0.95,"The woman being supported appears to be crying and distressed, indicating deep sadness.","LABEL: Sadness
CONFIDENCE: 0.95
REASON: The woman being supported appears to be crying and distressed, indicating deep sadness."
mscoco/images/COCO_train2014_000000408917.jpg,Suffering,Surprise,0.95,The child's wide eyes and open mouth suggest a sudden reaction to something unexpected.,"LABEL: Surprise
CONFIDENCE: 0.95
REASON: The child's wide eyes and open mouth suggest a sudden reaction to something unexpected."
mscoco/images/COCO_train2014_000000018656.jpg,Suffering,Excitement,0.95,The child's wide eyes and engaged posture suggest enthusiasm and excitement while wearing the costume.,"LABEL: Excitement
CONFIDENCE: 0.95
REASON: The child's wide eyes and engaged posture suggest enthusiasm and excitement while wearing the costume."
framesdb/images/frame_hxjikqmyt3a45rgh.jpg,Suffering,Engagement,0.95,"The fighters are closely engaged in a pre-fight discussion with the referee, showing intense focus and interaction.","LABEL: Engagement
CONFIDENCE: 0.95
REASON: The fighters are closely engaged in a pre-fight discussion with the referee, showing intense focus and interaction."
emodb_small/images/c5robr916k7aeap6l9.jpg,Suffering,Doubt/Confusion,0.95,The woman's furrowed brow and contemplative expression suggest she is struggling to understand or make sense of something.,"LABEL: Doubt/Confusion
CONFIDENCE: 0.95
REASON: The woman's furrowed brow and contemplative expression suggest she is struggling to understand or make sense of something."
mscoco/images/COCO_train2014_000000048130.jpg,Suffering,Engagement,0.95,"The individuals are actively participating in skateboarding, showing focus and involvement in the activity.","LABEL: Engagement
CONFIDENCE: 0.95
REASON: The individuals are actively participating in skateboarding, showing focus and involvement in the activity."
mscoco/images/COCO_train2014_000000151563.jpg,Suffering,Happiness,0.95,"The man is smiling while preparing food, indicating a positive emotional state.","LABEL: Happiness
CONFIDENCE: 0.95
REASON: The man is smiling while preparing food, indicating a positive emotional state."
mscoco/images/COCO_train2014_000000052440.jpg,Suffering,Anticipation,0.95,"The image depicts a couple preparing for travel with luggage, evoking excitement and anticipation for an upcoming journey.","LABEL: Anticipation
CONFIDENCE: 0.95
REASON: The image depicts a couple preparing for travel with luggage, evoking excitement and anticipation for an upcoming journey."
framesdb/images/frame_hvebkks8si2hujg3.jpg,Suffering,Engagement,0.85,"The woman in the apron appears focused and attentive, suggesting engagement with her work at the market stall.","LABEL: Engagement
CONFIDENCE: 0.85
REASON: The woman in the apron appears focused and attentive, suggesting engagement with her work at the market stall."
framesdb/images/frame_bp97cx6kc443bwbd.jpg,Suffering,Excitement,0.95,The dynamic motion blur and energetic atmosphere of the spinning class suggest high levels of excitement.,"LABEL: Excitement
CONFIDENCE: 0.95
REASON: The dynamic motion blur and energetic atmosphere of the spinning class suggest high levels of excitement."
mscoco/images/COCO_train2014_000000121167.jpg,Suffering,Surprise,0.85,The boy's wide eyes and unusual position in a confined space suggest surprise.,"LABEL: Surprise
CONFIDENCE: 0.85
REASON: The boy's wide eyes and unusual position in a confined space suggest surprise."
mscoco/images/COCO_train2014_000000471410.jpg,Suffering,Engagement,0.95,"The individuals are actively interacting with each other and their environment, showing focus and involvement in the moment.","LABEL: Engagement
CONFIDENCE: 0.95
REASON: The individuals are actively interacting with each other and their environment, showing focus and involvement in the moment."
mscoco/images/COCO_train2014_000000480088.jpg,Suffering,Fear,0.95,"The individuals appear restrained and distressed, with expressions suggesting fear or anxiety.","LABEL: Fear
CONFIDENCE: 0.95
REASON: The individuals appear restrained and distressed, with expressions suggesting fear or anxiety."
framesdb/images/frame_66bc289hmy2r81hv.jpg,Suffering,Disapproval,0.95,"The people are observing a grave being disturbed by heavy machinery, which likely causes strong disapproval due to the desecration of a burial site.","LABEL: Disapproval
CONFIDENCE: 0.95
REASON: The people are observing a grave being disturbed by heavy machinery, which likely causes strong disapproval due to the desecration of a burial site."
framesdb/images/frame_81ywrqgcwmx0fatw.jpg,Suffering,Excitement,0.95,"The scene depicts a dramatic moment of discovery, with figures actively engaged in uncovering a golden sarcophagus, evoking a sense of excitement and anticipation.","LABEL: Excitement
CONFIDENCE: 0.95
REASON: The scene depicts a dramatic moment of discovery, with figures actively engaged in uncovering a golden sarcophagus, evoking a sense of excitement and anticipation."
mscoco/images/COCO_train2014_000000572737.jpg,Suffering,Fatigue,0.95,"The man is carrying a heavy load on his head and appears to be walking with effort, suggesting physical exhaustion.","LABEL: Fatigue
CONFIDENCE: 0.95
REASON: The man is carrying a heavy load on his head and appears to be walking with effort, suggesting physical exhaustion."
mscoco/images/COCO_train2014_000000530610.jpg,Suffering,Sadness,0.95,"The person is kneeling in the snow with their head down, appearing dejected and possibly injured after a fall.","LABEL: Sadness
CONFIDENCE: 0.95
REASON: The person is kneeling in the snow with their head down, appearing dejected and possibly injured after a fall."
framesdb/images/frame_hdepjixs67t3l4zo.jpg,Engagement,Happiness,0.95,"The individuals are smiling, laughing, and posing joyfully in a celebratory setting, indicating happiness.","LABEL: Happiness
CONFIDENCE: 0.95
REASON: The individuals are smiling, laughing, and posing joyfully in a celebratory setting, indicating happiness."
mscoco/images/COCO_val2014_000000110392.jpg,Engagement,Engagement,0.95,"The woman is actively engaged in a phone conversation while walking, indicating focus and interaction.","LABEL: Engagement
CONFIDENCE: 0.95
REASON: The woman is actively engaged in a phone conversation while walking, indicating focus and interaction."
mscoco/images/COCO_train2014_000000509626.jpg,Engagement,Excitement,0.95,"The batter's intense focus and powerful swing, combined with the charged atmosphere of the game, convey a high level of excitement.","LABEL: Excitement
CONFIDENCE: 0.95
REASON: The batter's intense focus and powerful swing, combined with the charged atmosphere of the game, convey a high level of excitement."
mscoco/images/COCO_train2014_000000102225.jpg,Engagement,Anticipation,0.95,"The batter is poised and ready, focused on the pitcher, indicating anticipation of the incoming pitch.","LABEL: Anticipation
CONFIDENCE: 0.95
REASON: The batter is poised and ready, focused on the pitcher, indicating anticipation of the incoming pitch."
mscoco/images/COCO_train2014_000000533291.jpg,Engagement,Excitement,0.95,"The person is performing a high-flying snowboard trick, which conveys a sense of exhilaration and excitement.","LABEL: Excitement
CONFIDENCE: 0.95
REASON: The person is performing a high-flying snowboard trick, which conveys a sense of exhilaration and excitement."
framesdb/images/frame_482f0lsguoiv0sk6.jpg,Engagement,Excitement,0.95,"The players' dynamic movements and intense focus suggest a high-energy, thrilling moment in the game.","LABEL: Excitement
CONFIDENCE: 0.95
REASON: The players' dynamic movements and intense focus suggest a high-energy, thrilling moment in the game."
framesdb/images/frame_ddghjgrf7k9jei5j.jpg,Engagement,Happiness,0.95,The group is smiling and appears to be enjoying their time together inside the snow structure.,"LABEL: Happiness
CONFIDENCE: 0.95
REASON: The group is smiling and appears to be enjoying their time together inside the snow structure."
mscoco/images/COCO_train2014_000000565387.jpg,Engagement,Annoyance,0.85,"The man on the motorcycle appears frustrated, with a tense expression and body language, suggesting irritation due to the traffic situation.","LABEL: Annoyance
CONFIDENCE: 0.85
REASON: The man on the motorcycle appears frustrated, with a tense expression and body language, suggesting irritation due to the traffic situation."
framesdb/images/frame_6x5lpc7dh3yvrnc3.jpg,Engagement,Engagement,0.95,"The player is actively focused on the ball, indicating engagement in the game.","LABEL: Engagement
CONFIDENCE: 0.95
REASON: The player is actively focused on the ball, indicating engagement in the game."
framesdb/images/frame_6x5lpc7dh3yvrnc3.jpg,Engagement,Engagement,0.95,"The player is actively focused on the ball, indicating engagement in the game.","LABEL: Engagement
CONFIDENCE: 0.95
REASON: The player is actively focused on the ball, indicating engagement in the game."
framesdb/images/frame_6x5lpc7dh3yvrnc3.jpg,Engagement,Excitement,0.95,The player's focused expression and dynamic movement suggest high energy and anticipation during the game.,"LABEL: Excitement
CONFIDENCE: 0.95
REASON: The player's focused expression and dynamic movement suggest high energy and anticipation during the game."
framesdb/images/frame_jsnriwfd0ffphs5g.jpg,Engagement,Happiness,0.95,The people in the hot tub are smiling and enjoying each other's company in a serene winter setting.,"LABEL: Happiness
CONFIDENCE: 0.95
REASON: The people in the hot tub are smiling and enjoying each other's company in a serene winter setting."
framesdb/images/frame_63mtckpdjfc0y9q8.jpg,Engagement,Excitement,0.95,The players are celebrating a goal with high energy and enthusiasm on the field.,"LABEL: Excitement
CONFIDENCE: 0.95
REASON: The players are celebrating a goal with high energy and enthusiasm on the field."
framesdb/images/frame_63mtckpdjfc0y9q8.jpg,Engagement,Sadness,0.85,"The players in blue appear dejected and disappointed, with one looking downcast, suggesting a moment of sadness after a loss or missed opportunity.","LABEL: Sadness
CONFIDENCE: 0.85
REASON: The players in blue appear dejected and disappointed, with one looking downcast, suggesting a moment of sadness after a loss or missed opportunity."
framesdb/images/frame_98zn80gxar4u0kzg.jpg,Engagement,Surprise,0.95,The officer's focused attention on the person in a bunny costume suggests unexpected surprise at the unusual sight.,"LABEL: Surprise
CONFIDENCE: 0.95
REASON: The officer's focused attention on the person in a bunny costume suggests unexpected surprise at the unusual sight."
mscoco/images/COCO_train2014_000000147012.jpg,Engagement,Engagement,0.95,"The individuals are actively participating in a frisbee game, showing focus and interaction.","LABEL: Engagement
CONFIDENCE: 0.95
REASON: The individuals are actively participating in a frisbee game, showing focus and interaction."
mscoco/images/COCO_train2014_000000167397.jpg,Engagement,Excitement,0.95,"The participants are actively engaged in a game, with visible enthusiasm and animated expressions.","LABEL: Excitement
CONFIDENCE: 0.95
REASON: The participants are actively engaged in a game, with visible enthusiasm and animated expressions."
framesdb/images/frame_0v2clxpnah9oj514.jpg,Engagement,Anticipation,0.85,"The man is packing a suitcase, suggesting he is preparing for a trip, which indicates anticipation of an upcoming event or journey.","LABEL: Anticipation
CONFIDENCE: 0.85
REASON: The man is packing a suitcase, suggesting he is preparing for a trip, which indicates anticipation of an upcoming event or journey."
mscoco/images/COCO_val2014_000000160480.jpg,Engagement,Engagement,0.95,"The woman is focused on her laptop, indicating active engagement with her task.","LABEL: Engagement
CONFIDENCE: 0.95
REASON: The woman is focused on her laptop, indicating active engagement with her task."
mscoco/images/COCO_train2014_000000560391.jpg,Engagement,Engagement,0.95,"The woman is focused on her task, surrounded by fresh produce, suggesting active involvement in her work.","LABEL: Engagement
CONFIDENCE: 0.95
REASON: The woman is focused on her task, surrounded by fresh produce, suggesting active involvement in her work."
mscoco/images/COCO_train2014_000000028642.jpg,Engagement,Engagement,0.95,"The individuals are focused on their phones, suggesting active engagement with their devices.","LABEL: Engagement
CONFIDENCE: 0.95
REASON: The individuals are focused on their phones, suggesting active engagement with their devices."
framesdb/images/frame_1cnsgmoppetoruv9.jpg,Engagement,Engagement,0.95,"The crowd is actively interacting, holding food and drinks, and appears engaged in conversation at a social gathering.","LABEL: Engagement
CONFIDENCE: 0.95
REASON: The crowd is actively interacting, holding food and drinks, and appears engaged in conversation at a social gathering."
framesdb/images/frame_1cnsgmoppetoruv9.jpg,Engagement,Engagement,0.95,"People are gathered closely, interacting and holding food and drinks in a social setting.","LABEL: Engagement
CONFIDENCE: 0.95
REASON: People are gathered closely, interacting and holding food and drinks in a social setting."
mscoco/images/COCO_train2014_000000336858.jpg,Engagement,Excitement,0.95,The skier's dynamic pose and focused expression convey a sense of thrill and exhilaration.,"LABEL: Excitement
CONFIDENCE: 0.95
REASON: The skier's dynamic pose and focused expression convey a sense of thrill and exhilaration."
framesdb/images/frame_ek3zcwpt9ed6j6gm.jpg,Engagement,Happiness,0.95,"The scene depicts people enjoying a sunny day in the park, with children flying kites and others relaxing, conveying a sense of joy and contentment.","LABEL: Happiness
CONFIDENCE: 0.95
REASON: The scene depicts people enjoying a sunny day in the park, with children flying kites and others relaxing, conveying a sense of joy and contentment."
mscoco/images/COCO_train2014_000000025461.jpg,Engagement,Excitement,0.95,"The individuals are actively engaged in a cultural performance with traditional instruments, suggesting enthusiasm and excitement.","LABEL: Excitement
CONFIDENCE: 0.95
REASON: The individuals are actively engaged in a cultural performance with traditional instruments, suggesting enthusiasm and excitement."
mscoco/images/COCO_train2014_000000025461.jpg,Engagement,Engagement,0.95,"The individuals are actively participating in a cultural performance, showing focus and involvement.","LABEL: Engagement
CONFIDENCE: 0.95
REASON: The individuals are actively participating in a cultural performance, showing focus and involvement."
mscoco/images/COCO_train2014_000000024571.jpg,Engagement,Anticipation,0.95,"The batter is focused and ready, suggesting anticipation of the pitch.","LABEL: Anticipation
CONFIDENCE: 0.95
REASON: The batter is focused and ready, suggesting anticipation of the pitch."
mscoco/images/COCO_train2014_000000213135.jpg,Engagement,Happiness,0.95,The child is smiling and appears to be enjoying the food.,"LABEL: Happiness
CONFIDENCE: 0.95
REASON: The child is smiling and appears to be enjoying the food."
mscoco/images/COCO_train2014_000000256276.jpg,Engagement,Affection,0.95,"The woman is gently holding the bear cub, showing care and tenderness.","LABEL: Affection
CONFIDENCE: 0.95
REASON: The woman is gently holding the bear cub, showing care and tenderness."
mscoco/images/COCO_train2014_000000256276.jpg,Engagement,Affection,0.95,"The woman is gently holding the bear cub, showing care and warmth.","LABEL: Affection
CONFIDENCE: 0.95
REASON: The woman is gently holding the bear cub, showing care and warmth."
framesdb/images/frame_jbtqq5ahai9ylby3.jpg,Engagement,Excitement,0.95,"The players are celebrating with raised arms and open mouths, indicating high energy and excitement.","LABEL: Excitement
CONFIDENCE: 0.95
REASON: The players are celebrating with raised arms and open mouths, indicating high energy and excitement."
mscoco/images/COCO_train2014_000000199865.jpg,Engagement,Excitement,0.95,The skier's dynamic pose and focused expression convey intense excitement during the high-speed jump.,"LABEL: Excitement
CONFIDENCE: 0.95
REASON: The skier's dynamic pose and focused expression convey intense excitement during the high-speed jump."
mscoco/images/COCO_train2014_000000441828.jpg,Engagement,Excitement,0.95,"The man is actively surfing on a wave, showing focus and energy, which indicates excitement.","LABEL: Excitement
CONFIDENCE: 0.95
REASON: The man is actively surfing on a wave, showing focus and energy, which indicates excitement."
mscoco/images/COCO_train2014_000000087604.jpg,Engagement,Excitement,0.95,The player's dynamic pose and focused expression suggest high energy and anticipation during the match.,"LABEL: Excitement
CONFIDENCE: 0.95
REASON: The player's dynamic pose and focused expression suggest high energy and anticipation during the match."
mscoco/images/COCO_train2014_000000042312.jpg,Engagement,Happiness,0.95,"The man is smiling broadly while holding a box of donuts, indicating joy and satisfaction.","LABEL: Happiness
CONFIDENCE: 0.95
REASON: The man is smiling broadly while holding a box of donuts, indicating joy and satisfaction."
mscoco/images/COCO_train2014_000000156763.jpg,Engagement,Anticipation,0.95,"The batter is poised and focused, suggesting anticipation of the incoming pitch.","LABEL: Anticipation
CONFIDENCE: 0.95
REASON: The batter is poised and focused, suggesting anticipation of the incoming pitch."
ade20k/images/sun_ajjqvlkgojhqxjal.jpg,Engagement,Engagement,0.95,"The man is intently observing the artwork, indicating focused attention and engagement with the exhibit.","LABEL: Engagement
CONFIDENCE: 0.95
REASON: The man is intently observing the artwork, indicating focused attention and engagement with the exhibit."
mscoco/images/COCO_train2014_000000230061.jpg,Engagement,Peace,0.85,The calm setting with soft lighting and neatly arranged flowers creates a serene atmosphere.,"LABEL: Peace
CONFIDENCE: 0.85
REASON: The calm setting with soft lighting and neatly arranged flowers creates a serene atmosphere."
mscoco/images/COCO_train2014_000000163435.jpg,Engagement,Excitement,0.95,"The player in yellow is actively engaged in the game with focused energy and dynamic movement, indicating excitement.","LABEL: Excitement
CONFIDENCE: 0.95
REASON: The player in yellow is actively engaged in the game with focused energy and dynamic movement, indicating excitement."
mscoco/images/COCO_train2014_000000030299.jpg,Engagement,Excitement,0.95,"The players are actively engaged in a dynamic game, with energetic movements and focused expressions, indicating high excitement.","LABEL: Excitement
CONFIDENCE: 0.95
REASON: The players are actively engaged in a dynamic game, with energetic movements and focused expressions, indicating high excitement."
