image_path,true_label,pred_label,confidence,short_reason,raw_response
mscoco/images/COCO_train2014_000000462955.jpg,Peace,Confidence,0.85,"The person is taking a selfie in formal attire, suggesting self-assurance and pride in their appearance.","LABEL: Confidence
CONFIDENCE: 0.85
REASON: The person is taking a selfie in formal attire, suggesting self-assurance and pride in their appearance."
mscoco/images/COCO_train2014_000000186198.jpg,Peace,Excitement,0.85,The child's posture and gear suggest anticipation and thrill of snowboarding.,"LABEL: Excitement
CONFIDENCE: 0.85
REASON: The child's posture and gear suggest anticipation and thrill of snowboarding."
mscoco/images/COCO_val2014_000000122997.jpg,Peace,Engagement,0.9,"The person is focused on writing in a notebook while using a laptop, showing active involvement in a task.","LABEL: Engagement
CONFIDENCE: 0.9
REASON: The person is focused on writing in a notebook while using a laptop, showing active involvement in a task."
mscoco/images/COCO_train2014_000000253959.jpg,Peace,Surprise,0.9,"The girl's wide eyes and open mouth suggest she is reacting to something unexpected, like a birthday wish or gift.","LABEL: Surprise
CONFIDENCE: 0.9
REASON: The girl's wide eyes and open mouth suggest she is reacting to something unexpected, like a birthday wish or gift."
mscoco/images/COCO_val2014_000000461715.jpg,Peace,Happiness,0.85,"She is smiling while eating, suggesting enjoyment and contentment.","LABEL: Happiness
CONFIDENCE: 0.85
REASON: She is smiling while eating, suggesting enjoyment and contentment."
framesdb/images/frame_7nseu023ccmqaj3p.jpg,Peace,Disconnection,0.8,"The person is looking away and not engaging with the camera or surroundings, suggesting emotional or physical detachment.","LABEL: Disconnection
CONFIDENCE: 0.8
REASON: The person is looking away and not engaging with the camera or surroundings, suggesting emotional or physical detachment."
framesdb/images/frame_7nseu023ccmqaj3p.jpg,Peace,Happiness,0.85,The person is smiling and appears relaxed in a pleasant outdoor setting.,"LABEL: Happiness
CONFIDENCE: 0.85
REASON: The person is smiling and appears relaxed in a pleasant outdoor setting."
framesdb/images/frame_7nseu023ccmqaj3p.jpg,Peace,Disconnection,0.85,"The person is looking down at a map, seemingly focused on navigation rather than engaging with their surroundings or others, suggesting a lack of connection to the environment or people around them.","LABEL: Disconnection
CONFIDENCE: 0.85
REASON: The person is looking down at a map, seemingly focused on navigation rather than engaging with their surroundings or others, suggesting a lack of connection to the environment or people around them."
framesdb/images/frame_7nseu023ccmqaj3p.jpg,Peace,Disconnection,0.8,The person is looking away and appears detached from their surroundings.,"LABEL: Disconnection
CONFIDENCE: 0.8
REASON: The person is looking away and appears detached from their surroundings."
mscoco/images/COCO_train2014_000000149755.jpg,Peace,Happiness,0.95,The child's smiling expression and engaged posture suggest joy and contentment.,"LABEL: Happiness
CONFIDENCE: 0.95
REASON: The child's smiling expression and engaged posture suggest joy and contentment."
framesdb/images/frame_j44zhny87dief9zp.jpg,Peace,Engagement,0.85,"The person is actively playing guitar, suggesting focused involvement in the musical activity.","LABEL: Engagement
CONFIDENCE: 0.85
REASON: The person is actively playing guitar, suggesting focused involvement in the musical activity."
framesdb/images/frame_j44zhny87dief9zp.jpg,Peace,Happiness,0.85,"The musicians are actively playing with expressive body language, suggesting enjoyment and enthusiasm.","LABEL: Happiness
CONFIDENCE: 0.85
REASON: The musicians are actively playing with expressive body language, suggesting enjoyment and enthusiasm."
framesdb/images/frame_hzo04gqf487tm689.jpg,Peace,Happiness,0.95,"The woman is laughing joyfully while floating, and the man is smiling warmly, conveying clear happiness.","LABEL: Happiness
CONFIDENCE: 0.95
REASON: The woman is laughing joyfully while floating, and the man is smiling warmly, conveying clear happiness."
emodb_small/images/ab3l4riuiqrc4ivkqk.jpg,Peace,Disconnection,0.85,The woman’s distant gaze and relaxed posture suggest she is mentally detached from her surroundings or task.,"LABEL: Disconnection
CONFIDENCE: 0.85
REASON: The woman’s distant gaze and relaxed posture suggest she is mentally detached from her surroundings or task."
mscoco/images/COCO_val2014_000000571264.jpg,Peace,Disconnection,0.85,"The person is seen from behind, facing away from the camera and motorcycle, suggesting emotional or physical detachment.","LABEL: Disconnection
CONFIDENCE: 0.85
REASON: The person is seen from behind, facing away from the camera and motorcycle, suggesting emotional or physical detachment."
mscoco/images/COCO_train2014_000000331832.jpg,Peace,Disconnection,0.85,The person’s downward gaze and focused posture suggest disengagement from their surroundings or others.,"LABEL: Disconnection
CONFIDENCE: 0.85
REASON: The person’s downward gaze and focused posture suggest disengagement from their surroundings or others."
mscoco/images/COCO_train2014_000000389772.jpg,Peace,Happiness,0.85,"The man is smiling broadly while holding a tennis racket, suggesting enjoyment or satisfaction.","LABEL: Happiness
CONFIDENCE: 0.85
REASON: The man is smiling broadly while holding a tennis racket, suggesting enjoyment or satisfaction."
framesdb/images/frame_6npxf90s9ozbfo99.jpg,Peace,Happiness,0.9,"The person is relaxing on a beach with their feet up, suggesting contentment and enjoyment.","LABEL: Happiness
CONFIDENCE: 0.9
REASON: The person is relaxing on a beach with their feet up, suggesting contentment and enjoyment."
mscoco/images/COCO_val2014_000000047801.jpg,Peace,Pleasure,0.95,"The man is smiling while eating dessert, indicating enjoyment.","LABEL: Pleasure
CONFIDENCE: 0.95
REASON: The man is smiling while eating dessert, indicating enjoyment."
mscoco/images/COCO_train2014_000000458057.jpg,Peace,Disconnection,0.85,The man is looking away and appears disengaged from his surroundings.,"LABEL: Disconnection
CONFIDENCE: 0.85
REASON: The man is looking away and appears disengaged from his surroundings."
mscoco/images/COCO_train2014_000000458057.jpg,Peace,Peace,0.85,The man's relaxed posture and calm expression suggest a state of tranquility.,"LABEL: Peace
CONFIDENCE: 0.85
REASON: The man's relaxed posture and calm expression suggest a state of tranquility."
mscoco/images/COCO_train2014_000000457168.jpg,Peace,Embarrassment,0.85,"The child is covering their mouth with a hand, a common gesture indicating embarrassment or shyness.","LABEL: Embarrassment
CONFIDENCE: 0.85
REASON: The child is covering their mouth with a hand, a common gesture indicating embarrassment or shyness."
mscoco/images/COCO_val2014_000000553443.jpg,Peace,Pleasure,0.85,"The man is smiling while eating a strawberry, indicating enjoyment.","LABEL: Pleasure
CONFIDENCE: 0.85
REASON: The man is smiling while eating a strawberry, indicating enjoyment."
mscoco/images/COCO_train2014_000000377110.jpg,Peace,Happiness,0.95,"The chef is smiling broadly with relaxed posture, conveying clear joy or satisfaction.","LABEL: Happiness
CONFIDENCE: 0.95
REASON: The chef is smiling broadly with relaxed posture, conveying clear joy or satisfaction."
emodb_small/images/2dx6iyafrj0xqsbyxz.jpg,Peace,Affection,0.85,"The intimate posture and close embrace suggest a warm, loving connection between the people.","LABEL: Affection
CONFIDENCE: 0.85
REASON: The intimate posture and close embrace suggest a warm, loving connection between the people."
framesdb/images/frame_j9vbydagsea8s830.jpg,Peace,Disconnection,0.8,"The person is turned away, looking at something off-camera, suggesting detachment from the immediate environment or interaction.","LABEL: Disconnection
CONFIDENCE: 0.8
REASON: The person is turned away, looking at something off-camera, suggesting detachment from the immediate environment or interaction."
framesdb/images/frame_hxrt3v35rhil6sx5.jpg,Peace,Fatigue,0.95,"The person is waking up and reaching for the alarm clock, suggesting they are tired and just emerging from sleep.","LABEL: Fatigue
CONFIDENCE: 0.95
REASON: The person is waking up and reaching for the alarm clock, suggesting they are tired and just emerging from sleep."
mscoco/images/COCO_val2014_000000568765.jpg,Peace,Esteem,0.85,The subject's proud posture and ceremonial uniform suggest respect and admiration for their role.,"LABEL: Esteem
CONFIDENCE: 0.85
REASON: The subject's proud posture and ceremonial uniform suggest respect and admiration for their role."
mscoco/images/COCO_train2014_000000466491.jpg,Peace,Disconnection,0.85,"The person is lying in bed with a detached, unengaged expression, suggesting emotional or physical disconnection from their surroundings.","LABEL: Disconnection
CONFIDENCE: 0.85
REASON: The person is lying in bed with a detached, unengaged expression, suggesting emotional or physical disconnection from their surroundings."
mscoco/images/COCO_train2014_000000139429.jpg,Peace,Peace,0.85,"The woman is sitting calmly on a bench with a relaxed posture and a gentle smile, suggesting a state of tranquility.","LABEL: Peace
CONFIDENCE: 0.85
REASON: The woman is sitting calmly on a bench with a relaxed posture and a gentle smile, suggesting a state of tranquility."
mscoco/images/COCO_train2014_000000139429.jpg,Peace,Pleasure,0.85,"The woman is eating a snack with a relaxed expression, suggesting enjoyment.","LABEL: Pleasure
CONFIDENCE: 0.85
REASON: The woman is eating a snack with a relaxed expression, suggesting enjoyment."
mscoco/images/COCO_train2014_000000050597.jpg,Peace,Pleasure,0.95,"The child is smiling broadly while eating a banana, indicating enjoyment and satisfaction.","LABEL: Pleasure
CONFIDENCE: 0.95
REASON: The child is smiling broadly while eating a banana, indicating enjoyment and satisfaction."
mscoco/images/COCO_train2014_000000189810.jpg,Peace,Disapproval,0.85,Her downward gaze and slightly furrowed brow suggest disapproval or disinterest in the situation.,"LABEL: Disapproval
CONFIDENCE: 0.85
REASON: Her downward gaze and slightly furrowed brow suggest disapproval or disinterest in the situation."
mscoco/images/COCO_val2014_000000078060.jpg,Peace,Happiness,0.95,"The child is smiling broadly and posing cheerfully in the snow, indicating joy.","LABEL: Happiness
CONFIDENCE: 0.95
REASON: The child is smiling broadly and posing cheerfully in the snow, indicating joy."
mscoco/images/COCO_train2014_000000134496.jpg,Peace,Engagement,0.85,"She is actively talking on the phone while walking, indicating focused involvement in her activity.","LABEL: Engagement
CONFIDENCE: 0.85
REASON: She is actively talking on the phone while walking, indicating focused involvement in her activity."
mscoco/images/COCO_train2014_000000445462.jpg,Peace,Disconnection,0.8,"The man is focused on his laptop, seemingly detached from his surroundings or others.","LABEL: Disconnection
CONFIDENCE: 0.8
REASON: The man is focused on his laptop, seemingly detached from his surroundings or others."
mscoco/images/COCO_val2014_000000107239.jpg,Affection,Happiness,0.95,"The person is smiling broadly while eating, indicating enjoyment and positive emotion.","LABEL: Happiness
CONFIDENCE: 0.95
REASON: The person is smiling broadly while eating, indicating enjoyment and positive emotion."
framesdb/images/frame_gq8umfw35sg36nlq.jpg,Affection,Disconnection,0.8,"The man is walking away from the camera, suggesting detachment or disengagement from the viewer or situation.","LABEL: Disconnection
CONFIDENCE: 0.8
REASON: The man is walking away from the camera, suggesting detachment or disengagement from the viewer or situation."
framesdb/images/frame_jsnriwfd0ffphs5g.jpg,Affection,Happiness,0.95,"The man is smiling broadly while relaxing in a hot tub, indicating clear happiness.","LABEL: Happiness
CONFIDENCE: 0.95
REASON: The man is smiling broadly while relaxing in a hot tub, indicating clear happiness."
framesdb/images/frame_1cnsgmoppetoruv9.jpg,Affection,Disconnection,0.85,"The woman is turned away, looking at something or someone out of frame, suggesting she is not engaged with the immediate surroundings or people.","LABEL: Disconnection
CONFIDENCE: 0.85
REASON: The woman is turned away, looking at something or someone out of frame, suggesting she is not engaged with the immediate surroundings or people."
framesdb/images/frame_c9ctv7ctm2dnic4v.jpg,Affection,Engagement,0.95,"The woman and child are closely examining brain models, indicating focused interest and active participation.","LABEL: Engagement
CONFIDENCE: 0.95
REASON: The woman and child are closely examining brain models, indicating focused interest and active participation."
mscoco/images/COCO_train2014_000000439678.jpg,Affection,Happiness,0.95,The person is smiling broadly and appears to be enjoying the moment.,"LABEL: Happiness
CONFIDENCE: 0.95
REASON: The person is smiling broadly and appears to be enjoying the moment."
mscoco/images/COCO_val2014_000000552247.jpg,Affection,Happiness,0.95,"The man is smiling broadly and hugging the girl, showing clear joy and positive emotion.","LABEL: Happiness
CONFIDENCE: 0.95
REASON: The man is smiling broadly and hugging the girl, showing clear joy and positive emotion."
emodb_small/images/007eear5kx5qhbzewz.jpg,Affection,Peace,0.9,The woman's relaxed posture and calm facial expression suggest tranquility and contentment.,"LABEL: Peace
CONFIDENCE: 0.9
REASON: The woman's relaxed posture and calm facial expression suggest tranquility and contentment."
emodb_small/images/007eear5kx5qhbzewz.jpg,Affection,Affection,0.9,"The woman resting her head on the man's shoulder and their relaxed, close posture strongly suggest affectionate intimacy.","LABEL: Affection
CONFIDENCE: 0.9
REASON: The woman resting her head on the man's shoulder and their relaxed, close posture strongly suggest affectionate intimacy."
mscoco/images/COCO_train2014_000000043264.jpg,Affection,Affection,0.85,"The child is leaning into another person's hand, suggesting a close, caring interaction.","LABEL: Affection
CONFIDENCE: 0.85
REASON: The child is leaning into another person's hand, suggesting a close, caring interaction."
emodb_small/images/2wd2hxmqz5sbgy2ypo.jpg,Affection,Happiness,0.95,"The intimate, smiling faces suggest shared joy and affection.","LABEL: Happiness
CONFIDENCE: 0.95
REASON: The intimate, smiling faces suggest shared joy and affection."
emodb_small/images/2wd2hxmqz5sbgy2ypo.jpg,Affection,Affection,0.95,The intimate physical closeness and gentle smile suggest warmth and emotional connection.,"LABEL: Affection
CONFIDENCE: 0.95
REASON: The intimate physical closeness and gentle smile suggest warmth and emotional connection."
emodb_small/images/2dx6iyafrj0xqsbyxz.jpg,Affection,Sadness,0.85,The person's bowed head and downward gaze suggest a contemplative or sorrowful mood.,"LABEL: Sadness
CONFIDENCE: 0.85
REASON: The person's bowed head and downward gaze suggest a contemplative or sorrowful mood."
framesdb/images/frame_dfne06yl7tjnzbdt.jpg,Affection,Happiness,0.95,The women are smiling and appear relaxed while watching something enjoyable together.,"LABEL: Happiness
CONFIDENCE: 0.95
REASON: The women are smiling and appear relaxed while watching something enjoyable together."
mscoco/images/COCO_train2014_000000444168.jpg,Affection,Happiness,0.95,"The boy is smiling broadly while standing next to a birthday cake with a sparkler, indicating joy.","LABEL: Happiness
CONFIDENCE: 0.95
REASON: The boy is smiling broadly while standing next to a birthday cake with a sparkler, indicating joy."
mscoco/images/COCO_train2014_000000330100.jpg,Affection,Disconnection,0.85,"The person is wearing earphones and looking away, suggesting they are mentally detached from their surroundings.","LABEL: Disconnection
CONFIDENCE: 0.85
REASON: The person is wearing earphones and looking away, suggesting they are mentally detached from their surroundings."
framesdb/images/frame_cmwvbpa676fz8xne.jpg,Affection,Happiness,0.95,The woman's bright smile and joyful expression convey clear happiness.,"LABEL: Happiness
CONFIDENCE: 0.95
REASON: The woman's bright smile and joyful expression convey clear happiness."
framesdb/images/frame_cmwvbpa676fz8xne.jpg,Affection,Esteem,0.85,"The formal military attire and medals suggest a respected, dignified status implying esteem.","LABEL: Esteem
CONFIDENCE: 0.85
REASON: The formal military attire and medals suggest a respected, dignified status implying esteem."
framesdb/images/frame_9pwj5e0e3540mhk2.jpg,Affection,Peace,0.95,"The serene, sleeping expressions of both the child and the adult convey a calm, tranquil moment.","LABEL: Peace
CONFIDENCE: 0.95
REASON: The serene, sleeping expressions of both the child and the adult convey a calm, tranquil moment."
framesdb/images/frame_d8e8zt0xx79rhd3a.jpg,Affection,Pleasure,0.8,"The image shows a collection of beautiful postcards, likely evoking a sense of enjoyment or appreciation for travel and scenery.","LABEL: Pleasure
CONFIDENCE: 0.8
REASON: The image shows a collection of beautiful postcards, likely evoking a sense of enjoyment or appreciation for travel and scenery."
emodb_small/images/3ehhn46l9yimyuaed8.jpg,Affection,Esteem,0.95,"The act of pinning a military insignia signifies recognition and respect, conveying esteem for the recipient's service.","LABEL: Esteem
CONFIDENCE: 0.95
REASON: The act of pinning a military insignia signifies recognition and respect, conveying esteem for the recipient's service."
mscoco/images/COCO_val2014_000000243148.jpg,Affection,Sadness,0.85,"The child is sitting alone in the snow, looking downcast with a downturned mouth, suggesting sadness or disappointment.","LABEL: Sadness
CONFIDENCE: 0.85
REASON: The child is sitting alone in the snow, looking downcast with a downturned mouth, suggesting sadness or disappointment."
emodb_small/images/280dp8lwiegcqa2q1z.jpg,Affection,Affection,0.95,The intimate kiss and close embrace strongly suggest romantic affection between the couple.,"LABEL: Affection
CONFIDENCE: 0.95
REASON: The intimate kiss and close embrace strongly suggest romantic affection between the couple."
framesdb/images/frame_ln54q5tur4s42ez9.jpg,Affection,Happiness,0.95,"The couple is smiling warmly while cuddling their dog, conveying clear joy and contentment.","LABEL: Happiness
CONFIDENCE: 0.95
REASON: The couple is smiling warmly while cuddling their dog, conveying clear joy and contentment."
mscoco/images/COCO_train2014_000000145679.jpg,Affection,Happiness,0.85,The woman’s upward gaze and open-arm gesture suggest joy or playful engagement with her surroundings.,"LABEL: Happiness
CONFIDENCE: 0.85
REASON: The woman’s upward gaze and open-arm gesture suggest joy or playful engagement with her surroundings."
emodb_small/images/2fahoe54zb00wjdivy.jpg,Affection,Happiness,0.95,The couple's smiling faces and close embrace convey strong joy and contentment.,"LABEL: Happiness
CONFIDENCE: 0.95
REASON: The couple's smiling faces and close embrace convey strong joy and contentment."
framesdb/images/frame_gq6sydxtsi4krfma.jpg,Affection,Happiness,0.95,The woman's bright smile and the man's warm expression suggest positive emotions during a handshake.,"LABEL: Happiness
CONFIDENCE: 0.95
REASON: The woman's bright smile and the man's warm expression suggest positive emotions during a handshake."
mscoco/images/COCO_val2014_000000573320.jpg,Affection,Excitement,0.95,The person's wide smile and energetic posture suggest they are enjoying and excited about playing the game.,"LABEL: Excitement
CONFIDENCE: 0.95
REASON: The person's wide smile and energetic posture suggest they are enjoying and excited about playing the game."
framesdb/images/frame_cayeoa053pjmm6w5.jpg,Affection,Anticipation,0.85,The man's formal attire and attentive posture suggest he is waiting for an important event to unfold.,"LABEL: Anticipation
CONFIDENCE: 0.85
REASON: The man's formal attire and attentive posture suggest he is waiting for an important event to unfold."
framesdb/images/frame_cayeoa053pjmm6w5.jpg,Affection,Happiness,0.85,The woman's bright smile and joyful expression suggest happiness.,"LABEL: Happiness
CONFIDENCE: 0.85
REASON: The woman's bright smile and joyful expression suggest happiness."
framesdb/images/frame_cayeoa053pjmm6w5.jpg,Affection,Happiness,0.95,"The couple is kissing during what appears to be a wedding ceremony, conveying strong joy and love.","LABEL: Happiness
CONFIDENCE: 0.95
REASON: The couple is kissing during what appears to be a wedding ceremony, conveying strong joy and love."
mscoco/images/COCO_val2014_000000022680.jpg,Affection,Happiness,0.95,The boy's bright smile and relaxed posture convey clear happiness.,"LABEL: Happiness
CONFIDENCE: 0.95
REASON: The boy's bright smile and relaxed posture convey clear happiness."
emodb_small/images/2bmpyaavvm6crl0ids.jpg,Affection,Happiness,0.95,"The elderly man is laughing joyfully while being affectionately kissed on the cheek by his partner, conveying clear happiness.","LABEL: Happiness
CONFIDENCE: 0.95
REASON: The elderly man is laughing joyfully while being affectionately kissed on the cheek by his partner, conveying clear happiness."
emodb_small/images/2bmpyaavvm6crl0ids.jpg,Affection,Happiness,0.95,"The elderly person is laughing heartily with a wide smile, indicating clear joy and happiness.","LABEL: Happiness
CONFIDENCE: 0.95
REASON: The elderly person is laughing heartily with a wide smile, indicating clear joy and happiness."
mscoco/images/COCO_val2014_000000564098.jpg,Affection,Disconnection,0.8,"The woman appears isolated and focused on her task, disconnected from the surrounding activity or people.","LABEL: Disconnection
CONFIDENCE: 0.8
REASON: The woman appears isolated and focused on her task, disconnected from the surrounding activity or people."
mscoco/images/COCO_train2014_000000487007.jpg,Affection,Happiness,0.95,"The person is smiling broadly while holding a plate of food, indicating joy or contentment.","LABEL: Happiness
CONFIDENCE: 0.95
REASON: The person is smiling broadly while holding a plate of food, indicating joy or contentment."
mscoco/images/COCO_val2014_000000479808.jpg,Affection,Disapproval,0.8,"The person's facial expression, with a downturned mouth and averted gaze, suggests disapproval or dissatisfaction.","LABEL: Disapproval
CONFIDENCE: 0.8
REASON: The person's facial expression, with a downturned mouth and averted gaze, suggests disapproval or dissatisfaction."
mscoco/images/COCO_train2014_000000411109.jpg,Esteem,Disapproval,0.85,"The umpire's posture and focus on the fallen player suggest he is making a judgment, likely disapproving of the play or the player's actions.","LABEL: Disapproval
CONFIDENCE: 0.85
REASON: The umpire's posture and focus on the fallen player suggest he is making a judgment, likely disapproving of the play or the player's actions."
mscoco/images/COCO_train2014_000000379034.jpg,Esteem,Disconnection,0.8,"The man appears focused on eating, seemingly detached from his surroundings or others.","LABEL: Disconnection
CONFIDENCE: 0.8
REASON: The man appears focused on eating, seemingly detached from his surroundings or others."
framesdb/images/frame_3jwi6nrvfphi4lp6.jpg,Esteem,Happiness,0.85,The woman’s relaxed posture and bright beach attire suggest enjoyment and contentment.,"LABEL: Happiness
CONFIDENCE: 0.85
REASON: The woman’s relaxed posture and bright beach attire suggest enjoyment and contentment."
mscoco/images/COCO_train2014_000000498702.jpg,Esteem,Anticipation,0.85,"The batter's focused stance and grip on the bat suggest he is waiting for the pitch, building tension before the swing.","LABEL: Anticipation
CONFIDENCE: 0.85
REASON: The batter's focused stance and grip on the bat suggest he is waiting for the pitch, building tension before the swing."
emodb_small/images/4le1bbiky5djx0iuln.jpg,Esteem,Engagement,0.85,The speaker's animated hand gestures and direct posture suggest active involvement with the audience.,"LABEL: Engagement
CONFIDENCE: 0.85
REASON: The speaker's animated hand gestures and direct posture suggest active involvement with the audience."
mscoco/images/COCO_val2014_000000510791.jpg,Esteem,Confidence,0.85,The tennis player's focused posture and grip on the racket suggest readiness and self-assurance during a match.,"LABEL: Confidence
CONFIDENCE: 0.85
REASON: The tennis player's focused posture and grip on the racket suggest readiness and self-assurance during a match."
mscoco/images/COCO_train2014_000000385744.jpg,Esteem,Happiness,0.85,"The woman is smiling broadly while drinking from a pink cup, suggesting enjoyment and positive emotion.","LABEL: Happiness
CONFIDENCE: 0.85
REASON: The woman is smiling broadly while drinking from a pink cup, suggesting enjoyment and positive emotion."
mscoco/images/COCO_train2014_000000002842.jpg,Esteem,Confidence,0.85,The tennis player’s focused stance and grip on her racket suggest readiness and self-assurance during a match.,"LABEL: Confidence
CONFIDENCE: 0.85
REASON: The tennis player’s focused stance and grip on her racket suggest readiness and self-assurance during a match."
mscoco/images/COCO_val2014_000000509403.jpg,Esteem,Disconnection,0.85,"The person is turned away, looking at the ground, suggesting detachment or lack of engagement with their surroundings or others.","LABEL: Disconnection
CONFIDENCE: 0.85
REASON: The person is turned away, looking at the ground, suggesting detachment or lack of engagement with their surroundings or others."
framesdb/images/frame_c9ctv7ctm2dnic4v.jpg,Esteem,Confidence,0.85,"The child is intently examining anatomical models, indicating focused interest and inquiry.","LABEL: Curiosity
CONFIDENCE: 0.85
REASON: The child is intently examining anatomical models, indicating focused interest and inquiry."
mscoco/images/COCO_val2014_000000222681.jpg,Esteem,Disapproval,0.8,The child's furrowed brow and downturned mouth suggest disapproval of the cake or situation.,"LABEL: Disapproval
CONFIDENCE: 0.8
REASON: The child's furrowed brow and downturned mouth suggest disapproval of the cake or situation."
mscoco/images/COCO_train2014_000000426839.jpg,Esteem,Disconnection,0.85,"The man is holding his phone up to obscure his face, suggesting he’s intentionally disconnecting from being seen or recognized.","LABEL: Disconnection
CONFIDENCE: 0.85
REASON: The man is holding his phone up to obscure his face, suggesting he’s intentionally disconnecting from being seen or recognized."
mscoco/images/COCO_train2014_000000259467.jpg,Esteem,Engagement,0.85,"The child is actively raising their hand, indicating participation and focus in the activity.","LABEL: Engagement
CONFIDENCE: 0.85
REASON: The child is actively raising their hand, indicating participation and focus in the activity."
framesdb/images/frame_belw7xz1lwepxcyq.jpg,Esteem,Disconnection,0.85,"The person is seen in profile, looking away, suggesting emotional detachment or lack of connection with the viewer or context.","LABEL: Disconnection
CONFIDENCE: 0.85
REASON: The person is seen in profile, looking away, suggesting emotional detachment or lack of connection with the viewer or context."
mscoco/images/COCO_train2014_000000419767.jpg,Esteem,Disconnection,0.85,"The man in the foreground is turned away, not engaging with others, suggesting emotional or physical disconnection from the scene.","LABEL: Disconnection
CONFIDENCE: 0.85
REASON: The man in the foreground is turned away, not engaging with others, suggesting emotional or physical disconnection from the scene."
mscoco/images/COCO_train2014_000000217224.jpg,Esteem,Engagement,0.85,"The person is leaning forward with focused attention on the keyboard, indicating active involvement in a task.","LABEL: Engagement
CONFIDENCE: 0.85
REASON: The person is leaning forward with focused attention on the keyboard, indicating active involvement in a task."
framesdb/images/frame_cmwvbpa676fz8xne.jpg,Esteem,Disapproval,0.8,"The stern expressions and rigid posture of the uniformed individuals suggest a formal, possibly critical or disapproving atmosphere.","LABEL: Disapproval
CONFIDENCE: 0.8
REASON: The stern expressions and rigid posture of the uniformed individuals suggest a formal, possibly critical or disapproving atmosphere."
framesdb/images/frame_cmwvbpa676fz8xne.jpg,Esteem,Disconnection,0.85,"The black-and-white photo shows two soldiers in uniform standing side by side, but their expressions are neutral and they appear emotionally distant from each other or the viewer, conveying a sense of detachment.","LABEL: Disconnection
CONFIDENCE: 0.85
REASON: The black-and-white photo shows two soldiers in uniform standing side by side, but their expressions are neutral and they appear emotionally distant from each other or the viewer, conveying a sense of detachment."
mscoco/images/COCO_train2014_000000091642.jpg,Esteem,Happiness,0.95,"The skier is smiling broadly and raising her arms in celebration, clearly expressing joy after a successful performance.","LABEL: Happiness
CONFIDENCE: 0.95
REASON: The skier is smiling broadly and raising her arms in celebration, clearly expressing joy after a successful performance."
mscoco/images/COCO_train2014_000000078358.jpg,Esteem,Esteem,0.85,"The man in the suit is shaking hands with someone while holding a tablet, suggesting a formal, respectful interaction that implies esteem.","LABEL: Esteem
CONFIDENCE: 0.85
REASON: The man in the suit is shaking hands with someone while holding a tablet, suggesting a formal, respectful interaction that implies esteem."
mscoco/images/COCO_train2014_000000078358.jpg,Esteem,Esteem,0.85,"The man is shaking hands formally, suggesting respect and acknowledgment from others, implying esteem.","LABEL: Esteem
CONFIDENCE: 0.85
REASON: The man is shaking hands formally, suggesting respect and acknowledgment from others, implying esteem."
mscoco/images/COCO_train2014_000000462509.jpg,Esteem,Anticipation,0.85,"The batter is poised and ready to swing, suggesting expectation of an upcoming pitch.","LABEL: Anticipation
CONFIDENCE: 0.85
REASON: The batter is poised and ready to swing, suggesting expectation of an upcoming pitch."
mscoco/images/COCO_train2014_000000444171.jpg,Esteem,Affection,0.85,"The child is holding a baby doll close and looking at it with tenderness, suggesting care and affection.","LABEL: Affection
CONFIDENCE: 0.85
REASON: The child is holding a baby doll close and looking at it with tenderness, suggesting care and affection."
mscoco/images/COCO_val2014_000000053364.jpg,Esteem,Happiness,0.85,"The person is smiling and engaged in a festive activity, suggesting joy.","LABEL: Happiness
CONFIDENCE: 0.85
REASON: The person is smiling and engaged in a festive activity, suggesting joy."
mscoco/images/COCO_train2014_000000464812.jpg,Esteem,Sadness,0.85,The boy's downward gaze and slumped posture convey a sense of melancholy or disappointment.,"LABEL: Sadness
CONFIDENCE: 0.85
REASON: The boy's downward gaze and slumped posture convey a sense of melancholy or disappointment."
mscoco/images/COCO_train2014_000000122667.jpg,Esteem,Happiness,0.85,"The person is smiling broadly and appears relaxed, suggesting happiness.","LABEL: Happiness
CONFIDENCE: 0.85
REASON: The person is smiling broadly and appears relaxed, suggesting happiness."
mscoco/images/COCO_val2014_000000194704.jpg,Esteem,Happiness,0.95,"The person is smiling broadly with arms raised in a celebratory gesture, conveying clear joy.","LABEL: Happiness
CONFIDENCE: 0.95
REASON: The person is smiling broadly with arms raised in a celebratory gesture, conveying clear joy."
mscoco/images/COCO_train2014_000000114421.jpg,Esteem,Happiness,0.95,The woman is smiling broadly and appears cheerful while holding an orange umbrella.,"LABEL: Happiness
CONFIDENCE: 0.95
REASON: The woman is smiling broadly and appears cheerful while holding an orange umbrella."
mscoco/images/COCO_val2014_000000041279.jpg,Esteem,Happiness,0.85,"The person is smiling broadly while eating pizza, indicating enjoyment and contentment.","LABEL: Happiness
CONFIDENCE: 0.85
REASON: The person is smiling broadly while eating pizza, indicating enjoyment and contentment."
mscoco/images/COCO_train2014_000000353223.jpg,Esteem,Happiness,0.95,The person's smiling face and active surfing posture convey clear enjoyment and happiness.,"LABEL: Happiness
CONFIDENCE: 0.95
REASON: The person's smiling face and active surfing posture convey clear enjoyment and happiness."
mscoco/images/COCO_train2014_000000304473.jpg,Esteem,Excitement,0.85,The player's dynamic pose and open mouth suggest energetic engagement in the game.,"LABEL: Excitement
CONFIDENCE: 0.85
REASON: The player's dynamic pose and open mouth suggest energetic engagement in the game."
mscoco/images/COCO_val2014_000000498032.jpg,Esteem,Engagement,0.85,"The person is actively raising their arm and holding an object, suggesting focused involvement in an activity.","LABEL: Engagement
CONFIDENCE: 0.85
REASON: The person is actively raising their arm and holding an object, suggesting focused involvement in an activity."
framesdb/images/frame_9q90mzvc7x4cdyr3.jpg,Esteem,Disconnection,0.8,"The image shows a person in casual attire, seemingly unaware of being photographed, suggesting a lack of connection to the viewer or context.","LABEL: Disconnection
CONFIDENCE: 0.8
REASON: The image shows a person in casual attire, seemingly unaware of being photographed, suggesting a lack of connection to the viewer or context."
emodb_small/images/4dvzh6e97rzw27kig1.jpg,Esteem,Happiness,0.95,"The man is laughing heartily while on the phone, indicating clear joy.","LABEL: Happiness
CONFIDENCE: 0.95
REASON: The man is laughing heartily while on the phone, indicating clear joy."
mscoco/images/COCO_val2014_000000266922.jpg,Esteem,Happiness,0.85,"The man is smiling and appears relaxed while skiing, suggesting enjoyment.","LABEL: Happiness
CONFIDENCE: 0.85
REASON: The man is smiling and appears relaxed while skiing, suggesting enjoyment."
mscoco/images/COCO_train2014_000000443084.jpg,Esteem,Pleasure,0.85,"The person is drinking from a mug with a relaxed posture, suggesting enjoyment.","LABEL: Pleasure
CONFIDENCE: 0.85
REASON: The person is drinking from a mug with a relaxed posture, suggesting enjoyment."
mscoco/images/COCO_train2014_000000288841.jpg,Anticipation,Happiness,0.85,The girl is smiling broadly and appears joyful in her festive red dress.,"LABEL: Happiness
CONFIDENCE: 0.85
REASON: The girl is smiling broadly and appears joyful in her festive red dress."
mscoco/images/COCO_val2014_000000168683.jpg,Anticipation,Anticipation,0.85,His focused gaze and hand-on-chin pose suggest he is waiting for or thinking about something important.,"LABEL: Anticipation
CONFIDENCE: 0.85
REASON: His focused gaze and hand-on-chin pose suggest he is waiting for or thinking about something important."
mscoco/images/COCO_val2014_000000547457.jpg,Anticipation,Happiness,0.95,"The woman is smiling broadly while driving, indicating clear happiness.","LABEL: Happiness
CONFIDENCE: 0.95
REASON: The woman is smiling broadly while driving, indicating clear happiness."
mscoco/images/COCO_train2014_000000140322.jpg,Anticipation,Surprise,0.85,The baby’s wide eyes and open mouth suggest a startled or amazed reaction to seeing the dollar bill.,"LABEL: Surprise
CONFIDENCE: 0.85
REASON: The baby’s wide eyes and open mouth suggest a startled or amazed reaction to seeing the dollar bill."
mscoco/images/COCO_train2014_000000001966.jpg,Anticipation,Anticipation,0.85,The player's focused stance and grip on the racket suggest he is preparing for an upcoming shot in a tennis match.,"LABEL: Anticipation
CONFIDENCE: 0.85
REASON: The player's focused stance and grip on the racket suggest he is preparing for an upcoming shot in a tennis match."
framesdb/images/frame_kuxvwgw2wheq7szc.jpg,Anticipation,Sadness,0.8,The child's downward gaze and posture suggest melancholy or sorrow.,"LABEL: Sadness
CONFIDENCE: 0.8
REASON: The child's downward gaze and posture suggest melancholy or sorrow."
mscoco/images/COCO_train2014_000000411109.jpg,Anticipation,Anticipation,0.85,"The baseball player's posture suggests he is preparing to throw or act, indicating anticipation of the next play.","LABEL: Anticipation
CONFIDENCE: 0.85
REASON: The baseball player's posture suggests he is preparing to throw or act, indicating anticipation of the next play."
mscoco/images/COCO_val2014_000000054277.jpg,Anticipation,Disconnection,0.85,The person’s posture and blurred surroundings suggest isolation or detachment from their environment.,"LABEL: Disconnection
CONFIDENCE: 0.85
REASON: The person’s posture and blurred surroundings suggest isolation or detachment from their environment."
mscoco/images/COCO_train2014_000000390644.jpg,Anticipation,Excitement,0.85,The person's dynamic pose and focused expression suggest active enjoyment and thrill from skateboarding.,"LABEL: Excitement
CONFIDENCE: 0.85
REASON: The person's dynamic pose and focused expression suggest active enjoyment and thrill from skateboarding."
mscoco/images/COCO_train2014_000000322698.jpg,Anticipation,Anticipation,0.85,"The man’s outstretched arm and focused gaze suggest he is preparing to throw or catch something, indicating anticipation of an action.","LABEL: Anticipation
CONFIDENCE: 0.85
REASON: The man’s outstretched arm and focused gaze suggest he is preparing to throw or catch something, indicating anticipation of an action."
mscoco/images/COCO_train2014_000000408190.jpg,Anticipation,Excitement,0.85,"The person is actively surfing, a thrilling activity that typically evokes excitement.","LABEL: Excitement
CONFIDENCE: 0.85
REASON: The person is actively surfing, a thrilling activity that typically evokes excitement."
framesdb/images/frame_aztc78d4kjclxv9e.jpg,Anticipation,Fatigue,0.85,The person’s slumped posture and focused gaze suggest tiredness from prolonged work or study.,"LABEL: Fatigue
CONFIDENCE: 0.85
REASON: The person’s slumped posture and focused gaze suggest tiredness from prolonged work or study."
framesdb/images/frame_aztc78d4kjclxv9e.jpg,Anticipation,Engagement,0.85,"The person is actively focused on typing on a laptop, indicating involvement and concentration in their task.","LABEL: Engagement
CONFIDENCE: 0.85
REASON: The person is actively focused on typing on a laptop, indicating involvement and concentration in their task."
mscoco/images/COCO_train2014_000000298949.jpg,Anticipation,Excitement,0.85,"The person is captured mid-air performing a dynamic skateboarding trick, conveying energy and thrill.","LABEL: Excitement
CONFIDENCE: 0.85
REASON: The person is captured mid-air performing a dynamic skateboarding trick, conveying energy and thrill."
mscoco/images/COCO_val2014_000000576031.jpg,Anticipation,Disconnection,0.85,"The person is focused on skiing, seemingly disconnected from their surroundings or observers.","LABEL: Disconnection
CONFIDENCE: 0.85
REASON: The person is focused on skiing, seemingly disconnected from their surroundings or observers."
framesdb/images/frame_8bcjgl84a80cguy5.jpg,Anticipation,Disconnection,0.8,"The person is looking down and away, seemingly disengaged from their surroundings or others.","LABEL: Disconnection
CONFIDENCE: 0.8
REASON: The person is looking down and away, seemingly disengaged from their surroundings or others."
framesdb/images/frame_8bcjgl84a80cguy5.jpg,Anticipation,Disapproval,0.85,His furrowed brow and downward gaze suggest disapproval of something happening nearby.,"LABEL: Disapproval
CONFIDENCE: 0.85
REASON: His furrowed brow and downward gaze suggest disapproval of something happening nearby."
framesdb/images/frame_bwnq9ntic9dpamg2.jpg,Anticipation,Disconnection,0.85,"The person is seen from behind, seemingly detached from the surrounding environment or others.","LABEL: Disconnection
CONFIDENCE: 0.85
REASON: The person is seen from behind, seemingly detached from the surrounding environment or others."
framesdb/images/frame_6290od7o4jvss70n.jpg,Anticipation,Disconnection,0.85,"The blurred, distant figures suggest emotional or physical separation.","LABEL: Disconnection
CONFIDENCE: 0.85
REASON: The blurred, distant figures suggest emotional or physical separation."
mscoco/images/COCO_train2014_000000282027.jpg,Anticipation,Excitement,0.85,The player’s dynamic pose mid-swing suggests energetic engagement and enthusiasm for the game.,"LABEL: Excitement
CONFIDENCE: 0.85
REASON: The player’s dynamic pose mid-swing suggests energetic engagement and enthusiasm for the game."
mscoco/images/COCO_train2014_000000396793.jpg,Anticipation,Anticipation,0.8,"The person is dressed in athletic gear and appears ready for action, suggesting they are waiting for a game or event to begin.","LABEL: Anticipation
CONFIDENCE: 0.8
REASON: The person is dressed in athletic gear and appears ready for action, suggesting they are waiting for a game or event to begin."
mscoco/images/COCO_train2014_000000252375.jpg,Anticipation,Excitement,0.85,The dynamic pose and mid-air trick suggest high energy and thrill.,"LABEL: Excitement
CONFIDENCE: 0.85
REASON: The dynamic pose and mid-air trick suggest high energy and thrill."
mscoco/images/COCO_train2014_000000483078.jpg,Anticipation,Anticipation,0.85,The child's focused posture and ready stance suggest they are waiting for the next play in the game.,"LABEL: Anticipation
CONFIDENCE: 0.85
REASON: The child's focused posture and ready stance suggest they are waiting for the next play in the game."
mscoco/images/COCO_train2014_000000509626.jpg,Anticipation,Anticipation,0.85,"The batter is in a poised, focused stance mid-swing, suggesting he is anticipating the pitch and the outcome of the at-bat.","LABEL: Anticipation
CONFIDENCE: 0.85
REASON: The batter is in a poised, focused stance mid-swing, suggesting he is anticipating the pitch and the outcome of the at-bat."
mscoco/images/COCO_train2014_000000252801.jpg,Anticipation,Engagement,0.85,"The man is actively focused on opening the water bottle, indicating involvement in the task.","LABEL: Engagement
CONFIDENCE: 0.85
REASON: The man is actively focused on opening the water bottle, indicating involvement in the task."
mscoco/images/COCO_train2014_000000107072.jpg,Anticipation,Surprise,0.85,The person's dramatic zombie costume and makeup are visually unexpected and startling.,"LABEL: Surprise
CONFIDENCE: 0.85
REASON: The person's dramatic zombie costume and makeup are visually unexpected and startling."
framesdb/images/frame_7qztqnocqk4d67lc.jpg,Anticipation,Happiness,0.95,The athlete's wide smile and energetic posture convey clear joy and triumph.,"LABEL: Happiness
CONFIDENCE: 0.95
REASON: The athlete's wide smile and energetic posture convey clear joy and triumph."
framesdb/images/frame_7qztqnocqk4d67lc.jpg,Anticipation,Excitement,0.85,The blurred image of an athlete mid-jump suggests dynamic energy and the thrill of competition.,"LABEL: Excitement
CONFIDENCE: 0.85
REASON: The blurred image of an athlete mid-jump suggests dynamic energy and the thrill of competition."
framesdb/images/frame_hkvjon62ft6acgnx.jpg,Anticipation,Anticipation,0.85,The batter's focused posture and mid-swing motion suggest he is eagerly anticipating the outcome of the pitch.,"LABEL: Anticipation
CONFIDENCE: 0.85
REASON: The batter's focused posture and mid-swing motion suggest he is eagerly anticipating the outcome of the pitch."
mscoco/images/COCO_train2014_000000385280.jpg,Anticipation,Excitement,0.9,"The person is mid-air on a skateboard, suggesting dynamic, thrilling movement that typically evokes excitement.","LABEL: Excitement
CONFIDENCE: 0.9
REASON: The person is mid-air on a skateboard, suggesting dynamic, thrilling movement that typically evokes excitement."
mscoco/images/COCO_val2014_000000202476.jpg,Anticipation,Confidence,0.85,The player's focused posture and intense gaze suggest self-assurance during a competitive match.,"LABEL: Confidence
CONFIDENCE: 0.85
REASON: The player's focused posture and intense gaze suggest self-assurance during a competitive match."
mscoco/images/COCO_train2014_000000269588.jpg,Anticipation,Disconnection,0.85,The man’s isolated posture and focused phone conversation suggest emotional detachment from his surroundings.,"LABEL: Disconnection
CONFIDENCE: 0.85
REASON: The man’s isolated posture and focused phone conversation suggest emotional detachment from his surroundings."
mscoco/images/COCO_train2014_000000221625.jpg,Anticipation,Engagement,0.95,"The athlete is intensely focused and physically poised mid-swing, indicating deep involvement in the game.","LABEL: Engagement
CONFIDENCE: 0.95
REASON: The athlete is intensely focused and physically poised mid-swing, indicating deep involvement in the game."
mscoco/images/COCO_val2014_000000558171.jpg,Engagement,Happiness,0.85,"The person is smiling and actively engaged in throwing a frisbee, suggesting enjoyment and positive emotion.","LABEL: Happiness
CONFIDENCE: 0.85
REASON: The person is smiling and actively engaged in throwing a frisbee, suggesting enjoyment and positive emotion."
mscoco/images/COCO_train2014_000000006590.jpg,Engagement,Happiness,0.95,"The child is smiling broadly while holding an umbrella, indicating joy.","LABEL: Happiness
CONFIDENCE: 0.95
REASON: The child is smiling broadly while holding an umbrella, indicating joy."
mscoco/images/COCO_val2014_000000122997.jpg,Engagement,Engagement,0.9,"The individuals are focused on writing in notebooks, indicating active participation and concentration.","LABEL: Engagement
CONFIDENCE: 0.9
REASON: The individuals are focused on writing in notebooks, indicating active participation and concentration."
framesdb/images/frame_k245twaqc30i5imc.jpg,Engagement,Happiness,0.95,"The woman is smiling with her eyes closed, appearing content and relaxed in bed.","LABEL: Happiness
CONFIDENCE: 0.95
REASON: The woman is smiling with her eyes closed, appearing content and relaxed in bed."
framesdb/images/frame_fjgek3oeqc8r0e3o.jpg,Engagement,Engagement,0.95,"The player is actively focused and physically involved in hitting the tennis ball, showing deep concentration and participation in the game.","LABEL: Engagement
CONFIDENCE: 0.95
REASON: The player is actively focused and physically involved in hitting the tennis ball, showing deep concentration and participation in the game."
mscoco/images/COCO_train2014_000000094268.jpg,Engagement,Happiness,0.85,"The man is smiling broadly and has a relaxed posture, suggesting positive emotion.","LABEL: Happiness
CONFIDENCE: 0.85
REASON: The man is smiling broadly and has a relaxed posture, suggesting positive emotion."
mscoco/images/COCO_train2014_000000094268.jpg,Engagement,Excitement,0.9,The man’s dynamic pose and focused expression suggest he is actively engaged and thrilled during a frisbee game.,"LABEL: Excitement
CONFIDENCE: 0.9
REASON: The man’s dynamic pose and focused expression suggest he is actively engaged and thrilled during a frisbee game."
mscoco/images/COCO_val2014_000000231589.jpg,Engagement,Happiness,0.85,The child's bright eyes and playful pose with a pacifier suggest joyful contentment.,"LABEL: Happiness
CONFIDENCE: 0.85
REASON: The child's bright eyes and playful pose with a pacifier suggest joyful contentment."
mscoco/images/COCO_train2014_000000055276.jpg,Engagement,Happiness,0.85,The man's smiling expression and engaged posture suggest he is enjoying the moment.,"LABEL: Happiness
CONFIDENCE: 0.85
REASON: The man's smiling expression and engaged posture suggest he is enjoying the moment."
mscoco/images/COCO_val2014_000000568202.jpg,Engagement,Happiness,0.85,"The woman is smiling gently while seated at a meal, suggesting contentment and enjoyment.","LABEL: Happiness
CONFIDENCE: 0.85
REASON: The woman is smiling gently while seated at a meal, suggesting contentment and enjoyment."
framesdb/images/frame_erwzk3npaleubsqm.jpg,Engagement,Anticipation,0.8,"The person is focused on their phone, suggesting they are waiting for or expecting something.","LABEL: Anticipation
CONFIDENCE: 0.8
REASON: The person is focused on their phone, suggesting they are waiting for or expecting something."
framesdb/images/frame_erwzk3npaleubsqm.jpg,Engagement,Disconnection,0.85,The person’s neutral expression and distant posture suggest emotional detachment from the surroundings.,"LABEL: Disconnection
CONFIDENCE: 0.85
REASON: The person’s neutral expression and distant posture suggest emotional detachment from the surroundings."
mscoco/images/COCO_train2014_000000549216.jpg,Engagement,Engagement,0.85,"The person is actively focused on the laptop, suggesting involvement in an activity.","LABEL: Engagement
CONFIDENCE: 0.85
REASON: The person is actively focused on the laptop, suggesting involvement in an activity."
mscoco/images/COCO_train2014_000000551481.jpg,Engagement,Anticipation,0.85,"The young baseball player's posture and focused gaze suggest he is waiting for the next play or pitch, indicating anticipation.","LABEL: Anticipation
CONFIDENCE: 0.85
REASON: The young baseball player's posture and focused gaze suggest he is waiting for the next play or pitch, indicating anticipation."
mscoco/images/COCO_train2014_000000528657.jpg,Engagement,Disapproval,0.85,"The person's intense, focused expression and direct gaze suggest disapproval or judgment toward something unseen.","LABEL: Disapproval
CONFIDENCE: 0.85
REASON: The person's intense, focused expression and direct gaze suggest disapproval or judgment toward something unseen."
mscoco/images/COCO_train2014_000000552054.jpg,Engagement,Disconnection,0.85,"The man is looking down at his phone with a distant expression, suggesting he is mentally disconnected from his surroundings.","LABEL: Disconnection
CONFIDENCE: 0.85
REASON: The man is looking down at his phone with a distant expression, suggesting he is mentally disconnected from his surroundings."
mscoco/images/COCO_train2014_000000563727.jpg,Engagement,Pleasure,0.9,"The person is enthusiastically eating a sandwich with an expressive, joyful face, indicating enjoyment.","LABEL: Pleasure
CONFIDENCE: 0.9
REASON: The person is enthusiastically eating a sandwich with an expressive, joyful face, indicating enjoyment."
mscoco/images/COCO_val2014_000000182785.jpg,Engagement,Excitement,0.85,"The person is mid-air on a skateboard, suggesting an energetic and thrilling action.","LABEL: Excitement
CONFIDENCE: 0.85
REASON: The person is mid-air on a skateboard, suggesting an energetic and thrilling action."
framesdb/images/frame_aztc78d4kjclxv9e.jpg,Engagement,Disconnection,0.85,The person's downward gaze and lack of engagement with the viewer suggest emotional or social disconnection.,"LABEL: Disconnection
CONFIDENCE: 0.85
REASON: The person's downward gaze and lack of engagement with the viewer suggest emotional or social disconnection."
framesdb/images/frame_kpokdxsxymvz4qk3.jpg,Engagement,Pleasure,0.85,"The man’s closed eyes and slight smile suggest he is enjoying the moment, likely from playing or listening to music.","LABEL: Pleasure
CONFIDENCE: 0.85
REASON: The man’s closed eyes and slight smile suggest he is enjoying the moment, likely from playing or listening to music."
framesdb/images/frame_3jwi6nrvfphi4lp6.jpg,Engagement,Disconnection,0.85,The man’s sunglasses and distant gaze suggest emotional detachment from his surroundings.,"LABEL: Disconnection
CONFIDENCE: 0.85
REASON: The man’s sunglasses and distant gaze suggest emotional detachment from his surroundings."
framesdb/images/frame_3jwi6nrvfphi4lp6.jpg,Engagement,Peace,0.85,"The person is walking calmly on a boardwalk, suggesting a relaxed, tranquil state.","LABEL: Peace
CONFIDENCE: 0.85
REASON: The person is walking calmly on a boardwalk, suggesting a relaxed, tranquil state."
framesdb/images/frame_3jwi6nrvfphi4lp6.jpg,Engagement,Happiness,0.85,"The person is walking with a relaxed posture and bright clothing, suggesting a cheerful mood.","LABEL: Happiness
CONFIDENCE: 0.85
REASON: The person is walking with a relaxed posture and bright clothing, suggesting a cheerful mood."
mscoco/images/COCO_train2014_000000053608.jpg,Engagement,Engagement,0.85,"The man is focused on preparing food, indicating active involvement and concentration.","LABEL: Engagement
CONFIDENCE: 0.85
REASON: The man is focused on preparing food, indicating active involvement and concentration."
framesdb/images/frame_hzo04gqf487tm689.jpg,Engagement,Surprise,0.85,The person's wide eyes and open mouth suggest a startled or surprised reaction.,"LABEL: Surprise
CONFIDENCE: 0.85
REASON: The person's wide eyes and open mouth suggest a startled or surprised reaction."
mscoco/images/COCO_train2014_000000014103.jpg,Engagement,Happiness,0.85,"The person is actively engaged in a winter activity, likely snowboarding, with a joyful posture and raised arm, suggesting excitement and happiness.","LABEL: Happiness
CONFIDENCE: 0.85
REASON: The person is actively engaged in a winter activity, likely snowboarding, with a joyful posture and raised arm, suggesting excitement and happiness."
framesdb/images/frame_bwnq9ntic9dpamg2.jpg,Engagement,Disconnection,0.8,"The person is seen from behind, suggesting detachment or lack of engagement with the viewer or situation.","LABEL: Disconnection
CONFIDENCE: 0.8
REASON: The person is seen from behind, suggesting detachment or lack of engagement with the viewer or situation."
mscoco/images/COCO_train2014_000000261879.jpg,Engagement,Disconnection,0.8,"The man appears isolated in bed, disconnected from surroundings or activities, suggesting emotional detachment.","LABEL: Disconnection
CONFIDENCE: 0.8
REASON: The man appears isolated in bed, disconnected from surroundings or activities, suggesting emotional detachment."
mscoco/images/COCO_train2014_000000167028.jpg,Engagement,Disapproval,0.85,Her furrowed brow and slightly downturned mouth suggest she is not pleased with something.,"LABEL: Disapproval
CONFIDENCE: 0.85
REASON: Her furrowed brow and slightly downturned mouth suggest she is not pleased with something."
mscoco/images/COCO_train2014_000000167028.jpg,Engagement,Pleasure,0.85,"He is smiling while holding a bowl, suggesting enjoyment of his meal.","LABEL: Pleasure
CONFIDENCE: 0.85
REASON: He is smiling while holding a bowl, suggesting enjoyment of his meal."
framesdb/images/frame_gq8umfw35sg36nlq.jpg,Engagement,Confidence,0.85,"The person is standing confidently in front of a mirror, wearing sunglasses and a casual outfit, suggesting self-assurance.","LABEL: Confidence
CONFIDENCE: 0.85
REASON: The person is standing confidently in front of a mirror, wearing sunglasses and a casual outfit, suggesting self-assurance."
emodb_small/images/h705hnfsvdwf6mh2xw.jpg,Engagement,Pain,0.95,The woman's facial expression and body language show clear signs of physical distress and suffering.,"LABEL: Pain
CONFIDENCE: 0.95
REASON: The woman's facial expression and body language show clear signs of physical distress and suffering."
mscoco/images/COCO_train2014_000000213009.jpg,Confidence,Anticipation,0.85,The batter’s focused stance suggests he is anticipating the pitch to come.,"LABEL: Anticipation
CONFIDENCE: 0.85
REASON: The batter’s focused stance suggests he is anticipating the pitch to come."
mscoco/images/COCO_val2014_000000121006.jpg,Confidence,Happiness,0.9,"The boy is smiling broadly while posing with his cast, showing joy despite his injury.","LABEL: Happiness
CONFIDENCE: 0.9
REASON: The boy is smiling broadly while posing with his cast, showing joy despite his injury."
mscoco/images/COCO_train2014_000000423647.jpg,Confidence,Excitement,0.85,The player's dynamic posture and focused expression suggest intense engagement and energy typical of excitement during a competitive sport.,"LABEL: Excitement
CONFIDENCE: 0.85
REASON: The player's dynamic posture and focused expression suggest intense engagement and energy typical of excitement during a competitive sport."
mscoco/images/COCO_train2014_000000432683.jpg,Confidence,Anticipation,0.85,The man's focused stance and grip on the tennis racket suggest he is preparing for an upcoming play.,"LABEL: Anticipation
CONFIDENCE: 0.85
REASON: The man's focused stance and grip on the tennis racket suggest he is preparing for an upcoming play."
framesdb/images/frame_hzo04gqf487tm689.jpg,Confidence,Happiness,0.95,"The person is smiling broadly while floating in the water, indicating clear joy.","LABEL: Happiness
CONFIDENCE: 0.95
REASON: The person is smiling broadly while floating in the water, indicating clear joy."
mscoco/images/COCO_val2014_000000482172.jpg,Confidence,Excitement,0.9,The surfer’s dynamic pose and focused expression convey thrilling engagement with the wave.,"LABEL: Excitement
CONFIDENCE: 0.9
REASON: The surfer’s dynamic pose and focused expression convey thrilling engagement with the wave."
mscoco/images/COCO_train2014_000000498702.jpg,Confidence,Anticipation,0.85,"The catcher is in a ready stance, suggesting he is waiting for the pitch to be thrown.","LABEL: Anticipation
CONFIDENCE: 0.85
REASON: The catcher is in a ready stance, suggesting he is waiting for the pitch to be thrown."
mscoco/images/COCO_val2014_000000108758.jpg,Confidence,Esteem,0.85,"The person is shown in a professional-looking photo with a name tag, suggesting a context of respect or recognition.","LABEL: Esteem
CONFIDENCE: 0.85
REASON: The person is shown in a professional-looking photo with a name tag, suggesting a context of respect or recognition."
mscoco/images/COCO_train2014_000000106596.jpg,Confidence,Confidence,0.85,"The man’s relaxed posture, direct gaze, and casual beach attire suggest self-assurance and comfort in his environment.","LABEL: Confidence
CONFIDENCE: 0.85
REASON: The man’s relaxed posture, direct gaze, and casual beach attire suggest self-assurance and comfort in his environment."
framesdb/images/frame_1cnsgmoppetoruv9.jpg,Confidence,Disconnection,0.8,"The person is wearing sunglasses and looking down, suggesting detachment or avoidance of social interaction.","LABEL: Disconnection
CONFIDENCE: 0.8
REASON: The person is wearing sunglasses and looking down, suggesting detachment or avoidance of social interaction."
mscoco/images/COCO_train2014_000000389772.jpg,Confidence,Happiness,0.95,"The woman is smiling broadly while holding a tennis racket, suggesting joy or satisfaction.","LABEL: Happiness
CONFIDENCE: 0.95
REASON: The woman is smiling broadly while holding a tennis racket, suggesting joy or satisfaction."
mscoco/images/COCO_train2014_000000394058.jpg,Confidence,Happiness,0.85,"The person is smiling while skiing, indicating enjoyment and positive emotion.","LABEL: Happiness
CONFIDENCE: 0.85
REASON: The person is smiling while skiing, indicating enjoyment and positive emotion."
mscoco/images/COCO_train2014_000000367519.jpg,Confidence,Anticipation,0.8,"The player's posture suggests he is preparing to kick the ball, indicating anticipation of action.","LABEL: Anticipation
CONFIDENCE: 0.8
REASON: The player's posture suggests he is preparing to kick the ball, indicating anticipation of action."
mscoco/images/COCO_train2014_000000055516.jpg,Confidence,Excitement,0.85,The dynamic snowboarding pose suggests thrilling action and energy.,"LABEL: Excitement
CONFIDENCE: 0.85
REASON: The dynamic snowboarding pose suggests thrilling action and energy."
mscoco/images/COCO_val2014_000000097924.jpg,Confidence,Fear,0.85,"The person is leaning back defensively while being approached by a large animal, suggesting fear of harm or unpredictability.","LABEL: Fear
CONFIDENCE: 0.85
REASON: The person is leaning back defensively while being approached by a large animal, suggesting fear of harm or unpredictability."
mscoco/images/COCO_val2014_000000075783.jpg,Confidence,Excitement,0.85,The surfer’s dynamic posture and splashing water convey intense focus and thrill typical of exciting surfing moments.,"LABEL: Excitement
CONFIDENCE: 0.85
REASON: The surfer’s dynamic posture and splashing water convey intense focus and thrill typical of exciting surfing moments."
mscoco/images/COCO_train2014_000000552985.jpg,Confidence,Excitement,0.9,The man’s intense facial expression and eagerness to eat the pizza suggest strong excitement.,"LABEL: Excitement
CONFIDENCE: 0.9
REASON: The man’s intense facial expression and eagerness to eat the pizza suggest strong excitement."
mscoco/images/COCO_train2014_000000480947.jpg,Confidence,Excitement,0.85,"The person is in motion, wearing athletic gear, suggesting active engagement and energy typical of excitement.","LABEL: Excitement
CONFIDENCE: 0.85
REASON: The person is in motion, wearing athletic gear, suggesting active engagement and energy typical of excitement."
mscoco/images/COCO_train2014_000000443005.jpg,Confidence,Happiness,0.85,The riders' relaxed postures and smiles suggest enjoyment and contentment while riding.,"LABEL: Happiness
CONFIDENCE: 0.85
REASON: The riders' relaxed postures and smiles suggest enjoyment and contentment while riding."
mscoco/images/COCO_train2014_000000145462.jpg,Confidence,Excitement,0.85,"The man's dynamic pose and focused expression suggest energetic engagement in an activity, conveying excitement.","LABEL: Excitement
CONFIDENCE: 0.85
REASON: The man's dynamic pose and focused expression suggest energetic engagement in an activity, conveying excitement."
mscoco/images/COCO_train2014_000000399630.jpg,Confidence,Anticipation,0.85,"The player's focused stance and grip on the racket suggest she is preparing for an incoming shot, indicating anticipation.","LABEL: Anticipation
CONFIDENCE: 0.85
REASON: The player's focused stance and grip on the racket suggest she is preparing for an incoming shot, indicating anticipation."
mscoco/images/COCO_train2014_000000563617.jpg,Confidence,Disconnection,0.85,"The person is seen from behind, walking away, suggesting emotional or physical detachment from the viewer or context.","LABEL: Disconnection
CONFIDENCE: 0.85
REASON: The person is seen from behind, walking away, suggesting emotional or physical detachment from the viewer or context."
mscoco/images/COCO_train2014_000000091642.jpg,Confidence,Happiness,0.95,"The skier is raising her arms in celebration with a broad smile, clearly expressing joy after a successful performance.","LABEL: Happiness
CONFIDENCE: 0.95
REASON: The skier is raising her arms in celebration with a broad smile, clearly expressing joy after a successful performance."
framesdb/images/frame_i1gbq80jq8yd2tjk.jpg,Confidence,Happiness,0.85,"The man is smiling broadly and appears relaxed in a sunny beach setting, conveying clear happiness.","LABEL: Happiness
CONFIDENCE: 0.85
REASON: The man is smiling broadly and appears relaxed in a sunny beach setting, conveying clear happiness."
framesdb/images/frame_kuq0kdzyl2m9b7eo.jpg,Confidence,Confidence,0.85,"The lifeguard is holding the swimmer's face, suggesting concern for their safety or well-being.","LABEL: Concern
CONFIDENCE: 0.85
REASON: The lifeguard is holding the swimmer's face, suggesting concern for their safety or well-being."
mscoco/images/COCO_train2014_000000211033.jpg,Confidence,Anticipation,0.85,"The batter is in a poised stance, ready to swing, suggesting anticipation of the pitch.","LABEL: Anticipation
CONFIDENCE: 0.85
REASON: The batter is in a poised stance, ready to swing, suggesting anticipation of the pitch."
framesdb/images/frame_k7l5mndx4o6fuoat.jpg,Confidence,Disconnection,0.85,The person is looking away and appears detached from their surroundings or interaction.,"LABEL: Disconnection
CONFIDENCE: 0.85
REASON: The person is looking away and appears detached from their surroundings or interaction."
mscoco/images/COCO_train2014_000000385913.jpg,Confidence,Happiness,0.95,The man's wide smile and the woman's warm expression suggest shared joy and positive emotion.,"LABEL: Happiness
CONFIDENCE: 0.95
REASON: The man's wide smile and the woman's warm expression suggest shared joy and positive emotion."
mscoco/images/COCO_train2014_000000071005.jpg,Confidence,Happiness,0.95,"The man is smiling broadly, showing clear signs of joy or contentment.","LABEL: Happiness
CONFIDENCE: 0.95
REASON: The man is smiling broadly, showing clear signs of joy or contentment."
mscoco/images/COCO_train2014_000000449889.jpg,Confidence,Confidence,0.85,The officer's upright posture and direct gaze convey self-assurance and authority.,"LABEL: Confidence
CONFIDENCE: 0.85
REASON: The officer's upright posture and direct gaze convey self-assurance and authority."
mscoco/images/COCO_train2014_000000296257.jpg,Confidence,Confidence,0.85,The rider’s upright posture and direct gaze suggest self-assurance while posing for the photo.,"LABEL: Confidence
CONFIDENCE: 0.85
REASON: The rider’s upright posture and direct gaze suggest self-assurance while posing for the photo."
framesdb/images/frame_7ed6c8al4ihr3zvr.jpg,Confidence,Excitement,0.85,The boy's posture and focused attention suggest he is engaged and excited about the activity he's participating in.,"LABEL: Excitement
CONFIDENCE: 0.85
REASON: The boy's posture and focused attention suggest he is engaged and excited about the activity he's participating in."
mscoco/images/COCO_train2014_000000360475.jpg,Confidence,Anticipation,0.85,"The man’s focused posture and grip on the bat suggest he is preparing to hit an incoming pitch, indicating anticipation of action.","LABEL: Anticipation
CONFIDENCE: 0.85
REASON: The man’s focused posture and grip on the bat suggest he is preparing to hit an incoming pitch, indicating anticipation of action."
mscoco/images/COCO_train2014_000000535971.jpg,Confidence,Excitement,0.85,The skier's dynamic posture and focused expression suggest enjoyment and thrill from the activity.,"LABEL: Excitement
CONFIDENCE: 0.85
REASON: The skier's dynamic posture and focused expression suggest enjoyment and thrill from the activity."
framesdb/images/frame_jjko64pib60qhjet.jpg,Confidence,Disapproval,0.85,"The sign reading ""VOLCANO VICTIM"" implies criticism or disapproval of the volcanic event's impact on people.","LABEL: Disapproval
CONFIDENCE: 0.85
REASON: The sign reading ""VOLCANO VICTIM"" implies criticism or disapproval of the volcanic event's impact on people."
mscoco/images/COCO_train2014_000000324882.jpg,Confidence,Excitement,0.85,"The person is actively skateboarding, suggesting dynamic movement and likely enjoyment or thrill.","LABEL: Excitement
CONFIDENCE: 0.85
REASON: The person is actively skateboarding, suggesting dynamic movement and likely enjoyment or thrill."
emodb_small/images/3ehhn46l9yimyuaed8.jpg,Confidence,Disconnection,0.85,The soldier's neutral expression and distant gaze suggest emotional detachment from the immediate surroundings.,"LABEL: Disconnection
CONFIDENCE: 0.85
REASON: The soldier's neutral expression and distant gaze suggest emotional detachment from the immediate surroundings."
framesdb/images/frame_iki3j35k80cw0t6v.jpg,Confidence,Peace,0.85,"The calm, rippling water suggests tranquility and serenity.","LABEL: Peace
CONFIDENCE: 0.85
REASON: The calm, rippling water suggests tranquility and serenity."
mscoco/images/COCO_train2014_000000144608.jpg,Happiness,Happiness,0.85,The girl’s joyful expression and active engagement in paddling suggest happiness.,"LABEL: Happiness
CONFIDENCE: 0.85
REASON: The girl’s joyful expression and active engagement in paddling suggest happiness."
framesdb/images/frame_dkwhvgj0m40g01gs.jpg,Happiness,Happiness,0.95,"The player's wide smile and energetic running suggest joy from a positive event, likely scoring a goal.","LABEL: Happiness
CONFIDENCE: 0.95
REASON: The player's wide smile and energetic running suggest joy from a positive event, likely scoring a goal."
mscoco/images/COCO_train2014_000000140322.jpg,Happiness,Surprise,0.85,The child’s wide eyes and slightly open mouth suggest unexpected discovery or delight upon seeing the money.,"LABEL: Surprise
CONFIDENCE: 0.85
REASON: The child’s wide eyes and slightly open mouth suggest unexpected discovery or delight upon seeing the money."
mscoco/images/COCO_train2014_000000055276.jpg,Happiness,Happiness,0.95,"The person is smiling broadly while playfully holding a large decorative hat, conveying clear joy and amusement.","LABEL: Happiness
CONFIDENCE: 0.95
REASON: The person is smiling broadly while playfully holding a large decorative hat, conveying clear joy and amusement."
mscoco/images/COCO_train2014_000000088609.jpg,Happiness,Happiness,0.95,"The child is smiling broadly with visible joy, suggesting happiness.","LABEL: Happiness
CONFIDENCE: 0.95
REASON: The child is smiling broadly with visible joy, suggesting happiness."
framesdb/images/frame_j44zhny87dief9zp.jpg,Happiness,Happiness,0.85,"The person is smiling while playing guitar, suggesting enjoyment and positive emotion.","LABEL: Happiness
CONFIDENCE: 0.85
REASON: The person is smiling while playing guitar, suggesting enjoyment and positive emotion."
mscoco/images/COCO_train2014_000000524651.jpg,Happiness,Happiness,0.95,"The person is smiling broadly while standing in snow gear, indicating joy.","LABEL: Happiness
CONFIDENCE: 0.95
REASON: The person is smiling broadly while standing in snow gear, indicating joy."
mscoco/images/COCO_train2014_000000014103.jpg,Happiness,Excitement,0.9,"The snowboarder is mid-air performing a trick, suggesting high energy and thrill.","LABEL: Excitement
CONFIDENCE: 0.9
REASON: The snowboarder is mid-air performing a trick, suggesting high energy and thrill."
framesdb/images/frame_hdepjixs67t3l4zo.jpg,Happiness,Happiness,0.95,"The woman is smiling broadly and posing cheerfully in a festive setting, indicating clear happiness.","LABEL: Happiness
CONFIDENCE: 0.95
REASON: The woman is smiling broadly and posing cheerfully in a festive setting, indicating clear happiness."
mscoco/images/COCO_train2014_000000377160.jpg,Happiness,Happiness,0.95,"The person is smiling warmly while looking at the camera, conveying clear happiness.","LABEL: Happiness
CONFIDENCE: 0.95
REASON: The person is smiling warmly while looking at the camera, conveying clear happiness."
mscoco/images/COCO_train2014_000000147012.jpg,Happiness,Anticipation,0.85,"The boy’s focused gaze and grip on the frisbee suggest he is preparing to throw it, indicating anticipation of action.","LABEL: Anticipation
CONFIDENCE: 0.85
REASON: The boy’s focused gaze and grip on the frisbee suggest he is preparing to throw it, indicating anticipation of action."
framesdb/images/frame_hqxrmmcc6c2zqzr4.jpg,Happiness,Happiness,0.95,"The woman is smiling broadly with a relaxed posture, indicating clear happiness.","LABEL: Happiness
CONFIDENCE: 0.95
REASON: The woman is smiling broadly with a relaxed posture, indicating clear happiness."
framesdb/images/frame_gfeivpuiazkxf29e.jpg,Happiness,Peace,0.85,"The man appears relaxed and content while fishing, suggesting calmness and tranquility.","LABEL: Peace
CONFIDENCE: 0.85
REASON: The man appears relaxed and content while fishing, suggesting calmness and tranquility."
mscoco/images/COCO_train2014_000000006692.jpg,Happiness,Happiness,0.85,"The man is smiling broadly while posing on his bicycle, suggesting joy and contentment.","LABEL: Happiness
CONFIDENCE: 0.85
REASON: The man is smiling broadly while posing on his bicycle, suggesting joy and contentment."
mscoco/images/COCO_train2014_000000360548.jpg,Happiness,Happiness,0.8,"She has a gentle smile and relaxed posture, suggesting contentment or happiness.","LABEL: Happiness
CONFIDENCE: 0.8
REASON: She has a gentle smile and relaxed posture, suggesting contentment or happiness."
framesdb/images/frame_2m658fp3xgkeqkug.jpg,Happiness,Peace,0.85,"The person’s bowed posture and focused demeanor suggest quiet reverence, aligning with a state of peace.","LABEL: Peace
CONFIDENCE: 0.85
REASON: The person’s bowed posture and focused demeanor suggest quiet reverence, aligning with a state of peace."
mscoco/images/COCO_train2014_000000248403.jpg,Happiness,Disapproval,0.85,Her furrowed brow and slightly downturned mouth suggest disapproval or mild dissatisfaction.,"LABEL: Disapproval
CONFIDENCE: 0.85
REASON: Her furrowed brow and slightly downturned mouth suggest disapproval or mild dissatisfaction."
mscoco/images/COCO_train2014_000000512854.jpg,Happiness,Excitement,0.85,"The man's raised arm and focused expression suggest he is actively engaged in an exciting activity, likely gaming with a controller.","LABEL: Excitement
CONFIDENCE: 0.85
REASON: The man's raised arm and focused expression suggest he is actively engaged in an exciting activity, likely gaming with a controller."
framesdb/images/frame_fq5auwuqb7gh7kn6.jpg,Happiness,Happiness,0.95,"The women are smiling broadly and posing playfully in the water, conveying clear joy and amusement.","LABEL: Happiness
CONFIDENCE: 0.95
REASON: The women are smiling broadly and posing playfully in the water, conveying clear joy and amusement."
framesdb/images/frame_fq5auwuqb7gh7kn6.jpg,Happiness,Happiness,0.95,The people in the image are smiling broadly and appear to be enjoying themselves in the water.,"LABEL: Happiness
CONFIDENCE: 0.95
REASON: The people in the image are smiling broadly and appear to be enjoying themselves in the water."
mscoco/images/COCO_train2014_000000439678.jpg,Happiness,Happiness,0.95,"The person is smiling broadly with a joyful expression, indicating happiness.","LABEL: Happiness
CONFIDENCE: 0.95
REASON: The person is smiling broadly with a joyful expression, indicating happiness."
framesdb/images/frame_gko26fo2wzz06i1r.jpg,Happiness,Happiness,0.95,The athlete’s triumphant pose and open-mouthed expression convey clear joy and elation after winning.,"LABEL: Happiness
CONFIDENCE: 0.95
REASON: The athlete’s triumphant pose and open-mouthed expression convey clear joy and elation after winning."
framesdb/images/frame_dmt5sh6c2mlvoqp0.jpg,Happiness,Happiness,0.95,"The man is smiling broadly with arms raised, showing clear signs of joy.","LABEL: Happiness
CONFIDENCE: 0.95
REASON: The man is smiling broadly with arms raised, showing clear signs of joy."
framesdb/images/frame_hgjcg5y89ooy0gul.jpg,Happiness,Disconnection,0.85,"The kayak is abandoned in a muddy, overgrown area, suggesting a lack of connection to the environment or activity.","LABEL: Disconnection
CONFIDENCE: 0.85
REASON: The kayak is abandoned in a muddy, overgrown area, suggesting a lack of connection to the environment or activity."
framesdb/images/frame_hl32tqfwoavgpc0f.jpg,Happiness,Happiness,0.85,"The person is smiling warmly while kneeling in the snow, suggesting joy or contentment.","LABEL: Happiness
CONFIDENCE: 0.85
REASON: The person is smiling warmly while kneeling in the snow, suggesting joy or contentment."
framesdb/images/frame_i9i87bp5glxa4qgv.jpg,Happiness,Happiness,0.85,"She is smiling while applying lipstick, suggesting enjoyment of her beauty routine.","LABEL: Happiness
CONFIDENCE: 0.85
REASON: She is smiling while applying lipstick, suggesting enjoyment of her beauty routine."
mscoco/images/COCO_train2014_000000045659.jpg,Happiness,Happiness,0.95,The baseball player is smiling broadly and appears to be celebrating a successful play.,"LABEL: Happiness
CONFIDENCE: 0.95
REASON: The baseball player is smiling broadly and appears to be celebrating a successful play."
mscoco/images/COCO_train2014_000000483769.jpg,Happiness,Happiness,0.95,"The person is smiling broadly with visible joy, indicating happiness.","LABEL: Happiness
CONFIDENCE: 0.95
REASON: The person is smiling broadly with visible joy, indicating happiness."
mscoco/images/COCO_train2014_000000328676.jpg,Happiness,Happiness,0.95,"The child has a wide, genuine smile and bright eyes, indicating clear happiness.","LABEL: Happiness
CONFIDENCE: 0.95
REASON: The child has a wide, genuine smile and bright eyes, indicating clear happiness."
framesdb/images/frame_egot35ej6dqtyuvz.jpg,Happiness,Confidence,0.85,"She stands poised and holds an award, suggesting self-assurance.","LABEL: Confidence
CONFIDENCE: 0.85
REASON: She stands poised and holds an award, suggesting self-assurance."
framesdb/images/frame_egot35ej6dqtyuvz.jpg,Happiness,Confidence,0.85,The man's direct gaze and composed posture suggest self-assurance.,"LABEL: Confidence
CONFIDENCE: 0.85
REASON: The man's direct gaze and composed posture suggest self-assurance."
framesdb/images/frame_3s4re47ibjv2yfmm.jpg,Happiness,Happiness,0.95,"The woman is smiling broadly and appears cheerful, suggesting happiness.","LABEL: Happiness
CONFIDENCE: 0.95
REASON: The woman is smiling broadly and appears cheerful, suggesting happiness."
mscoco/images/COCO_train2014_000000091642.jpg,Happiness,Happiness,0.95,"The skier is smiling broadly and celebrating with arms raised, indicating joy and triumph.","LABEL: Happiness
CONFIDENCE: 0.95
REASON: The skier is smiling broadly and celebrating with arms raised, indicating joy and triumph."
mscoco/images/COCO_val2014_000000142620.jpg,Happiness,Pleasure,0.85,"The man is smiling slightly while eating outdoors, suggesting enjoyment.","LABEL: Pleasure
CONFIDENCE: 0.85
REASON: The man is smiling slightly while eating outdoors, suggesting enjoyment."
mscoco/images/COCO_train2014_000000216987.jpg,Happiness,Happiness,0.95,"The person is smiling broadly and has an energetic, joyful posture while skiing.","LABEL: Happiness
CONFIDENCE: 0.95
REASON: The person is smiling broadly and has an energetic, joyful posture while skiing."
mscoco/images/COCO_train2014_000000103166.jpg,Happiness,Happiness,0.95,"The child is smiling broadly while dressed in ski gear, suggesting enjoyment of being outdoors in the snow.","LABEL: Happiness
CONFIDENCE: 0.95
REASON: The child is smiling broadly while dressed in ski gear, suggesting enjoyment of being outdoors in the snow."
mscoco/images/COCO_train2014_000000369575.jpg,Pleasure,Disconnection,0.85,"The child is focused on an activity, seemingly detached from immediate social interaction or surroundings.","LABEL: Disconnection
CONFIDENCE: 0.85
REASON: The child is focused on an activity, seemingly detached from immediate social interaction or surroundings."
mscoco/images/COCO_train2014_000000334220.jpg,Pleasure,Happiness,0.95,"The person is smiling warmly while signing something, indicating joy or contentment.","LABEL: Happiness
CONFIDENCE: 0.95
REASON: The person is smiling warmly while signing something, indicating joy or contentment."
mscoco/images/COCO_train2014_000000162177.jpg,Pleasure,Disconnection,0.85,"The chain-link fence between the viewer and the baseball players creates a physical and emotional barrier, suggesting separation or detachment.","LABEL: Disconnection
CONFIDENCE: 0.85
REASON: The chain-link fence between the viewer and the baseball players creates a physical and emotional barrier, suggesting separation or detachment."
mscoco/images/COCO_train2014_000000078550.jpg,Pleasure,Anticipation,0.85,"The person is in a dynamic tennis pose, suggesting they are preparing to hit the ball and are focused on the upcoming action.","LABEL: Anticipation
CONFIDENCE: 0.85
REASON: The person is in a dynamic tennis pose, suggesting they are preparing to hit the ball and are focused on the upcoming action."
emodb_small/images/4xmnrhc7pxoxbv1rjw.jpg,Pleasure,Pleasure,0.95,The woman's relaxed posture and serene expression suggest she is enjoying the massage.,"LABEL: Pleasure
CONFIDENCE: 0.95
REASON: The woman's relaxed posture and serene expression suggest she is enjoying the massage."
mscoco/images/COCO_train2014_000000053591.jpg,Pleasure,Affection,0.8,"The man is gently mounting the elephant, suggesting care and a positive bond.","LABEL: Affection
CONFIDENCE: 0.8
REASON: The man is gently mounting the elephant, suggesting care and a positive bond."
mscoco/images/COCO_val2014_000000179898.jpg,Pleasure,Happiness,0.95,"The child is smiling broadly while proudly showing off two hot dogs, conveying clear joy and satisfaction.","LABEL: Happiness
CONFIDENCE: 0.95
REASON: The child is smiling broadly while proudly showing off two hot dogs, conveying clear joy and satisfaction."
mscoco/images/COCO_train2014_000000279131.jpg,Pleasure,Happiness,0.95,"The man and woman in the foreground are both smiling broadly, indicating clear happiness.","LABEL: Happiness
CONFIDENCE: 0.95
REASON: The man and woman in the foreground are both smiling broadly, indicating clear happiness."
mscoco/images/COCO_train2014_000000156084.jpg,Pleasure,Happiness,0.95,The woman's smiling expression and relaxed posture convey clear happiness.,"LABEL: Happiness
CONFIDENCE: 0.95
REASON: The woman's smiling expression and relaxed posture convey clear happiness."
mscoco/images/COCO_train2014_000000136316.jpg,Pleasure,Happiness,0.95,"The woman is smiling broadly with visible joy, indicating happiness.","LABEL: Happiness
CONFIDENCE: 0.95
REASON: The woman is smiling broadly with visible joy, indicating happiness."
framesdb/images/frame_2k6cczb6hx4jdrq9.jpg,Pleasure,Engagement,0.95,"Two people are closely focused on reading a book together, indicating active involvement and interest.","LABEL: Engagement
CONFIDENCE: 0.95
REASON: Two people are closely focused on reading a book together, indicating active involvement and interest."
mscoco/images/COCO_train2014_000000480851.jpg,Pleasure,Excitement,0.9,"The person is actively water skiing, creating dynamic motion and splashes, which typically conveys excitement and enjoyment.","LABEL: Excitement
CONFIDENCE: 0.9
REASON: The person is actively water skiing, creating dynamic motion and splashes, which typically conveys excitement and enjoyment."
mscoco/images/COCO_train2014_000000229449.jpg,Pleasure,Excitement,0.85,"The rider's dynamic posture and motion blur suggest energetic movement, conveying excitement.","LABEL: Excitement
CONFIDENCE: 0.85
REASON: The rider's dynamic posture and motion blur suggest energetic movement, conveying excitement."
mscoco/images/COCO_val2014_000000096785.jpg,Pleasure,Sadness,0.85,The woman's downward gaze and subdued posture convey a sense of melancholy or sorrow.,"LABEL: Sadness
CONFIDENCE: 0.85
REASON: The woman's downward gaze and subdued posture convey a sense of melancholy or sorrow."
mscoco/images/COCO_train2014_000000553179.jpg,Pleasure,Confidence,0.85,"His upright posture, direct gaze, and well-groomed appearance convey self-assurance.","LABEL: Confidence
CONFIDENCE: 0.85
REASON: His upright posture, direct gaze, and well-groomed appearance convey self-assurance."
mscoco/images/COCO_train2014_000000357837.jpg,Pleasure,Happiness,0.95,"She is smiling warmly and looking back at the camera with relaxed body language, conveying clear joy.","LABEL: Happiness
CONFIDENCE: 0.95
REASON: She is smiling warmly and looking back at the camera with relaxed body language, conveying clear joy."
framesdb/images/frame_kx4x2gnb85gubure.jpg,Pleasure,Happiness,0.95,The child's playful pose and joyful expression in the water strongly suggest happiness.,"LABEL: Happiness
CONFIDENCE: 0.95
REASON: The child's playful pose and joyful expression in the water strongly suggest happiness."
framesdb/images/frame_a8fbmxdln3g2poie.jpg,Pleasure,Pleasure,0.85,"The man is enthusiastically eating a large burger and fries, indicating enjoyment and satisfaction.","LABEL: Pleasure
CONFIDENCE: 0.85
REASON: The man is enthusiastically eating a large burger and fries, indicating enjoyment and satisfaction."
mscoco/images/COCO_train2014_000000078977.jpg,Pleasure,Pain,0.8,"The person is bent over with their head down and hands on the ground, suggesting physical discomfort or injury.","LABEL: Pain
CONFIDENCE: 0.8
REASON: The person is bent over with their head down and hands on the ground, suggesting physical discomfort or injury."
mscoco/images/COCO_train2014_000000123907.jpg,Pleasure,Anticipation,0.85,The tennis player's focused stance and ready posture suggest she is anticipating her opponent's next move.,"LABEL: Anticipation
CONFIDENCE: 0.85
REASON: The tennis player's focused stance and ready posture suggest she is anticipating her opponent's next move."
framesdb/images/frame_l977sym2yk4k1aow.jpg,Pleasure,Disapproval,0.85,Her facial expression and body language suggest she is not pleased or approving of something.,"LABEL: Disapproval
CONFIDENCE: 0.85
REASON: Her facial expression and body language suggest she is not pleased or approving of something."
mscoco/images/COCO_train2014_000000370441.jpg,Pleasure,Happiness,0.95,The jockey's wide smile and joyful expression strongly indicate happiness.,"LABEL: Happiness
CONFIDENCE: 0.95
REASON: The jockey's wide smile and joyful expression strongly indicate happiness."
framesdb/images/frame_gtjfg923z58plp2f.jpg,Pleasure,Disconnection,0.8,"The person is carrying a bag over their shoulder, suggesting they are moving away or disengaged from their surroundings.","LABEL: Disconnection
CONFIDENCE: 0.8
REASON: The person is carrying a bag over their shoulder, suggesting they are moving away or disengaged from their surroundings."
mscoco/images/COCO_train2014_000000035707.jpg,Pleasure,Pleasure,0.85,"The boy is happily eating pizza, showing enjoyment through his focused engagement with the food.","LABEL: Pleasure
CONFIDENCE: 0.85
REASON: The boy is happily eating pizza, showing enjoyment through his focused engagement with the food."
mscoco/images/COCO_train2014_000000565360.jpg,Pleasure,Disapproval,0.85,The player's facial expression and body language suggest frustration or disapproval during the game.,"LABEL: Disapproval
CONFIDENCE: 0.85
REASON: The player's facial expression and body language suggest frustration or disapproval during the game."
mscoco/images/COCO_train2014_000000333748.jpg,Pleasure,Disconnection,0.85,The woman's downward gaze and distant posture suggest emotional detachment or disengagement from her surroundings.,"LABEL: Disconnection
CONFIDENCE: 0.85
REASON: The woman's downward gaze and distant posture suggest emotional detachment or disengagement from her surroundings."
emodb_small/images/am9j3t9a22e5jzjfp2.jpg,Pleasure,Disapproval,0.85,Her hand over her mouth and downward gaze suggest she is disapproving of something unseen.,"LABEL: Disapproval
CONFIDENCE: 0.85
REASON: Her hand over her mouth and downward gaze suggest she is disapproving of something unseen."
framesdb/images/frame_e7klbuacxme075uu.jpg,Pleasure,Happiness,0.9,"The person is joyfully jumping into water, suggesting playful excitement and happiness.","LABEL: Happiness
CONFIDENCE: 0.9
REASON: The person is joyfully jumping into water, suggesting playful excitement and happiness."
mscoco/images/COCO_train2014_000000332135.jpg,Pleasure,Happiness,0.95,"The girl is smiling broadly while looking at the cake, indicating joy.","LABEL: Happiness
CONFIDENCE: 0.95
REASON: The girl is smiling broadly while looking at the cake, indicating joy."
mscoco/images/COCO_val2014_000000129659.jpg,Pleasure,Pleasure,0.85,"The person is enjoying a beer, indicated by their relaxed posture and the act of sipping from a spoon near the glass.","LABEL: Pleasure
CONFIDENCE: 0.85
REASON: The person is enjoying a beer, indicated by their relaxed posture and the act of sipping from a spoon near the glass."
mscoco/images/COCO_val2014_000000175082.jpg,Pleasure,Happiness,0.95,"The child is smiling while eating food, showing clear enjoyment.","LABEL: Happiness
CONFIDENCE: 0.95
REASON: The child is smiling while eating food, showing clear enjoyment."
framesdb/images/frame_k56u9ldus0ht2r3w.jpg,Pleasure,Fatigue,0.85,The woman’s slumped posture and closed eyes suggest she is tired or resting after a night out.,"LABEL: Fatigue
CONFIDENCE: 0.85
REASON: The woman’s slumped posture and closed eyes suggest she is tired or resting after a night out."
mscoco/images/COCO_train2014_000000013278.jpg,Pleasure,Excitement,0.85,"The dynamic pose and motion blur suggest energetic, thrilling activity.","LABEL: Excitement
CONFIDENCE: 0.85
REASON: The dynamic pose and motion blur suggest energetic, thrilling activity."
framesdb/images/frame_1c2a9wnx8u1fl4we.jpg,Pleasure,Happiness,0.95,"The person is smiling broadly with an open-mouthed expression, indicating clear happiness.","LABEL: Happiness
CONFIDENCE: 0.95
REASON: The person is smiling broadly with an open-mouthed expression, indicating clear happiness."
mscoco/images/COCO_train2014_000000429433.jpg,Pleasure,Happiness,0.85,The child's relaxed posture and focused attention on the food suggest contentment and enjoyment.,"LABEL: Happiness
CONFIDENCE: 0.85
REASON: The child's relaxed posture and focused attention on the food suggest contentment and enjoyment."
mscoco/images/COCO_train2014_000000140180.jpg,Pleasure,Happiness,0.9,"The woman is smiling and posing confidently, suggesting a happy mood.","LABEL: Happiness
CONFIDENCE: 0.9
REASON: The woman is smiling and posing confidently, suggesting a happy mood."
mscoco/images/COCO_val2014_000000575487.jpg,Pleasure,Anticipation,0.8,"The person is looking intently at the oven, suggesting they are waiting for something to finish cooking.","LABEL: Anticipation
CONFIDENCE: 0.8
REASON: The person is looking intently at the oven, suggesting they are waiting for something to finish cooking."
mscoco/images/COCO_val2014_000000180521.jpg,Pleasure,Disconnection,0.85,"The person is turned away from the camera, creating visual separation and implying emotional or social disengagement from the viewer.","LABEL: Disconnection
CONFIDENCE: 0.85
REASON: The person is turned away from the camera, creating visual separation and implying emotional or social disengagement from the viewer."
mscoco/images/COCO_train2014_000000137029.jpg,Excitement,Surprise,0.95,The man's wide eyes and open mouth suggest astonishment at the banana hanging in front of him.,"LABEL: Surprise
CONFIDENCE: 0.95
REASON: The man's wide eyes and open mouth suggest astonishment at the banana hanging in front of him."
emodb_small/images/4le1bbiky5djx0iuln.jpg,Excitement,Disconnection,0.9,"The image is extremely blurry and lacks discernible features, evoking a sense of being disconnected from clear information or context.","LABEL: Disconnection
CONFIDENCE: 0.9
REASON: The image is extremely blurry and lacks discernible features, evoking a sense of being disconnected from clear information or context."
framesdb/images/frame_482f0lsguoiv0sk6.jpg,Excitement,Excitement,0.85,The baseball player's dynamic pose and focused expression suggest intense engagement and enthusiasm during a game.,"LABEL: Excitement
CONFIDENCE: 0.85
REASON: The baseball player's dynamic pose and focused expression suggest intense engagement and enthusiasm during a game."
framesdb/images/frame_4b7yta6mg9sm2x6n.jpg,Excitement,Happiness,0.95,The player's wide smile and celebratory pose strongly indicate joy from a successful play.,"LABEL: Happiness
CONFIDENCE: 0.95
REASON: The player's wide smile and celebratory pose strongly indicate joy from a successful play."
mscoco/images/COCO_train2014_000000319521.jpg,Excitement,Happiness,0.95,The person's wide smile and raised hands convey clear joy and positive emotion.,"LABEL: Happiness
CONFIDENCE: 0.95
REASON: The person's wide smile and raised hands convey clear joy and positive emotion."
mscoco/images/COCO_train2014_000000095711.jpg,Excitement,Happiness,0.95,"The baseball player is celebrating a successful hit with an enthusiastic pose, indicating joy and excitement.","LABEL: Happiness
CONFIDENCE: 0.95
REASON: The baseball player is celebrating a successful hit with an enthusiastic pose, indicating joy and excitement."
framesdb/images/frame_i2z4j8ih080q3cma.jpg,Excitement,Disconnection,0.85,"The image shows an unrelated object on a floor, evoking detachment or lack of emotional connection.","LABEL: Disconnection
CONFIDENCE: 0.85
REASON: The image shows an unrelated object on a floor, evoking detachment or lack of emotional connection."
mscoco/images/COCO_train2014_000000385913.jpg,Excitement,Esteem,0.85,"The man in uniform is engaged in a formal ceremonial act with others, suggesting respect and dignity associated with esteem.","LABEL: Esteem
CONFIDENCE: 0.85
REASON: The man in uniform is engaged in a formal ceremonial act with others, suggesting respect and dignity associated with esteem."
mscoco/images/COCO_train2014_000000251754.jpg,Excitement,Happiness,0.85,The person is smiling and appears to be enjoying skiing in the snow.,"LABEL: Happiness
CONFIDENCE: 0.85
REASON: The person is smiling and appears to be enjoying skiing in the snow."
mscoco/images/COCO_val2014_000000529314.jpg,Excitement,Excitement,0.85,The athlete's dynamic running posture and focused expression suggest energetic engagement typical of excitement during a competitive sports moment.,"LABEL: Excitement
CONFIDENCE: 0.85
REASON: The athlete's dynamic running posture and focused expression suggest energetic engagement typical of excitement during a competitive sports moment."
framesdb/images/frame_3xw8740px7b49km0.jpg,Excitement,Happiness,0.85,The smiling faces and active skateboarding suggest enjoyment and positive emotion.,"LABEL: Happiness
CONFIDENCE: 0.85
REASON: The smiling faces and active skateboarding suggest enjoyment and positive emotion."
mscoco/images/COCO_train2014_000000433715.jpg,Excitement,Excitement,0.9,"The skateboarder is mid-air performing a trick, suggesting high energy and thrill.","LABEL: Excitement
CONFIDENCE: 0.9
REASON: The skateboarder is mid-air performing a trick, suggesting high energy and thrill."
mscoco/images/COCO_train2014_000000351451.jpg,Excitement,Happiness,0.85,The woman’s smiling face and energetic running posture convey joy and enthusiasm.,"LABEL: Happiness
CONFIDENCE: 0.85
REASON: The woman’s smiling face and energetic running posture convey joy and enthusiasm."
emodb_small/images/he3gfq8i7gxouwd8xf.jpg,Excitement,Surprise,0.95,"Her wide eyes and open mouth indicate a sudden, unexpected reaction.","LABEL: Surprise
CONFIDENCE: 0.95
REASON: Her wide eyes and open mouth indicate a sudden, unexpected reaction."
mscoco/images/COCO_train2014_000000374553.jpg,Excitement,Anticipation,0.85,"The batter is poised and focused, suggesting readiness for the next pitch in a baseball game.","LABEL: Anticipation
CONFIDENCE: 0.85
REASON: The batter is poised and focused, suggesting readiness for the next pitch in a baseball game."
mscoco/images/COCO_train2014_000000112707.jpg,Excitement,Anticipation,0.85,The batter’s focused stance suggests he is eagerly awaiting the pitch.,"LABEL: Anticipation
CONFIDENCE: 0.85
REASON: The batter’s focused stance suggests he is eagerly awaiting the pitch."
mscoco/images/COCO_train2014_000000554665.jpg,Excitement,Anticipation,0.85,"The person's focused posture and grip suggest they are preparing for or waiting to perform an action, conveying anticipation.","LABEL: Anticipation
CONFIDENCE: 0.85
REASON: The person's focused posture and grip suggest they are preparing for or waiting to perform an action, conveying anticipation."
mscoco/images/COCO_train2014_000000246044.jpg,Excitement,Pain,0.95,"The person is grimacing and holding their leg, indicating physical discomfort or injury.","LABEL: Pain
CONFIDENCE: 0.95
REASON: The person is grimacing and holding their leg, indicating physical discomfort or injury."
mscoco/images/COCO_train2014_000000306913.jpg,Excitement,Disconnection,0.8,"The woman is sitting alone on a bench, looking away from the camera with a neutral expression, suggesting emotional or social detachment.","LABEL: Disconnection
CONFIDENCE: 0.8
REASON: The woman is sitting alone on a bench, looking away from the camera with a neutral expression, suggesting emotional or social detachment."
mscoco/images/COCO_train2014_000000179504.jpg,Excitement,Disconnection,0.85,The person’s gaze is directed away and their posture seems detached from the viewer or surroundings.,"LABEL: Disconnection
CONFIDENCE: 0.85
REASON: The person’s gaze is directed away and their posture seems detached from the viewer or surroundings."
mscoco/images/COCO_val2014_000000580613.jpg,Excitement,Happiness,0.95,"The woman is smiling broadly while sitting on a motorcycle, conveying clear joy and contentment.","LABEL: Happiness
CONFIDENCE: 0.95
REASON: The woman is smiling broadly while sitting on a motorcycle, conveying clear joy and contentment."
mscoco/images/COCO_train2014_000000032627.jpg,Excitement,Excitement,0.85,"The person's dynamic pose and focused expression suggest energetic engagement, typical of excitement.","LABEL: Excitement
CONFIDENCE: 0.85
REASON: The person's dynamic pose and focused expression suggest energetic engagement, typical of excitement."
mscoco/images/COCO_train2014_000000226378.jpg,Excitement,Anticipation,0.85,"His focused gaze and slight smile suggest he's eagerly waiting for something, like a game result or turn.","LABEL: Anticipation
CONFIDENCE: 0.85
REASON: His focused gaze and slight smile suggest he's eagerly waiting for something, like a game result or turn."
mscoco/images/COCO_train2014_000000328064.jpg,Excitement,Happiness,0.95,"The child's wide, toothy grin and bright eyes strongly indicate joy and happiness.","LABEL: Happiness
CONFIDENCE: 0.95
REASON: The child's wide, toothy grin and bright eyes strongly indicate joy and happiness."
mscoco/images/COCO_train2014_000000021983.jpg,Excitement,Excitement,0.9,The man's intense facial expression and dynamic running posture suggest he is energetically engaged in a competitive sport.,"LABEL: Excitement
CONFIDENCE: 0.9
REASON: The man's intense facial expression and dynamic running posture suggest he is energetically engaged in a competitive sport."
mscoco/images/COCO_train2014_000000201640.jpg,Excitement,Disapproval,0.85,The child's pursed lips and slightly downturned mouth convey a subtle expression of disapproval or reluctance.,"LABEL: Disapproval
CONFIDENCE: 0.85
REASON: The child's pursed lips and slightly downturned mouth convey a subtle expression of disapproval or reluctance."
mscoco/images/COCO_train2014_000000521218.jpg,Excitement,Surprise,0.85,"His wide-eyed, open-mouthed expression suggests sudden astonishment or unexpected discovery.","LABEL: Surprise
CONFIDENCE: 0.85
REASON: His wide-eyed, open-mouthed expression suggests sudden astonishment or unexpected discovery."
mscoco/images/COCO_train2014_000000406488.jpg,Excitement,Disapproval,0.85,"The adult's hand on the boy's head, combined with the boy's downward gaze and formal attire, suggests a corrective or disapproving interaction.","LABEL: Disapproval
CONFIDENCE: 0.85
REASON: The adult's hand on the boy's head, combined with the boy's downward gaze and formal attire, suggests a corrective or disapproving interaction."
mscoco/images/COCO_train2014_000000452500.jpg,Excitement,Happiness,0.85,"The person is smiling broadly while standing on skis in a snowy setting, suggesting enjoyment and contentment.","LABEL: Happiness
CONFIDENCE: 0.85
REASON: The person is smiling broadly while standing on skis in a snowy setting, suggesting enjoyment and contentment."
mscoco/images/COCO_train2014_000000289662.jpg,Excitement,Happiness,0.9,"The woman is smiling broadly while eating pizza, indicating clear happiness.","LABEL: Happiness
CONFIDENCE: 0.9
REASON: The woman is smiling broadly while eating pizza, indicating clear happiness."
mscoco/images/COCO_train2014_000000244835.jpg,Excitement,Engagement,0.85,"The person is focused on typing at a laptop, indicating active involvement in a task.","LABEL: Engagement
CONFIDENCE: 0.85
REASON: The person is focused on typing at a laptop, indicating active involvement in a task."
mscoco/images/COCO_train2014_000000510859.jpg,Excitement,Happiness,0.9,"The woman is smiling warmly while holding a cup, conveying a clear sense of contentment and joy.","LABEL: Happiness
CONFIDENCE: 0.9
REASON: The woman is smiling warmly while holding a cup, conveying a clear sense of contentment and joy."
emodb_small/images/e9b5cftu9bwcw29nnh.jpg,Excitement,Disapproval,0.8,The person's furrowed brow and downturned mouth suggest disapproval.,"LABEL: Disapproval
CONFIDENCE: 0.8
REASON: The person's furrowed brow and downturned mouth suggest disapproval."
mscoco/images/COCO_train2014_000000351749.jpg,Excitement,Anticipation,0.85,"The catcher is in a crouched, ready position, suggesting he is waiting for the pitch and anticipating the next play.","LABEL: Anticipation
CONFIDENCE: 0.85
REASON: The catcher is in a crouched, ready position, suggesting he is waiting for the pitch and anticipating the next play."
mscoco/images/COCO_train2014_000000538518.jpg,Excitement,Engagement,0.85,"The person is actively focused on the TV screen, suggesting involvement in an activity like gaming.","LABEL: Engagement
CONFIDENCE: 0.85
REASON: The person is actively focused on the TV screen, suggesting involvement in an activity like gaming."
framesdb/images/frame_27b7dm1sh1ildgcx.jpg,Excitement,Disconnection,0.9,"The image is too blurry and abstract to convey any specific emotion, suggesting a lack of connection or clarity.","LABEL: Disconnection
CONFIDENCE: 0.9
REASON: The image is too blurry and abstract to convey any specific emotion, suggesting a lack of connection or clarity."
mscoco/images/COCO_train2014_000000014653.jpg,Excitement,Disconnection,0.85,The child's distant gaze and neutral expression suggest emotional detachment from her surroundings.,"LABEL: Disconnection
CONFIDENCE: 0.85
REASON: The child's distant gaze and neutral expression suggest emotional detachment from her surroundings."
mscoco/images/COCO_train2014_000000250877.jpg,Excitement,Excitement,0.85,The skier’s dynamic pose and focused gear suggest active enjoyment and thrill of skiing.,"LABEL: Excitement
CONFIDENCE: 0.85
REASON: The skier’s dynamic pose and focused gear suggest active enjoyment and thrill of skiing."
framesdb/images/frame_4b7yta6mg9sm2x6n.jpg,Surprise,Disconnection,0.85,"The image is blurry and focuses on a partial view of people, suggesting a lack of clear connection or engagement.","LABEL: Disconnection
CONFIDENCE: 0.85
REASON: The image is blurry and focuses on a partial view of people, suggesting a lack of clear connection or engagement."
mscoco/images/COCO_train2014_000000480947.jpg,Surprise,Happiness,0.85,The woman’s smiling expression and active posture suggest enjoyment and positive emotion while playing soccer.,"LABEL: Happiness
CONFIDENCE: 0.85
REASON: The woman’s smiling expression and active posture suggest enjoyment and positive emotion while playing soccer."
mscoco/images/COCO_train2014_000000469667.jpg,Surprise,Disapproval,0.85,"The child's furrowed brow and direct, unsmiling gaze suggest disapproval or skepticism toward something unseen.","LABEL: Disapproval
CONFIDENCE: 0.85
REASON: The child's furrowed brow and direct, unsmiling gaze suggest disapproval or skepticism toward something unseen."
emodb_small/images/hh0dlplyw068ttct7q.jpg,Surprise,Confidence,0.85,"The person is standing with hands on hips in a relaxed posture, suggesting self-assurance.","LABEL: Confidence
CONFIDENCE: 0.85
REASON: The person is standing with hands on hips in a relaxed posture, suggesting self-assurance."
emodb_small/images/hh0dlplyw068ttct7q.jpg,Surprise,Pleasure,0.8,"The man's relaxed posture and setting suggest a comfortable, sensual moment.","LABEL: Pleasure
CONFIDENCE: 0.8
REASON: The man's relaxed posture and setting suggest a comfortable, sensual moment."
emodb_small/images/hh0dlplyw068ttct7q.jpg,Surprise,Pleasure,0.85,The intimate physical positioning and relaxed facial expression suggest enjoyment or pleasure.,"LABEL: Pleasure
CONFIDENCE: 0.85
REASON: The intimate physical positioning and relaxed facial expression suggest enjoyment or pleasure."
framesdb/images/frame_74lkcx21hyahy01y.jpg,Surprise,Happiness,0.85,"The player's wide smile and expressive eyes convey clear joy and excitement, typical of happiness during a sports moment.","LABEL: Happiness
CONFIDENCE: 0.85
REASON: The player's wide smile and expressive eyes convey clear joy and excitement, typical of happiness during a sports moment."
mscoco/images/COCO_train2014_000000122250.jpg,Surprise,Confidence,0.85,"The baby's wide eyes and slightly open mouth suggest focused attention on something out of frame, indicating curiosity.","LABEL: Curiosity
CONFIDENCE: 0.85
REASON: The baby's wide eyes and slightly open mouth suggest focused attention on something out of frame, indicating curiosity."
emodb_small/images/c6gt3ckhh65l3ibaha.jpg,Surprise,Disquietment,0.9,The woman's stressed posture and hand on her head suggest worry or unease.,"LABEL: Disquietment
CONFIDENCE: 0.9
REASON: The woman's stressed posture and hand on her head suggest worry or unease."
framesdb/images/frame_0jitkh35z3x11rxv.jpg,Surprise,Excitement,0.85,The pitcher's dynamic pose and focused expression convey high energy and anticipation during a critical play.,"LABEL: Excitement
CONFIDENCE: 0.85
REASON: The pitcher's dynamic pose and focused expression convey high energy and anticipation during a critical play."
framesdb/images/frame_fiex8y8ohfcn1odt.jpg,Surprise,Engagement,0.85,"She is actively examining a garment, suggesting focused attention and involvement in the task.","LABEL: Engagement
CONFIDENCE: 0.85
REASON: She is actively examining a garment, suggesting focused attention and involvement in the task."
framesdb/images/frame_fiex8y8ohfcn1odt.jpg,Surprise,Surprise,0.95,Her wide eyes and open mouth strongly indicate a startled or surprised reaction.,"LABEL: Surprise
CONFIDENCE: 0.95
REASON: Her wide eyes and open mouth strongly indicate a startled or surprised reaction."
mscoco/images/COCO_train2014_000000513124.jpg,Surprise,Excitement,0.85,The pitcher's dynamic throwing motion suggests high energy and anticipation of the play.,"LABEL: Excitement
CONFIDENCE: 0.85
REASON: The pitcher's dynamic throwing motion suggests high energy and anticipation of the play."
mscoco/images/COCO_val2014_000000106113.jpg,Surprise,Disconnection,0.8,The child's distant gaze and slight body turn suggest emotional detachment from the surrounding environment or people.,"LABEL: Disconnection
CONFIDENCE: 0.8
REASON: The child's distant gaze and slight body turn suggest emotional detachment from the surrounding environment or people."
emodb_small/images/4jdr4joweoi5dedxky.jpg,Surprise,Disapproval,0.85,Her furrowed brow and downward gaze suggest disapproval or dissatisfaction with something unseen.,"LABEL: Disapproval
CONFIDENCE: 0.85
REASON: Her furrowed brow and downward gaze suggest disapproval or dissatisfaction with something unseen."
emodb_small/images/8u356oxk5s7sgj1hvf.jpg,Surprise,Fatigue,0.95,"The woman is asleep at her desk, indicating exhaustion.","LABEL: Fatigue
CONFIDENCE: 0.95
REASON: The woman is asleep at her desk, indicating exhaustion."
mscoco/images/COCO_val2014_000000269098.jpg,Surprise,Disconnection,0.85,"The person is hiding their face while reading a newspaper, suggesting emotional withdrawal or disengagement from social interaction.","LABEL: Disconnection
CONFIDENCE: 0.85
REASON: The person is hiding their face while reading a newspaper, suggesting emotional withdrawal or disengagement from social interaction."
emodb_small/images/dkcdoniucgma3ljau4.jpg,Surprise,Pain,0.95,"The woman is curled up with her hand on her head, suggesting physical discomfort or distress.","LABEL: Pain
CONFIDENCE: 0.95
REASON: The woman is curled up with her hand on her head, suggesting physical discomfort or distress."
mscoco/images/COCO_val2014_000000055528.jpg,Surprise,Happiness,0.95,"The person is smiling broadly while holding a pen and a bag, suggesting enjoyment or satisfaction.","LABEL: Happiness
CONFIDENCE: 0.95
REASON: The person is smiling broadly while holding a pen and a bag, suggesting enjoyment or satisfaction."
mscoco/images/COCO_train2014_000000002372.jpg,Surprise,Disapproval,0.8,His furrowed brow and stern expression suggest disapproval.,"LABEL: Disapproval
CONFIDENCE: 0.8
REASON: His furrowed brow and stern expression suggest disapproval."
mscoco/images/COCO_train2014_000000031794.jpg,Surprise,Anticipation,0.85,"The person is standing on a snowboard in a snowy setting, suggesting they are preparing to ride or about to start snowboarding, which implies anticipation of action.","LABEL: Anticipation
CONFIDENCE: 0.85
REASON: The person is standing on a snowboard in a snowy setting, suggesting they are preparing to ride or about to start snowboarding, which implies anticipation of action."
mscoco/images/COCO_train2014_000000052897.jpg,Surprise,Confidence,0.85,"She holds her racket firmly and walks with purpose, suggesting readiness and self-assurance during a match.","LABEL: Confidence
CONFIDENCE: 0.85
REASON: She holds her racket firmly and walks with purpose, suggesting readiness and self-assurance during a match."
emodb_small/images/h7vpzemgea4y12fi5q.jpg,Surprise,Pain,0.95,"The person's facial expression shows clear signs of physical discomfort or distress, with eyes squeezed shut and mouth open in a grimace.","LABEL: Pain
CONFIDENCE: 0.95
REASON: The person's facial expression shows clear signs of physical discomfort or distress, with eyes squeezed shut and mouth open in a grimace."
emodb_small/images/h7vpzemgea4y12fi5q.jpg,Surprise,Pleasure,0.85,"The intimate physical contact and shared bubble bath suggest a comfortable, enjoyable moment between the two people.","LABEL: Pleasure
CONFIDENCE: 0.85
REASON: The intimate physical contact and shared bubble bath suggest a comfortable, enjoyable moment between the two people."
framesdb/images/frame_chiiybhtwodylpwy.jpg,Surprise,Anticipation,0.85,"The woman in the background has her hands over her mouth and is looking intently forward, suggesting she is eagerly awaiting an event, likely a swim race start.","LABEL: Anticipation
CONFIDENCE: 0.85
REASON: The woman in the background has her hands over her mouth and is looking intently forward, suggesting she is eagerly awaiting an event, likely a swim race start."
emodb_small/images/am9j3t9a22e5jzjfp2.jpg,Surprise,Disapproval,0.85,The woman's facial expression and hand gesture suggest she is not pleased or is expressing disapproval.,"LABEL: Disapproval
CONFIDENCE: 0.85
REASON: The woman's facial expression and hand gesture suggest she is not pleased or is expressing disapproval."
framesdb/images/frame_14iknyfwkaiybiqi.jpg,Surprise,Happiness,0.85,"The woman is smiling while working in the cockpit, indicating joy or satisfaction.","LABEL: Happiness
CONFIDENCE: 0.85
REASON: The woman is smiling while working in the cockpit, indicating joy or satisfaction."
mscoco/images/COCO_val2014_000000146120.jpg,Surprise,Happiness,0.95,The child's wide-open mouth and energetic posture suggest joyful excitement while eating.,"LABEL: Happiness
CONFIDENCE: 0.95
REASON: The child's wide-open mouth and energetic posture suggest joyful excitement while eating."
framesdb/images/frame_cbfyiwge4be9on3e.jpg,Surprise,Affection,0.85,"The man is gently feeding a tiger cub, showing care and tenderness.","LABEL: Affection
CONFIDENCE: 0.85
REASON: The man is gently feeding a tiger cub, showing care and tenderness."
framesdb/images/frame_59d8sov4rs6g2xp4.jpg,Surprise,Disconnection,0.85,"The fragmented, voyeuristic framing of bodies in a locker room suggests emotional or social disconnection rather than intimacy or engagement.","LABEL: Disconnection
CONFIDENCE: 0.85
REASON: The fragmented, voyeuristic framing of bodies in a locker room suggests emotional or social disconnection rather than intimacy or engagement."
emodb_small/images/eyd27i8afqr4hfed0w.jpg,Surprise,Surprise,0.9,The person's wide-open mouth and startled expression strongly suggest a moment of surprise.,"LABEL: Surprise
CONFIDENCE: 0.9
REASON: The person's wide-open mouth and startled expression strongly suggest a moment of surprise."
mscoco/images/COCO_train2014_000000029582.jpg,Surprise,Peace,0.85,"The rider appears calm and focused, suggesting a tranquil moment during horseback riding.","LABEL: Peace
CONFIDENCE: 0.85
REASON: The rider appears calm and focused, suggesting a tranquil moment during horseback riding."
mscoco/images/COCO_train2014_000000034100.jpg,Surprise,Happiness,0.85,The man's smiling expression and relaxed posture suggest he is enjoying himself.,"LABEL: Happiness
CONFIDENCE: 0.85
REASON: The man's smiling expression and relaxed posture suggest he is enjoying himself."
emodb_small/images/hijg5oi27a7glihvq6.jpg,Surprise,Surprise,0.95,The woman's wide eyes and open mouth indicate a startled reaction to something unexpected on her phone.,"LABEL: Surprise
CONFIDENCE: 0.95
REASON: The woman's wide eyes and open mouth indicate a startled reaction to something unexpected on her phone."
emodb_small/images/hijg5oi27a7glihvq6.jpg,Surprise,Surprise,0.95,"The woman's wide eyes and open mouth indicate a strong, sudden reaction to something unexpected on the phone.","LABEL: Surprise
CONFIDENCE: 0.95
REASON: The woman's wide eyes and open mouth indicate a strong, sudden reaction to something unexpected on the phone."
mscoco/images/COCO_val2014_000000222512.jpg,Surprise,Surprise,0.85,The baby's wide eyes and open mouth suggest a startled or surprised reaction.,"LABEL: Surprise
CONFIDENCE: 0.85
REASON: The baby's wide eyes and open mouth suggest a startled or surprised reaction."
mscoco/images/COCO_train2014_000000283303.jpg,Surprise,Excitement,0.85,"The person's dynamic posture and focused effort suggest energetic engagement, likely conveying excitement about the physical activity or creative task.","LABEL: Excitement
CONFIDENCE: 0.85
REASON: The person's dynamic posture and focused effort suggest energetic engagement, likely conveying excitement about the physical activity or creative task."
emodb_small/images/ebpsbjqzfhd7efh00i.jpg,Sympathy,Happiness,0.95,"The woman's upward gaze and wide smile, along with the children's joyful expressions, convey strong happiness.","LABEL: Happiness
CONFIDENCE: 0.95
REASON: The woman's upward gaze and wide smile, along with the children's joyful expressions, convey strong happiness."
framesdb/images/frame_belw7xz1lwepxcyq.jpg,Sympathy,Disapproval,0.8,The officer’s stern expression and formal posture suggest disapproval or authority.,"LABEL: Disapproval
CONFIDENCE: 0.8
REASON: The officer’s stern expression and formal posture suggest disapproval or authority."
framesdb/images/frame_4tdwa014fryeivdi.jpg,Sympathy,Happiness,0.95,"The flight attendant is smiling broadly, conveying clear joy or satisfaction.","LABEL: Happiness
CONFIDENCE: 0.95
REASON: The flight attendant is smiling broadly, conveying clear joy or satisfaction."
mscoco/images/COCO_train2014_000000423834.jpg,Sympathy,Happiness,0.85,The person's wide smile and upward gaze suggest joy or contentment.,"LABEL: Happiness
CONFIDENCE: 0.85
REASON: The person's wide smile and upward gaze suggest joy or contentment."
mscoco/images/COCO_train2014_000000031590.jpg,Sympathy,Sadness,0.95,The woman's somber expression and the act of placing flowers suggest mourning or grief.,"LABEL: Sadness
CONFIDENCE: 0.95
REASON: The woman's somber expression and the act of placing flowers suggest mourning or grief."
mscoco/images/COCO_train2014_000000011690.jpg,Sympathy,Happiness,0.85,"The person is smiling while riding a motorcycle, suggesting enjoyment and contentment.","LABEL: Happiness
CONFIDENCE: 0.85
REASON: The person is smiling while riding a motorcycle, suggesting enjoyment and contentment."
mscoco/images/COCO_val2014_000000558294.jpg,Sympathy,Happiness,0.85,"The person is smiling and posing cheerfully on a beach with surfboards, suggesting enjoyment and contentment.","LABEL: Happiness
CONFIDENCE: 0.85
REASON: The person is smiling and posing cheerfully on a beach with surfboards, suggesting enjoyment and contentment."
framesdb/images/frame_77qu28arixwblan1.jpg,Sympathy,Happiness,0.95,"The woman is smiling broadly with bright eyes, indicating clear happiness.","LABEL: Happiness
CONFIDENCE: 0.95
REASON: The woman is smiling broadly with bright eyes, indicating clear happiness."
emodb_small/images/dnz8r16rduh2vxoigq.jpg,Sympathy,Fear,0.95,"Her wide eyes, furrowed brow, and tense posture suggest she is reacting to something alarming or threatening on the phone.","LABEL: Fear
CONFIDENCE: 0.95
REASON: Her wide eyes, furrowed brow, and tense posture suggest she is reacting to something alarming or threatening on the phone."
mscoco/images/COCO_train2014_000000443084.jpg,Sympathy,Happiness,0.85,The man's smiling face and relaxed posture suggest he is enjoying himself.,"LABEL: Happiness
CONFIDENCE: 0.85
REASON: The man's smiling face and relaxed posture suggest he is enjoying himself."
framesdb/images/frame_bdmxcn549kxpgyuz.jpg,Sympathy,Happiness,0.95,"The woman is smiling broadly while speaking into a microphone, indicating joy or contentment.","LABEL: Happiness
CONFIDENCE: 0.95
REASON: The woman is smiling broadly while speaking into a microphone, indicating joy or contentment."
framesdb/images/frame_8ltmp4v74tu3grzd.jpg,Sympathy,Esteem,0.85,"The doctor’s professional demeanor and attentive posture suggest respect and competence, implying esteem from the patient or viewer.","LABEL: Esteem
CONFIDENCE: 0.85
REASON: The doctor’s professional demeanor and attentive posture suggest respect and competence, implying esteem from the patient or viewer."
mscoco/images/COCO_train2014_000000317349.jpg,Sympathy,Disconnection,0.85,"The two individuals are physically close but emotionally distant, each absorbed in their phone, showing lack of connection or engagement with each other.","LABEL: Disconnection
CONFIDENCE: 0.85
REASON: The two individuals are physically close but emotionally distant, each absorbed in their phone, showing lack of connection or engagement with each other."
emodb_small/images/e6boj6smji3dnyouuj.jpg,Sympathy,Sadness,0.95,"The man is visibly crying with tears streaming down his face, indicating strong sadness.","LABEL: Sadness
CONFIDENCE: 0.95
REASON: The man is visibly crying with tears streaming down his face, indicating strong sadness."
mscoco/images/COCO_val2014_000000118966.jpg,Sympathy,Happiness,0.95,"The man is smiling broadly and making a playful gesture, indicating clear happiness.","LABEL: Happiness
CONFIDENCE: 0.95
REASON: The man is smiling broadly and making a playful gesture, indicating clear happiness."
mscoco/images/COCO_val2014_000000262353.jpg,Sympathy,Sadness,0.8,"The person is slumped over with their head down, suggesting emotional distress or sadness.","LABEL: Sadness
CONFIDENCE: 0.8
REASON: The person is slumped over with their head down, suggesting emotional distress or sadness."
framesdb/images/frame_4nflflpt92cq1v77.jpg,Sympathy,Confidence,0.85,The nurse's focused expression and clinical setting suggest concern for the patient's well-being.,"LABEL: Concern
CONFIDENCE: 0.85
REASON: The nurse's focused expression and clinical setting suggest concern for the patient's well-being."
mscoco/images/COCO_val2014_000000541924.jpg,Sympathy,Disconnection,0.85,The woman's downward gaze and isolated posture in a monochrome world suggest emotional detachment.,"LABEL: Disconnection
CONFIDENCE: 0.85
REASON: The woman's downward gaze and isolated posture in a monochrome world suggest emotional detachment."
mscoco/images/COCO_train2014_000000366048.jpg,Sympathy,Confidence,0.85,The inspector's uniform and authoritative stance suggest confidence in their role.,"LABEL: Confidence
CONFIDENCE: 0.85
REASON: The inspector's uniform and authoritative stance suggest confidence in their role."
mscoco/images/COCO_train2014_000000441461.jpg,Sympathy,Happiness,0.85,"The man has colorful face paint and a relaxed posture, suggesting enjoyment at a festive event.","LABEL: Happiness
CONFIDENCE: 0.85
REASON: The man has colorful face paint and a relaxed posture, suggesting enjoyment at a festive event."
emodb_small/images/e9b5cftu9bwcw29nnh.jpg,Sympathy,Sadness,0.85,Her downward gaze and subdued posture suggest emotional distress or sorrow.,"LABEL: Sadness
CONFIDENCE: 0.85
REASON: Her downward gaze and subdued posture suggest emotional distress or sorrow."
emodb_small/images/e9b5cftu9bwcw29nnh.jpg,Sympathy,Sadness,0.95,The person's facial expression and body language strongly convey grief or sorrow.,"LABEL: Sadness
CONFIDENCE: 0.95
REASON: The person's facial expression and body language strongly convey grief or sorrow."
emodb_small/images/2ldklkk137ks9aufpe.jpg,Sympathy,Affection,0.95,"The man is gently kissing the dog's head, showing clear affection.","LABEL: Affection
CONFIDENCE: 0.95
REASON: The man is gently kissing the dog's head, showing clear affection."
mscoco/images/COCO_val2014_000000243482.jpg,Sympathy,Disconnection,0.8,The man's distant gaze and lack of engagement with his surroundings or companion suggest emotional disconnection.,"LABEL: Disconnection
CONFIDENCE: 0.8
REASON: The man's distant gaze and lack of engagement with his surroundings or companion suggest emotional disconnection."
mscoco/images/COCO_val2014_000000497002.jpg,Sympathy,Disconnection,0.8,"The man is focused on adjusting his suspenders while seemingly ignoring the person beside him, suggesting a lack of emotional or social connection.","LABEL: Disconnection
CONFIDENCE: 0.8
REASON: The man is focused on adjusting his suspenders while seemingly ignoring the person beside him, suggesting a lack of emotional or social connection."
emodb_small/images/es1e330nznobcurs4z.jpg,Sympathy,Sadness,0.95,The person's downturned mouth and teary eyes strongly indicate sadness.,"LABEL: Sadness
CONFIDENCE: 0.95
REASON: The person's downturned mouth and teary eyes strongly indicate sadness."
emodb_small/images/es1e330nznobcurs4z.jpg,Sympathy,Pain,0.95,The person's facial expression and body posture strongly indicate intense physical or emotional pain.,"LABEL: Pain
CONFIDENCE: 0.95
REASON: The person's facial expression and body posture strongly indicate intense physical or emotional pain."
mscoco/images/COCO_train2014_000000144620.jpg,Sympathy,Happiness,0.85,"The person is smiling while sitting relaxed on a bench, suggesting contentment or happiness.","LABEL: Happiness
CONFIDENCE: 0.85
REASON: The person is smiling while sitting relaxed on a bench, suggesting contentment or happiness."
framesdb/images/frame_aniupzjqv88h989h.jpg,Sympathy,Happiness,0.95,"The woman is smiling broadly and appears joyful, suggesting happiness.","LABEL: Happiness
CONFIDENCE: 0.95
REASON: The woman is smiling broadly and appears joyful, suggesting happiness."
emodb_small/images/7lj5yqy3a3keo5ptlj.jpg,Sympathy,Fatigue,0.95,"The person is sleeping in a chair, indicating tiredness or exhaustion.","LABEL: Fatigue
CONFIDENCE: 0.95
REASON: The person is sleeping in a chair, indicating tiredness or exhaustion."
emodb_small/images/eyd27i8afqr4hfed0w.jpg,Sympathy,Disapproval,0.85,The man's stern expression and furrowed brow suggest disapproval of something happening around him.,"LABEL: Disapproval
CONFIDENCE: 0.85
REASON: The man's stern expression and furrowed brow suggest disapproval of something happening around him."
mscoco/images/COCO_val2014_000000179141.jpg,Sympathy,Happiness,0.85,"The person's slight smile and direct gaze suggest a positive, content emotional state.","LABEL: Happiness
CONFIDENCE: 0.85
REASON: The person's slight smile and direct gaze suggest a positive, content emotional state."
mscoco/images/COCO_val2014_000000190372.jpg,Sympathy,Happiness,0.95,"The woman is smiling broadly and looking directly at the camera, conveying clear joy.","LABEL: Happiness
CONFIDENCE: 0.95
REASON: The woman is smiling broadly and looking directly at the camera, conveying clear joy."
mscoco/images/COCO_train2014_000000464415.jpg,Sympathy,Happiness,0.95,"The man is smiling broadly, indicating happiness.","LABEL: Happiness
CONFIDENCE: 0.95
REASON: The man is smiling broadly, indicating happiness."
mscoco/images/COCO_train2014_000000134893.jpg,Sympathy,Happiness,0.85,"The person is smiling broadly while dressed in a fun costume, suggesting enjoyment and cheerfulness.","LABEL: Happiness
CONFIDENCE: 0.85
REASON: The person is smiling broadly while dressed in a fun costume, suggesting enjoyment and cheerfulness."
emodb_small/images/a70o0l552iqxerys7g.jpg,Sympathy,Disconnection,0.8,"The person is turned away, suggesting emotional or physical disengagement from the scene or others.","LABEL: Disconnection
CONFIDENCE: 0.8
REASON: The person is turned away, suggesting emotional or physical disengagement from the scene or others."
mscoco/images/COCO_val2014_000000180521.jpg,Sympathy,Disconnection,0.85,"The image shows people viewed from behind, suggesting a lack of direct interpersonal connection or engagement.","LABEL: Disconnection
CONFIDENCE: 0.85
REASON: The image shows people viewed from behind, suggesting a lack of direct interpersonal connection or engagement."
mscoco/images/COCO_val2014_000000562243.jpg,Doubt/Confusion,Disapproval,0.85,His furrowed brow and downward gaze suggest disapproval or dissatisfaction.,"LABEL: Disapproval
CONFIDENCE: 0.85
REASON: His furrowed brow and downward gaze suggest disapproval or dissatisfaction."
emodb_small/images/78tk87458zwsmxaoi7.jpg,Doubt/Confusion,Fatigue,0.95,The person's posture and hand placement on their head suggest exhaustion from studying.,"LABEL: Fatigue
CONFIDENCE: 0.95
REASON: The person's posture and hand placement on their head suggest exhaustion from studying."
framesdb/images/frame_hdepjixs67t3l4zo.jpg,Doubt/Confusion,Disconnection,0.8,The man's neutral expression and lack of engagement with the camera or surroundings suggest emotional detachment.,"LABEL: Disconnection
CONFIDENCE: 0.8
REASON: The man's neutral expression and lack of engagement with the camera or surroundings suggest emotional detachment."
mscoco/images/COCO_train2014_000000002842.jpg,Doubt/Confusion,Disapproval,0.85,"The tennis player's facial expression and body language suggest frustration or disapproval, possibly reacting to a call or opponent's play.","LABEL: Disapproval
CONFIDENCE: 0.85
REASON: The tennis player's facial expression and body language suggest frustration or disapproval, possibly reacting to a call or opponent's play."
emodb_small/images/85e4yd4bqerachtx4a.jpg,Doubt/Confusion,Fatigue,0.85,The person’s posture and expression suggest exhaustion from prolonged work or concentration.,"LABEL: Fatigue
CONFIDENCE: 0.85
REASON: The person’s posture and expression suggest exhaustion from prolonged work or concentration."
mscoco/images/COCO_train2014_000000206801.jpg,Doubt/Confusion,Surprise,0.85,The person's wide eyes and slightly open mouth suggest a startled or surprised reaction.,"LABEL: Surprise
CONFIDENCE: 0.85
REASON: The person's wide eyes and slightly open mouth suggest a startled or surprised reaction."
mscoco/images/COCO_train2014_000000104888.jpg,Doubt/Confusion,Sadness,0.9,"The child's downturned mouth and direct, somber gaze convey a clear sense of sadness.","LABEL: Sadness
CONFIDENCE: 0.9
REASON: The child's downturned mouth and direct, somber gaze convey a clear sense of sadness."
mscoco/images/COCO_train2014_000000183538.jpg,Doubt/Confusion,Engagement,0.85,"The man is focused on his laptop, suggesting active involvement with his task.","LABEL: Engagement
CONFIDENCE: 0.85
REASON: The man is focused on his laptop, suggesting active involvement with his task."
mscoco/images/COCO_val2014_000000259497.jpg,Doubt/Confusion,Disconnection,0.8,The woman's distant gaze and neutral expression suggest emotional detachment from her surroundings.,"LABEL: Disconnection
CONFIDENCE: 0.8
REASON: The woman's distant gaze and neutral expression suggest emotional detachment from her surroundings."
mscoco/images/COCO_val2014_000000511066.jpg,Doubt/Confusion,Embarrassment,0.85,"Her hand near her mouth and downward gaze suggest she's trying to hide or suppress a reaction, commonly associated with embarrassment.","LABEL: Embarrassment
CONFIDENCE: 0.85
REASON: Her hand near her mouth and downward gaze suggest she's trying to hide or suppress a reaction, commonly associated with embarrassment."
framesdb/images/frame_5zvm7jv460br8d5g.jpg,Doubt/Confusion,Fear,0.85,The man's wide eyes and upward gaze suggest alarm or terror in response to an unseen threat.,"LABEL: Fear
CONFIDENCE: 0.85
REASON: The man's wide eyes and upward gaze suggest alarm or terror in response to an unseen threat."
mscoco/images/COCO_val2014_000000102517.jpg,Doubt/Confusion,Disapproval,0.85,His furrowed brow and downturned mouth convey clear disapproval.,"LABEL: Disapproval
CONFIDENCE: 0.85
REASON: His furrowed brow and downturned mouth convey clear disapproval."
emodb_small/images/68ywy6tv3qzjmyl3ip.jpg,Doubt/Confusion,Pain,0.95,The woman's facial expression and hand placement on her head strongly suggest physical or emotional pain.,"LABEL: Pain
CONFIDENCE: 0.95
REASON: The woman's facial expression and hand placement on her head strongly suggest physical or emotional pain."
emodb_small/images/awm6wf1u8hehkvpl9r.jpg,Doubt/Confusion,Peace,0.85,"The person appears relaxed and at ease in a natural setting, suggesting calmness and tranquility.","LABEL: Peace
CONFIDENCE: 0.85
REASON: The person appears relaxed and at ease in a natural setting, suggesting calmness and tranquility."
ade20k/images/sun_avvemgvxatrpclie.jpg,Doubt/Confusion,Disconnection,0.8,The person appears isolated and not engaging with anyone or anything in the scene.,"LABEL: Disconnection
CONFIDENCE: 0.8
REASON: The person appears isolated and not engaging with anyone or anything in the scene."
mscoco/images/COCO_train2014_000000077012.jpg,Doubt/Confusion,Disapproval,0.85,Her furrowed brow and downward gaze suggest disapproval or dissatisfaction with something unseen.,"LABEL: Disapproval
CONFIDENCE: 0.85
REASON: Her furrowed brow and downward gaze suggest disapproval or dissatisfaction with something unseen."
mscoco/images/COCO_val2014_000000247317.jpg,Doubt/Confusion,Disquietment,0.85,"The person's closed eyes and clasped hands suggest anxiety or unease, fitting disquietment.","LABEL: Disquietment
CONFIDENCE: 0.85
REASON: The person's closed eyes and clasped hands suggest anxiety or unease, fitting disquietment."
ade20k/images/sun_bcqhfikrglmxqdqc.jpg,Doubt/Confusion,Disconnection,0.85,"The image shows two people sitting on separate chairs with their backs turned, suggesting emotional or physical separation.","LABEL: Disconnection
CONFIDENCE: 0.85
REASON: The image shows two people sitting on separate chairs with their backs turned, suggesting emotional or physical separation."
mscoco/images/COCO_val2014_000000479808.jpg,Doubt/Confusion,Disapproval,0.85,"The man's arms are crossed and his gaze is directed away, suggesting a closed-off or disapproving attitude.","LABEL: Disapproval
CONFIDENCE: 0.85
REASON: The man's arms are crossed and his gaze is directed away, suggesting a closed-off or disapproving attitude."
mscoco/images/COCO_train2014_000000570738.jpg,Doubt/Confusion,Confidence,0.85,The baseball player's slumped posture and downward gaze suggest he is dejected after a missed opportunity or poor performance.,"LABEL: Disappointment
CONFIDENCE: 0.85
REASON: The baseball player's slumped posture and downward gaze suggest he is dejected after a missed opportunity or poor performance."
emodb_small/images/8envv4lus044d68bse.jpg,Doubt/Confusion,Fatigue,0.9,The man’s posture and expression suggest exhaustion from prolonged work or stress.,"LABEL: Fatigue
CONFIDENCE: 0.9
REASON: The man’s posture and expression suggest exhaustion from prolonged work or stress."
framesdb/images/frame_7src19u0l6oz4fv2.jpg,Doubt/Confusion,Disconnection,0.85,"The image shows people in white coats standing apart, suggesting emotional or physical distance.","LABEL: Disconnection
CONFIDENCE: 0.85
REASON: The image shows people in white coats standing apart, suggesting emotional or physical distance."
mscoco/images/COCO_train2014_000000050161.jpg,Doubt/Confusion,Disapproval,0.8,The man's facial expression and body language suggest he is not pleased or approving of something.,"LABEL: Disapproval
CONFIDENCE: 0.8
REASON: The man's facial expression and body language suggest he is not pleased or approving of something."
mscoco/images/COCO_val2014_000000488086.jpg,Doubt/Confusion,Fatigue,0.9,"The man is slumped on the floor with his laptop, suggesting exhaustion from prolonged work or sitting.","LABEL: Fatigue
CONFIDENCE: 0.9
REASON: The man is slumped on the floor with his laptop, suggesting exhaustion from prolonged work or sitting."
mscoco/images/COCO_train2014_000000575133.jpg,Doubt/Confusion,Sadness,0.85,"Her downward gaze, hunched posture, and somber expression convey a sense of melancholy and introspection.","LABEL: Sadness
CONFIDENCE: 0.85
REASON: Her downward gaze, hunched posture, and somber expression convey a sense of melancholy and introspection."
framesdb/images/frame_h7mbqmbmbdrl7hwp.jpg,Doubt/Confusion,Disconnection,0.8,The man’s detached posture and lack of engagement with surroundings suggest emotional disconnection.,"LABEL: Disconnection
CONFIDENCE: 0.8
REASON: The man’s detached posture and lack of engagement with surroundings suggest emotional disconnection."
framesdb/images/frame_h7mbqmbmbdrl7hwp.jpg,Doubt/Confusion,Happiness,0.85,"The woman has a broad smile and relaxed posture, indicating clear happiness.","LABEL: Happiness
CONFIDENCE: 0.85
REASON: The woman has a broad smile and relaxed posture, indicating clear happiness."
mscoco/images/COCO_train2014_000000552895.jpg,Doubt/Confusion,Fatigue,0.8,"The person appears tired, pulling a heavy suitcase while wearing a mask and glasses in what looks like a transit station.","LABEL: Fatigue
CONFIDENCE: 0.8
REASON: The person appears tired, pulling a heavy suitcase while wearing a mask and glasses in what looks like a transit station."
mscoco/images/COCO_train2014_000000144388.jpg,Doubt/Confusion,Disconnection,0.8,The man’s detached expression and casual posture suggest emotional disengagement from his surroundings.,"LABEL: Disconnection
CONFIDENCE: 0.8
REASON: The man’s detached expression and casual posture suggest emotional disengagement from his surroundings."
framesdb/images/frame_cypxzomjoyjmel85.jpg,Doubt/Confusion,Disconnection,0.85,The child's solitary posture and distant gaze suggest emotional or physical separation from others.,"LABEL: Disconnection
CONFIDENCE: 0.85
REASON: The child's solitary posture and distant gaze suggest emotional or physical separation from others."
framesdb/images/frame_i1b36c5f7mf4oqnm.jpg,Doubt/Confusion,Confidence,0.8,The martial artist's focused posture and the instructor's attentive stance suggest self-assurance and trust in the training environment.,"LABEL: Confidence
CONFIDENCE: 0.8
REASON: The martial artist's focused posture and the instructor's attentive stance suggest self-assurance and trust in the training environment."
emodb_small/images/6ru9myoiseatt9m1g2.jpg,Doubt/Confusion,Suffering,0.85,The man's distressed expression and hand on his head suggest emotional or physical pain.,"LABEL: Suffering
CONFIDENCE: 0.85
REASON: The man's distressed expression and hand on his head suggest emotional or physical pain."
mscoco/images/COCO_train2014_000000543201.jpg,Doubt/Confusion,Disapproval,0.85,The child's furrowed brow and downturned mouth suggest disapproval or displeasure with something unseen.,"LABEL: Disapproval
CONFIDENCE: 0.85
REASON: The child's furrowed brow and downturned mouth suggest disapproval or displeasure with something unseen."
mscoco/images/COCO_train2014_000000027307.jpg,Doubt/Confusion,Anticipation,0.85,The baseball player’s focused stance and ready glove suggest he is anticipating the next pitch or play.,"LABEL: Anticipation
CONFIDENCE: 0.85
REASON: The baseball player’s focused stance and ready glove suggest he is anticipating the next pitch or play."
framesdb/images/frame_h5s6co5aguuad887.jpg,Doubt/Confusion,Disconnection,0.85,"The person is seen from the side, looking away, creating a sense of detachment or lack of connection with the viewer.","LABEL: Disconnection
CONFIDENCE: 0.85
REASON: The person is seen from the side, looking away, creating a sense of detachment or lack of connection with the viewer."
mscoco/images/COCO_train2014_000000488138.jpg,Doubt/Confusion,Sadness,0.85,"The person’s posture and expression convey emotional distress, often associated with sadness.","LABEL: Sadness
CONFIDENCE: 0.85
REASON: The person’s posture and expression convey emotional distress, often associated with sadness."
mscoco/images/COCO_train2014_000000197503.jpg,Doubt/Confusion,Anticipation,0.85,The child's focused expression and active engagement with the game controller suggest they are eagerly awaiting the next move or outcome.,"LABEL: Anticipation
CONFIDENCE: 0.85
REASON: The child's focused expression and active engagement with the game controller suggest they are eagerly awaiting the next move or outcome."
mscoco/images/COCO_train2014_000000569889.jpg,Doubt/Confusion,Disconnection,0.8,"The person is seen from behind, walking away from the camera, suggesting detachment or lack of engagement with the viewer or surroundings.","LABEL: Disconnection
CONFIDENCE: 0.8
REASON: The person is seen from behind, walking away from the camera, suggesting detachment or lack of engagement with the viewer or surroundings."
mscoco/images/COCO_train2014_000000022683.jpg,Disconnection,Confidence,0.85,"The police officer on the motorcycle appears composed and in control, suggesting confidence in their role and situation.","LABEL: Confidence
CONFIDENCE: 0.85
REASON: The police officer on the motorcycle appears composed and in control, suggesting confidence in their role and situation."
mscoco/images/COCO_val2014_000000508538.jpg,Disconnection,Anticipation,0.8,"The person is leaning forward with focused posture, suggesting they are preparing to perform an action, likely skateboarding, which implies anticipation.","LABEL: Anticipation
CONFIDENCE: 0.8
REASON: The person is leaning forward with focused posture, suggesting they are preparing to perform an action, likely skateboarding, which implies anticipation."
framesdb/images/frame_8bcjgl84a80cguy5.jpg,Disconnection,Engagement,0.85,"She is actively reaching for fruit, showing focused involvement in the moment.","LABEL: Engagement
CONFIDENCE: 0.85
REASON: She is actively reaching for fruit, showing focused involvement in the moment."
framesdb/images/frame_fvot32utqi78m926.jpg,Disconnection,Disconnection,0.9,"The image is too dark and blurry to discern any specific content or emotional context, suggesting a lack of connection or engagement.","LABEL: Disconnection
CONFIDENCE: 0.9
REASON: The image is too dark and blurry to discern any specific content or emotional context, suggesting a lack of connection or engagement."
mscoco/images/COCO_train2014_000000202906.jpg,Disconnection,Disconnection,0.85,"The person is seen from behind, seemingly detached from the viewer and others in the scene, suggesting a sense of isolation or disconnection.","LABEL: Disconnection
CONFIDENCE: 0.85
REASON: The person is seen from behind, seemingly detached from the viewer and others in the scene, suggesting a sense of isolation or disconnection."
framesdb/images/frame_8add2r7r1w3oj417.jpg,Disconnection,Disconnection,0.85,"The image shows a plain, unengaging scene with no human presence or emotional cues, suggesting a lack of connection.","LABEL: Disconnection
CONFIDENCE: 0.85
REASON: The image shows a plain, unengaging scene with no human presence or emotional cues, suggesting a lack of connection."
mscoco/images/COCO_val2014_000000505818.jpg,Disconnection,Affection,0.9,"The couple is sitting close together in a relaxed, intimate posture, suggesting affection.","LABEL: Affection
CONFIDENCE: 0.9
REASON: The couple is sitting close together in a relaxed, intimate posture, suggesting affection."
framesdb/images/frame_e2f1a6s2780ils40.jpg,Disconnection,Disconnection,0.85,"The image shows an empty, out-of-focus outdoor scene with no people or clear emotional context, suggesting a sense of detachment or disconnection.","LABEL: Disconnection
CONFIDENCE: 0.85
REASON: The image shows an empty, out-of-focus outdoor scene with no people or clear emotional context, suggesting a sense of detachment or disconnection."
mscoco/images/COCO_train2014_000000205131.jpg,Disconnection,Happiness,0.85,"The person is smiling broadly and appears relaxed while holding a bright yellow object, suggesting enjoyment or amusement.","LABEL: Happiness
CONFIDENCE: 0.85
REASON: The person is smiling broadly and appears relaxed while holding a bright yellow object, suggesting enjoyment or amusement."
framesdb/images/frame_7diuhdr9mxx153xs.jpg,Disconnection,Disapproval,0.8,"Her facial expression, with a slight frown and turned head, suggests disapproval or disinterest.","LABEL: Disapproval
CONFIDENCE: 0.8
REASON: Her facial expression, with a slight frown and turned head, suggests disapproval or disinterest."
mscoco/images/COCO_train2014_000000046473.jpg,Disconnection,Disapproval,0.85,The officer's pointing finger and stern posture suggest disapproval of something the person beside him is doing.,"LABEL: Disapproval
CONFIDENCE: 0.85
REASON: The officer's pointing finger and stern posture suggest disapproval of something the person beside him is doing."
framesdb/images/frame_dqx3pak8cayina6c.jpg,Disconnection,Disconnection,0.8,"The image shows a person from behind, disconnected from the viewer and context, emphasizing isolation.","LABEL: Disconnection
CONFIDENCE: 0.8
REASON: The image shows a person from behind, disconnected from the viewer and context, emphasizing isolation."
emodb_small/images/85e4yd4bqerachtx4a.jpg,Disconnection,Fatigue,0.85,The person’s slumped posture and hand to forehead gesture suggest tiredness or mental exhaustion.,"LABEL: Fatigue
CONFIDENCE: 0.85
REASON: The person’s slumped posture and hand to forehead gesture suggest tiredness or mental exhaustion."
framesdb/images/frame_cmwvbpa676fz8xne.jpg,Disconnection,Disapproval,0.85,The stern expressions and formal posture of the individuals suggest disapproval or authority.,"LABEL: Disapproval
CONFIDENCE: 0.85
REASON: The stern expressions and formal posture of the individuals suggest disapproval or authority."
framesdb/images/frame_eqqloog40nrqm6m0.jpg,Disconnection,Happiness,0.85,The child's bright expression and playful pose suggest joy and contentment.,"LABEL: Happiness
CONFIDENCE: 0.85
REASON: The child's bright expression and playful pose suggest joy and contentment."
framesdb/images/frame_d998hookcg6inu0j.jpg,Disconnection,Disapproval,0.85,The man on the right is gesturing with a disapproving expression while speaking to the woman holding papers.,"LABEL: Disapproval
CONFIDENCE: 0.85
REASON: The man on the right is gesturing with a disapproving expression while speaking to the woman holding papers."
mscoco/images/COCO_val2014_000000531061.jpg,Disconnection,Esteem,0.8,"The person is wearing ornate, colorful traditional attire, suggesting pride or cultural esteem.","LABEL: Esteem
CONFIDENCE: 0.8
REASON: The person is wearing ornate, colorful traditional attire, suggesting pride or cultural esteem."
framesdb/images/frame_dy0xnq4fy1sn1ra8.jpg,Disconnection,Disconnection,0.85,"The image shows fragmented, unrelated objects without any clear human connection or emotional context.","LABEL: Disconnection
CONFIDENCE: 0.85
REASON: The image shows fragmented, unrelated objects without any clear human connection or emotional context."
framesdb/images/frame_kz4qbgr5rna0vfaf.jpg,Disconnection,Confidence,0.85,The man's upright posture and direct gaze suggest self-assurance.,"LABEL: Confidence
CONFIDENCE: 0.85
REASON: The man's upright posture and direct gaze suggest self-assurance."
framesdb/images/frame_7s5y7yti09w5wwo4.jpg,Disconnection,Disconnection,0.85,"The person is seen in profile, walking away, suggesting detachment or lack of engagement with the viewer or surroundings.","LABEL: Disconnection
CONFIDENCE: 0.85
REASON: The person is seen in profile, walking away, suggesting detachment or lack of engagement with the viewer or surroundings."
mscoco/images/COCO_train2014_000000033631.jpg,Disconnection,Engagement,0.85,"The person is actively focused on reading a book while sitting outdoors, indicating involvement and attention to their activity.","LABEL: Engagement
CONFIDENCE: 0.85
REASON: The person is actively focused on reading a book while sitting outdoors, indicating involvement and attention to their activity."
framesdb/images/frame_78cvnjrqof09ixds.jpg,Disconnection,Disconnection,0.8,The man's distant gaze and isolated posture suggest emotional detachment from his surroundings.,"LABEL: Disconnection
CONFIDENCE: 0.8
REASON: The man's distant gaze and isolated posture suggest emotional detachment from his surroundings."
mscoco/images/COCO_train2014_000000499425.jpg,Disconnection,Disapproval,0.8,His facial expression and the oversized sombrero suggest he finds the situation or attire ridiculous or inappropriate.,"LABEL: Disapproval
CONFIDENCE: 0.8
REASON: His facial expression and the oversized sombrero suggest he finds the situation or attire ridiculous or inappropriate."
framesdb/images/frame_9931k2p1ko1u30qy.jpg,Disconnection,Peace,0.9,"The person is relaxed in a comfortable chair, suggesting calmness and tranquility.","LABEL: Peace
CONFIDENCE: 0.9
REASON: The person is relaxed in a comfortable chair, suggesting calmness and tranquility."
mscoco/images/COCO_val2014_000000168491.jpg,Disconnection,Engagement,0.85,"The person is focused on playing a handheld game, indicating active involvement and concentration.","LABEL: Engagement
CONFIDENCE: 0.85
REASON: The person is focused on playing a handheld game, indicating active involvement and concentration."
framesdb/images/frame_746ku2c3z5y835ti.jpg,Disconnection,Sympathy,0.85,"The soldier's bowed head and closed eyes suggest emotional distress, and the close proximity to another soldier implies comfort or support, indicating sympathy.","LABEL: Sympathy
CONFIDENCE: 0.85
REASON: The soldier's bowed head and closed eyes suggest emotional distress, and the close proximity to another soldier implies comfort or support, indicating sympathy."
emodb_small/images/ahn1gc4jxzwx0a6s13.jpg,Disconnection,Disconnection,0.85,"The student appears detached and uninterested, looking away with a bored expression while resting her head on her hand.","LABEL: Disconnection
CONFIDENCE: 0.85
REASON: The student appears detached and uninterested, looking away with a bored expression while resting her head on her hand."
framesdb/images/frame_77qu28arixwblan1.jpg,Disconnection,Disconnection,0.85,The man's distant gaze and pensive posture suggest he is mentally detached from his surroundings.,"LABEL: Disconnection
CONFIDENCE: 0.85
REASON: The man's distant gaze and pensive posture suggest he is mentally detached from his surroundings."
ade20k/images/sun_avvemgvxatrpclie.jpg,Disconnection,Engagement,0.85,"The person is focused on typing, indicating active involvement in their task.","LABEL: Engagement
CONFIDENCE: 0.85
REASON: The person is focused on typing, indicating active involvement in their task."
framesdb/images/frame_6fdrr65sbgvhbs0o.jpg,Disconnection,Disconnection,0.85,The woman's downward gaze and distant posture suggest she is mentally detached from her surroundings.,"LABEL: Disconnection
CONFIDENCE: 0.85
REASON: The woman's downward gaze and distant posture suggest she is mentally detached from her surroundings."
mscoco/images/COCO_val2014_000000198154.jpg,Disconnection,Disconnection,0.85,"The image shows a person viewed from behind in a store, creating a sense of separation or lack of connection with the viewer or environment.","LABEL: Disconnection
CONFIDENCE: 0.85
REASON: The image shows a person viewed from behind in a store, creating a sense of separation or lack of connection with the viewer or environment."
mscoco/images/COCO_train2014_000000261879.jpg,Fatigue,Fatigue,0.95,"The person is lying in bed with eyes closed and a relaxed posture, suggesting they are tired or sleeping.","LABEL: Fatigue
CONFIDENCE: 0.95
REASON: The person is lying in bed with eyes closed and a relaxed posture, suggesting they are tired or sleeping."
mscoco/images/COCO_train2014_000000162177.jpg,Fatigue,Disconnection,0.85,"The view through the chain-link fence creates a physical barrier, suggesting separation or lack of direct connection with the baseball player.","LABEL: Disconnection
CONFIDENCE: 0.85
REASON: The view through the chain-link fence creates a physical barrier, suggesting separation or lack of direct connection with the baseball player."
emodb_small/images/edknfl4d7l58nt06sm.jpg,Fatigue,Pain,0.95,"The person's facial expression shows intense distress, with eyes squeezed shut and hands gripping their head, strongly suggesting physical pain.","LABEL: Pain
CONFIDENCE: 0.95
REASON: The person's facial expression shows intense distress, with eyes squeezed shut and hands gripping their head, strongly suggesting physical pain."
mscoco/images/COCO_val2014_000000553443.jpg,Fatigue,Disapproval,0.85,"Her facial expression shows a slight frown and downturned mouth, suggesting disapproval or dissatisfaction.","LABEL: Disapproval
CONFIDENCE: 0.85
REASON: Her facial expression shows a slight frown and downturned mouth, suggesting disapproval or dissatisfaction."
emodb_small/images/8w9mab5ujnmma506e1.jpg,Fatigue,Fatigue,0.95,The woman's posture and closed eyes suggest exhaustion or tiredness.,"LABEL: Fatigue
CONFIDENCE: 0.95
REASON: The woman's posture and closed eyes suggest exhaustion or tiredness."
ade20k/images/sun_deeiqqckmjalhvyj.jpg,Fatigue,Engagement,0.9,"The person is focused and actively working with dough, showing deep involvement in the task.","LABEL: Engagement
CONFIDENCE: 0.9
REASON: The person is focused and actively working with dough, showing deep involvement in the task."
mscoco/images/COCO_val2014_000000523953.jpg,Fatigue,Disconnection,0.85,The child’s distant gaze and neutral expression suggest emotional detachment from the surroundings.,"LABEL: Disconnection
CONFIDENCE: 0.85
REASON: The child’s distant gaze and neutral expression suggest emotional detachment from the surroundings."
mscoco/images/COCO_train2014_000000241265.jpg,Fatigue,Fatigue,0.85,"The person appears to be carrying heavy luggage and looking down, suggesting physical exhaustion or tiredness.","LABEL: Fatigue
CONFIDENCE: 0.85
REASON: The person appears to be carrying heavy luggage and looking down, suggesting physical exhaustion or tiredness."
emodb_small/images/c3ezirejabm4sgyzix.jpg,Fatigue,Fatigue,0.95,"The woman's posture, with her head down and hand on her forehead, strongly suggests exhaustion or tiredness.","LABEL: Fatigue
CONFIDENCE: 0.95
REASON: The woman's posture, with her head down and hand on her forehead, strongly suggests exhaustion or tiredness."
mscoco/images/COCO_train2014_000000205299.jpg,Fatigue,Disapproval,0.85,"Her facial expression shows a slight frown and downturned mouth, suggesting disapproval or mild dissatisfaction.","LABEL: Disapproval
CONFIDENCE: 0.85
REASON: Her facial expression shows a slight frown and downturned mouth, suggesting disapproval or mild dissatisfaction."
emodb_small/images/6vd6w47myjp3fuod1j.jpg,Fatigue,Fatigue,0.95,"The man is bent over with his head down, suggesting exhaustion or physical strain.","LABEL: Fatigue
CONFIDENCE: 0.95
REASON: The man is bent over with his head down, suggesting exhaustion or physical strain."
mscoco/images/COCO_val2014_000000069356.jpg,Fatigue,Disapproval,0.8,"Her facial expression appears stern and judgmental, suggesting disapproval.","LABEL: Disapproval
CONFIDENCE: 0.8
REASON: Her facial expression appears stern and judgmental, suggesting disapproval."
mscoco/images/COCO_val2014_000000016959.jpg,Fatigue,Anticipation,0.85,"The person holding a surfboard at the water's edge suggests they are preparing to surf, indicating anticipation of the activity.","LABEL: Anticipation
CONFIDENCE: 0.85
REASON: The person holding a surfboard at the water's edge suggests they are preparing to surf, indicating anticipation of the activity."
mscoco/images/COCO_train2014_000000264197.jpg,Fatigue,Disconnection,0.8,"The person is seen from behind, holding an umbrella, suggesting isolation or detachment from their surroundings or others.","LABEL: Disconnection
CONFIDENCE: 0.8
REASON: The person is seen from behind, holding an umbrella, suggesting isolation or detachment from their surroundings or others."
emodb_small/images/7izh0beosiq1gwvw2h.jpg,Fatigue,Pain,0.95,The person is holding their knee in a way that suggests physical discomfort or injury.,"LABEL: Pain
CONFIDENCE: 0.95
REASON: The person is holding their knee in a way that suggests physical discomfort or injury."
mscoco/images/COCO_train2014_000000154462.jpg,Fatigue,Disconnection,0.85,"The person is focused downward on their phone, seemingly detached from their surroundings and others nearby.","LABEL: Disconnection
CONFIDENCE: 0.85
REASON: The person is focused downward on their phone, seemingly detached from their surroundings and others nearby."
emodb_small/images/8xdy7wkwjf8cye47vf.jpg,Fatigue,Fatigue,0.95,"The person is sitting exhausted, holding a water bottle, and resting their head in their hand, indicating physical tiredness.","LABEL: Fatigue
CONFIDENCE: 0.95
REASON: The person is sitting exhausted, holding a water bottle, and resting their head in their hand, indicating physical tiredness."
mscoco/images/COCO_train2014_000000157194.jpg,Fatigue,Disconnection,0.8,The person's posture and downward gaze suggest detachment or disengagement from their surroundings.,"LABEL: Disconnection
CONFIDENCE: 0.8
REASON: The person's posture and downward gaze suggest detachment or disengagement from their surroundings."
emodb_small/images/7yfw4gdcdak0kdvqu2.jpg,Fatigue,Fatigue,0.95,"The person is yawning widely and has a tired facial expression, indicating sleepiness or exhaustion.","LABEL: Fatigue
CONFIDENCE: 0.95
REASON: The person is yawning widely and has a tired facial expression, indicating sleepiness or exhaustion."
emodb_small/images/7ra2q7lp16or6suhp5.jpg,Fatigue,Fatigue,0.95,The man's posture and hand on his forehead suggest exhaustion or tiredness.,"LABEL: Fatigue
CONFIDENCE: 0.95
REASON: The man's posture and hand on his forehead suggest exhaustion or tiredness."
emodb_small/images/am9j3t9a22e5jzjfp2.jpg,Fatigue,Fatigue,0.95,"The person is slumped over with their head resting on their hand, a common posture indicating tiredness or exhaustion.","LABEL: Fatigue
CONFIDENCE: 0.95
REASON: The person is slumped over with their head resting on their hand, a common posture indicating tiredness or exhaustion."
emodb_small/images/am9j3t9a22e5jzjfp2.jpg,Fatigue,Fatigue,0.95,"The person is resting their head on their hand with a tired expression, indicating physical or mental exhaustion.","LABEL: Fatigue
CONFIDENCE: 0.95
REASON: The person is resting their head on their hand with a tired expression, indicating physical or mental exhaustion."
emodb_small/images/7wkw1c1nde6b0u2gqr.jpg,Fatigue,Pain,0.9,"The man is hunched over with a strained expression, suggesting physical discomfort or injury.","LABEL: Pain
CONFIDENCE: 0.9
REASON: The man is hunched over with a strained expression, suggesting physical discomfort or injury."
mscoco/images/COCO_val2014_000000491689.jpg,Fatigue,Peace,0.85,"The woman has a calm, neutral expression and is standing still in a public space, suggesting tranquility.","LABEL: Peace
CONFIDENCE: 0.85
REASON: The woman has a calm, neutral expression and is standing still in a public space, suggesting tranquility."
emodb_small/images/7hogfrr8pgo4xd9uza.jpg,Fatigue,Fatigue,0.95,The man's slumped posture and hand on his head suggest exhaustion from mental or physical strain.,"LABEL: Fatigue
CONFIDENCE: 0.95
REASON: The man's slumped posture and hand on his head suggest exhaustion from mental or physical strain."
mscoco/images/COCO_train2014_000000155417.jpg,Fatigue,Disconnection,0.85,"The soldier’s focused, downward gaze and lack of interaction with surroundings suggest emotional detachment or disconnection from his environment.","LABEL: Disconnection
CONFIDENCE: 0.85
REASON: The soldier’s focused, downward gaze and lack of interaction with surroundings suggest emotional detachment or disconnection from his environment."
emodb_small/images/8ivunqxoi7to4qvg43.jpg,Fatigue,Fatigue,0.95,"The person is sleeping with their head on the desk, indicating exhaustion.","LABEL: Fatigue
CONFIDENCE: 0.95
REASON: The person is sleeping with their head on the desk, indicating exhaustion."
mscoco/images/COCO_train2014_000000256431.jpg,Fatigue,Disconnection,0.8,The person's neutral expression and lack of engagement with the camera or surroundings suggest emotional detachment.,"LABEL: Disconnection
CONFIDENCE: 0.8
REASON: The person's neutral expression and lack of engagement with the camera or surroundings suggest emotional detachment."
emodb_small/images/8v2pdcpemnwcnqhrlt.jpg,Fatigue,Confidence,0.85,"Her hand is touching her neck, suggesting physical discomfort or pain.","LABEL: Discomfort
CONFIDENCE: 0.85
REASON: Her hand is touching her neck, suggesting physical discomfort or pain."
mscoco/images/COCO_val2014_000000573819.jpg,Fatigue,Fatigue,0.85,The person's hand on their forehead and downward gaze suggest tiredness or mental exhaustion.,"LABEL: Fatigue
CONFIDENCE: 0.85
REASON: The person's hand on their forehead and downward gaze suggest tiredness or mental exhaustion."
mscoco/images/COCO_train2014_000000019375.jpg,Fatigue,Fatigue,0.8,The woman's posture and hand to head gesture suggest tiredness or exhaustion.,"LABEL: Fatigue
CONFIDENCE: 0.8
REASON: The woman's posture and hand to head gesture suggest tiredness or exhaustion."
mscoco/images/COCO_train2014_000000091465.jpg,Fatigue,Peace,0.9,"The person is sleeping soundly in a crib, suggesting calmness and tranquility.","LABEL: Peace
CONFIDENCE: 0.9
REASON: The person is sleeping soundly in a crib, suggesting calmness and tranquility."
mscoco/images/COCO_val2014_000000055223.jpg,Fatigue,Disapproval,0.8,"The man's furrowed brow and focused, slightly stern expression suggest disapproval of the situation or the other person's actions.","LABEL: Disapproval
CONFIDENCE: 0.8
REASON: The man's furrowed brow and focused, slightly stern expression suggest disapproval of the situation or the other person's actions."
mscoco/images/COCO_train2014_000000112124.jpg,Fatigue,Confidence,0.85,The jockey’s focused expression and upright posture suggest readiness and self-assurance during a race.,"LABEL: Confidence
CONFIDENCE: 0.85
REASON: The jockey’s focused expression and upright posture suggest readiness and self-assurance during a race."
emodb_small/images/84ylr78s2vu1x66mau.jpg,Fatigue,Suffering,0.95,The man's distressed expression and holding his head strongly suggest physical or emotional suffering.,"LABEL: Suffering
CONFIDENCE: 0.95
REASON: The man's distressed expression and holding his head strongly suggest physical or emotional suffering."
mscoco/images/COCO_train2014_000000168763.jpg,Fatigue,Confidence,0.85,The rider’s focused expression and secure posture suggest readiness and self-assurance while riding.,"LABEL: Confidence
CONFIDENCE: 0.85
REASON: The rider’s focused expression and secure posture suggest readiness and self-assurance while riding."
emodb_small/images/dffd0x4aalsu45395f.jpg,Fatigue,Pain,0.95,"The man is clutching his chest and grimacing, indicating physical discomfort or pain.","LABEL: Pain
CONFIDENCE: 0.95
REASON: The man is clutching his chest and grimacing, indicating physical discomfort or pain."
mscoco/images/COCO_train2014_000000493439.jpg,Fatigue,Peace,0.9,The man's relaxed posture with feet up and closed eyes suggests calmness and tranquility.,"LABEL: Peace
CONFIDENCE: 0.9
REASON: The man's relaxed posture with feet up and closed eyes suggests calmness and tranquility."
framesdb/images/frame_63mtckpdjfc0y9q8.jpg,Embarrassment,Anticipation,0.8,Players standing ready on a soccer field suggest they are waiting for the game to begin or for action to resume.,"LABEL: Anticipation
CONFIDENCE: 0.8
REASON: Players standing ready on a soccer field suggest they are waiting for the game to begin or for action to resume."
mscoco/images/COCO_train2014_000000296153.jpg,Embarrassment,Surprise,0.9,The person's hands covering their mouth and wide eyes suggest a startled or surprised reaction.,"LABEL: Surprise
CONFIDENCE: 0.9
REASON: The person's hands covering their mouth and wide eyes suggest a startled or surprised reaction."
mscoco/images/COCO_train2014_000000485224.jpg,Embarrassment,Esteem,0.85,The boy’s confident posture and direct gaze suggest self-assurance and pride in his situation.,"LABEL: Esteem
CONFIDENCE: 0.85
REASON: The boy’s confident posture and direct gaze suggest self-assurance and pride in his situation."
mscoco/images/COCO_train2014_000000472266.jpg,Embarrassment,Anticipation,0.85,"The person is holding a football in a ready stance, suggesting they are preparing to throw or catch it, indicating anticipation of action.","LABEL: Anticipation
CONFIDENCE: 0.85
REASON: The person is holding a football in a ready stance, suggesting they are preparing to throw or catch it, indicating anticipation of action."
emodb_small/images/b3kg3dju8rmaxpf4ia.jpg,Embarrassment,Disapproval,0.85,"The woman's direct, intense gaze and slightly downturned mouth suggest a disapproving or judgmental attitude.","LABEL: Disapproval
CONFIDENCE: 0.85
REASON: The woman's direct, intense gaze and slightly downturned mouth suggest a disapproving or judgmental attitude."
mscoco/images/COCO_train2014_000000387299.jpg,Embarrassment,Excitement,0.85,The person's focused posture and grip on the skateboard suggest intense engagement in a thrilling activity.,"LABEL: Excitement
CONFIDENCE: 0.85
REASON: The person's focused posture and grip on the skateboard suggest intense engagement in a thrilling activity."
mscoco/images/COCO_train2014_000000033272.jpg,Embarrassment,Excitement,0.85,"The climber’s dynamic pose and gear suggest thrilling, high-energy action in a challenging environment.","LABEL: Excitement
CONFIDENCE: 0.85
REASON: The climber’s dynamic pose and gear suggest thrilling, high-energy action in a challenging environment."
mscoco/images/COCO_val2014_000000555538.jpg,Embarrassment,Anticipation,0.85,"The baseball player is at bat, poised and ready, suggesting he is anticipating his turn to hit.","LABEL: Anticipation
CONFIDENCE: 0.85
REASON: The baseball player is at bat, poised and ready, suggesting he is anticipating his turn to hit."
mscoco/images/COCO_train2014_000000502508.jpg,Embarrassment,Fatigue,0.85,"The person is slumped over their laptop with their head down, suggesting tiredness or exhaustion.","LABEL: Fatigue
CONFIDENCE: 0.85
REASON: The person is slumped over their laptop with their head down, suggesting tiredness or exhaustion."
mscoco/images/COCO_train2014_000000005471.jpg,Embarrassment,Happiness,0.85,"She is smiling and extending her arms joyfully on a sunny beach, suggesting contentment and pleasure.","LABEL: Happiness
CONFIDENCE: 0.85
REASON: She is smiling and extending her arms joyfully on a sunny beach, suggesting contentment and pleasure."
emodb_small/images/eicizjamovv03k3xcj.jpg,Embarrassment,Sadness,0.95,"The person's posture, downward gaze, and hands clutching their head convey clear signs of distress or sorrow.","LABEL: Sadness
CONFIDENCE: 0.95
REASON: The person's posture, downward gaze, and hands clutching their head convey clear signs of distress or sorrow."
emodb_small/images/h7vpzemgea4y12fi5q.jpg,Embarrassment,Surprise,0.85,The woman’s wide eyes and open mouth suggest sudden shock or astonishment at the situation.,"LABEL: Surprise
CONFIDENCE: 0.85
REASON: The woman’s wide eyes and open mouth suggest sudden shock or astonishment at the situation."
mscoco/images/COCO_train2014_000000018396.jpg,Embarrassment,Disconnection,0.85,The man's distant gaze and isolated posture suggest emotional detachment from his surroundings.,"LABEL: Disconnection
CONFIDENCE: 0.85
REASON: The man's distant gaze and isolated posture suggest emotional detachment from his surroundings."
framesdb/images/frame_k9xzbwxfy48vd3uw.jpg,Embarrassment,Affection,0.9,"The woman is gently securing the child in the car seat, showing care and tenderness.","LABEL: Affection
CONFIDENCE: 0.9
REASON: The woman is gently securing the child in the car seat, showing care and tenderness."
mscoco/images/COCO_train2014_000000247068.jpg,Embarrassment,Confidence,0.8,"The baby is intently focused on the remote control, suggesting interest and exploration.","LABEL: Curiosity
CONFIDENCE: 0.8
REASON: The baby is intently focused on the remote control, suggesting interest and exploration."
mscoco/images/COCO_train2014_000000487458.jpg,Embarrassment,Anticipation,0.85,The tennis player's focused stance and ready position suggest he is anticipating his opponent's next move.,"LABEL: Anticipation
CONFIDENCE: 0.85
REASON: The tennis player's focused stance and ready position suggest he is anticipating his opponent's next move."
mscoco/images/COCO_train2014_000000499396.jpg,Embarrassment,Excitement,0.95,"The snowboarder is mid-air in a dynamic, athletic pose, suggesting thrill and adrenaline.","LABEL: Excitement
CONFIDENCE: 0.95
REASON: The snowboarder is mid-air in a dynamic, athletic pose, suggesting thrill and adrenaline."
mscoco/images/COCO_val2014_000000561491.jpg,Embarrassment,Anticipation,0.85,"She is holding a pregnancy test, suggesting she is waiting for results with hopeful or anxious expectation.","LABEL: Anticipation
CONFIDENCE: 0.85
REASON: She is holding a pregnancy test, suggesting she is waiting for results with hopeful or anxious expectation."
mscoco/images/COCO_train2014_000000489107.jpg,Embarrassment,Happiness,0.85,The man’s smile and relaxed posture while riding a bike suggest enjoyment and contentment.,"LABEL: Happiness
CONFIDENCE: 0.85
REASON: The man’s smile and relaxed posture while riding a bike suggest enjoyment and contentment."
ade20k/images/sun_aclothkttyccszmc.jpg,Embarrassment,Engagement,0.85,"The person is focused on playing the piano, showing active involvement and concentration.","LABEL: Engagement
CONFIDENCE: 0.85
REASON: The person is focused on playing the piano, showing active involvement and concentration."
mscoco/images/COCO_val2014_000000487338.jpg,Embarrassment,Anticipation,0.8,"The person is hiding their face with paper, suggesting they are building suspense or waiting for something to happen.","LABEL: Anticipation
CONFIDENCE: 0.8
REASON: The person is hiding their face with paper, suggesting they are building suspense or waiting for something to happen."
framesdb/images/frame_0ldz88bmoxvgqove.jpg,Embarrassment,Confidence,0.85,"Veterinary staff are focused on a cat during medical treatment, indicating concern for its well-being.","LABEL: Concern
CONFIDENCE: 0.85
REASON: Veterinary staff are focused on a cat during medical treatment, indicating concern for its well-being."
mscoco/images/COCO_train2014_000000021747.jpg,Embarrassment,Happiness,0.95,"The child’s wide eyes, slight smile, and messy pizza suggest joyful enjoyment.","LABEL: Happiness
CONFIDENCE: 0.95
REASON: The child’s wide eyes, slight smile, and messy pizza suggest joyful enjoyment."
mscoco/images/COCO_train2014_000000512458.jpg,Embarrassment,Excitement,0.8,"The person is actively engaged in playing a video game, suggesting enthusiasm and enjoyment.","LABEL: Excitement
CONFIDENCE: 0.8
REASON: The person is actively engaged in playing a video game, suggesting enthusiasm and enjoyment."
mscoco/images/COCO_train2014_000000015678.jpg,Embarrassment,Confidence,0.8,The subject's upright posture and direct gaze suggest self-assurance in the photograph.,"LABEL: Confidence
CONFIDENCE: 0.8
REASON: The subject's upright posture and direct gaze suggest self-assurance in the photograph."
emodb_small/images/6ypnlgwpdwm4cxhzyq.jpg,Embarrassment,Sadness,0.95,The person's posture and covering of face suggest deep emotional distress typical of sadness.,"LABEL: Sadness
CONFIDENCE: 0.95
REASON: The person's posture and covering of face suggest deep emotional distress typical of sadness."
mscoco/images/COCO_train2014_000000506735.jpg,Embarrassment,Peace,0.85,"The person appears relaxed and still, suggesting calmness and tranquility.","LABEL: Peace
CONFIDENCE: 0.85
REASON: The person appears relaxed and still, suggesting calmness and tranquility."
emodb_small/images/gssths0kyu8ulve7sg.jpg,Embarrassment,Suffering,0.95,The person's facial expression and body language show extreme distress and pain.,"LABEL: Suffering
CONFIDENCE: 0.95
REASON: The person's facial expression and body language show extreme distress and pain."
mscoco/images/COCO_train2014_000000504492.jpg,Embarrassment,Anticipation,0.8,The child's focused stance and glove position suggest readiness for an upcoming pitch or play.,"LABEL: Anticipation
CONFIDENCE: 0.8
REASON: The child's focused stance and glove position suggest readiness for an upcoming pitch or play."
emodb_small/images/ga228xx0ev5bzcwwik.jpg,Embarrassment,Doubt/Confusion,0.9,The man's furrowed brow and hand on his head suggest mental struggle or uncertainty.,"LABEL: Doubt/Confusion
CONFIDENCE: 0.9
REASON: The man's furrowed brow and hand on his head suggest mental struggle or uncertainty."
framesdb/images/frame_fhk5svb2ww1s6v9s.jpg,Embarrassment,Confidence,0.85,The boxer's downward gaze and slumped posture suggest he is dejected after a loss or poor performance.,"LABEL: Disappointment
CONFIDENCE: 0.85
REASON: The boxer's downward gaze and slumped posture suggest he is dejected after a loss or poor performance."
emodb_small/images/e21mn5q3qdfpnalcek.jpg,Embarrassment,Confidence,0.85,His downturned mouth and distant gaze suggest he is feeling let down or unsatisfied.,"LABEL: Disappointment
CONFIDENCE: 0.85
REASON: His downturned mouth and distant gaze suggest he is feeling let down or unsatisfied."
mscoco/images/COCO_train2014_000000381377.jpg,Embarrassment,Anticipation,0.85,The runner's focused posture and forward motion suggest he is preparing for or expecting the next phase of his race.,"LABEL: Anticipation
CONFIDENCE: 0.85
REASON: The runner's focused posture and forward motion suggest he is preparing for or expecting the next phase of his race."
emodb_small/images/gsdbbh55557mi0cas4.jpg,Embarrassment,Sadness,0.9,The person's downward gaze and downturned mouth suggest sadness.,"LABEL: Sadness
CONFIDENCE: 0.9
REASON: The person's downward gaze and downturned mouth suggest sadness."
mscoco/images/COCO_train2014_000000084801.jpg,Embarrassment,Anticipation,0.85,"The person is bent over in a focused, preparatory stance, suggesting they are waiting for or about to engage in an activity.","LABEL: Anticipation
CONFIDENCE: 0.85
REASON: The person is bent over in a focused, preparatory stance, suggesting they are waiting for or about to engage in an activity."
mscoco/images/COCO_train2014_000000419249.jpg,Embarrassment,Engagement,0.85,"The man is actively talking on the phone, suggesting focused attention and involvement in the conversation.","LABEL: Engagement
CONFIDENCE: 0.85
REASON: The man is actively talking on the phone, suggesting focused attention and involvement in the conversation."
framesdb/images/frame_cwyxahgbij3estub.jpg,Embarrassment,Suffering,0.85,"The man’s posture with hands on head suggests distress or anguish, consistent with suffering.","LABEL: Suffering
CONFIDENCE: 0.85
REASON: The man’s posture with hands on head suggests distress or anguish, consistent with suffering."
mscoco/images/COCO_train2014_000000179164.jpg,Yearning,Disconnection,0.85,"The person is seen from behind, seemingly detached from the viewer and surroundings.","LABEL: Disconnection
CONFIDENCE: 0.85
REASON: The person is seen from behind, seemingly detached from the viewer and surroundings."
mscoco/images/COCO_train2014_000000326320.jpg,Yearning,Engagement,0.85,"The man is actively talking on the phone while holding a drink, indicating he is involved in a conversation.","LABEL: Engagement
CONFIDENCE: 0.85
REASON: The man is actively talking on the phone while holding a drink, indicating he is involved in a conversation."
mscoco/images/COCO_train2014_000000233526.jpg,Yearning,Fatigue,0.95,"The person is slumped over and resting their head on their hand, suggesting tiredness or exhaustion.","LABEL: Fatigue
CONFIDENCE: 0.95
REASON: The person is slumped over and resting their head on their hand, suggesting tiredness or exhaustion."
mscoco/images/COCO_train2014_000000159225.jpg,Yearning,Confidence,0.8,The rider's focused posture and steady grip suggest self-assurance while handling the horse.,"LABEL: Confidence
CONFIDENCE: 0.8
REASON: The rider's focused posture and steady grip suggest self-assurance while handling the horse."
mscoco/images/COCO_train2014_000000385744.jpg,Yearning,Disconnection,0.85,"The woman is focused on adjusting her scarf, appearing mentally detached from her surroundings and others at the table.","LABEL: Disconnection
CONFIDENCE: 0.85
REASON: The woman is focused on adjusting her scarf, appearing mentally detached from her surroundings and others at the table."
framesdb/images/frame_hgjcg5y89ooy0gul.jpg,Yearning,Anticipation,0.85,"The person is preparing a kayak, suggesting they are getting ready for an upcoming activity.","LABEL: Anticipation
CONFIDENCE: 0.85
REASON: The person is preparing a kayak, suggesting they are getting ready for an upcoming activity."
mscoco/images/COCO_train2014_000000383452.jpg,Yearning,Happiness,0.85,"The person is smiling and posing confidently on a snowy mountain with a snowboard, suggesting enjoyment and positive emotion.","LABEL: Happiness
CONFIDENCE: 0.85
REASON: The person is smiling and posing confidently on a snowy mountain with a snowboard, suggesting enjoyment and positive emotion."
mscoco/images/COCO_train2014_000000392055.jpg,Yearning,Pleasure,0.85,"She is smiling while eating a snack, suggesting enjoyment and contentment.","LABEL: Pleasure
CONFIDENCE: 0.85
REASON: She is smiling while eating a snack, suggesting enjoyment and contentment."
mscoco/images/COCO_train2014_000000258853.jpg,Yearning,Disconnection,0.8,"The person appears absorbed in their phone, showing little engagement with their surroundings or others, suggesting emotional or social disconnection.","LABEL: Disconnection
CONFIDENCE: 0.8
REASON: The person appears absorbed in their phone, showing little engagement with their surroundings or others, suggesting emotional or social disconnection."
mscoco/images/COCO_train2014_000000258094.jpg,Yearning,Disconnection,0.8,"The person is seen from behind, not engaging with the viewer or the scene, creating a sense of detachment.","LABEL: Disconnection
CONFIDENCE: 0.8
REASON: The person is seen from behind, not engaging with the viewer or the scene, creating a sense of detachment."
mscoco/images/COCO_train2014_000000333684.jpg,Yearning,Sadness,0.85,Her downward gaze and slightly downturned mouth convey a quiet melancholy.,"LABEL: Sadness
CONFIDENCE: 0.85
REASON: Her downward gaze and slightly downturned mouth convey a quiet melancholy."
mscoco/images/COCO_train2014_000000350939.jpg,Yearning,Disconnection,0.85,"The man is turned away, showing his back to the camera, which creates a sense of detachment or disconnection from the viewer.","LABEL: Disconnection
CONFIDENCE: 0.85
REASON: The man is turned away, showing his back to the camera, which creates a sense of detachment or disconnection from the viewer."
mscoco/images/COCO_train2014_000000159768.jpg,Yearning,Disconnection,0.85,Her downward gaze and neutral expression suggest she is mentally detached from her surroundings or the conversation.,"LABEL: Disconnection
CONFIDENCE: 0.85
REASON: Her downward gaze and neutral expression suggest she is mentally detached from her surroundings or the conversation."
mscoco/images/COCO_train2014_000000431400.jpg,Yearning,Happiness,0.85,"The person is smiling and appears relaxed while riding a motorcycle, suggesting enjoyment.","LABEL: Happiness
CONFIDENCE: 0.85
REASON: The person is smiling and appears relaxed while riding a motorcycle, suggesting enjoyment."
mscoco/images/COCO_train2014_000000516474.jpg,Yearning,Pleasure,0.95,"The child is happily eating a donut with an engaged, joyful expression.","LABEL: Pleasure
CONFIDENCE: 0.95
REASON: The child is happily eating a donut with an engaged, joyful expression."
mscoco/images/COCO_train2014_000000430205.jpg,Yearning,Disconnection,0.8,"The person is kneeling alone in snow, suggesting isolation or detachment from others.","LABEL: Disconnection
CONFIDENCE: 0.8
REASON: The person is kneeling alone in snow, suggesting isolation or detachment from others."
mscoco/images/COCO_train2014_000000309873.jpg,Yearning,Disconnection,0.85,"The two individuals appear emotionally distant and disengaged from each other, sitting side-by-side without interaction.","LABEL: Disconnection
CONFIDENCE: 0.85
REASON: The two individuals appear emotionally distant and disengaged from each other, sitting side-by-side without interaction."
mscoco/images/COCO_train2014_000000403567.jpg,Yearning,Esteem,0.8,"The formal uniform and medals suggest a person of high rank or honor, evoking respect and esteem.","LABEL: Esteem
CONFIDENCE: 0.8
REASON: The formal uniform and medals suggest a person of high rank or honor, evoking respect and esteem."
mscoco/images/COCO_train2014_000000298160.jpg,Yearning,Disapproval,0.85,His stern facial expression and rigid posture suggest disapproval of something or someone.,"LABEL: Disapproval
CONFIDENCE: 0.85
REASON: His stern facial expression and rigid posture suggest disapproval of something or someone."
mscoco/images/COCO_train2014_000000226350.jpg,Yearning,Happiness,0.85,The man's broad smile and relaxed posture while riding the scooter convey clear joy and contentment.,"LABEL: Happiness
CONFIDENCE: 0.85
REASON: The man's broad smile and relaxed posture while riding the scooter convey clear joy and contentment."
mscoco/images/COCO_train2014_000000224230.jpg,Yearning,Anticipation,0.85,"The person is at a railing overlooking water with a bike, suggesting they are preparing to ride or have just paused, indicating anticipation of an activity.","LABEL: Anticipation
CONFIDENCE: 0.85
REASON: The person is at a railing overlooking water with a bike, suggesting they are preparing to ride or have just paused, indicating anticipation of an activity."
mscoco/images/COCO_train2014_000000331278.jpg,Yearning,Peace,0.85,"The man is lying relaxed on a couch, suggesting calmness and tranquility.","LABEL: Peace
CONFIDENCE: 0.85
REASON: The man is lying relaxed on a couch, suggesting calmness and tranquility."
mscoco/images/COCO_train2014_000000399922.jpg,Yearning,Disconnection,0.8,"The person is viewed from behind, seemingly detached from the immediate social context.","LABEL: Disconnection
CONFIDENCE: 0.8
REASON: The person is viewed from behind, seemingly detached from the immediate social context."
mscoco/images/COCO_train2014_000000160152.jpg,Yearning,Disapproval,0.8,The person's posture with hands clasped behind their back suggests a restrained or disapproving stance.,"LABEL: Disapproval
CONFIDENCE: 0.8
REASON: The person's posture with hands clasped behind their back suggests a restrained or disapproving stance."
emodb_small/images/3wj2x6ifpqruktlzo3.jpg,Yearning,Sadness,0.85,Her downward gaze and pensive posture suggest emotional distress or melancholy.,"LABEL: Sadness
CONFIDENCE: 0.85
REASON: Her downward gaze and pensive posture suggest emotional distress or melancholy."
mscoco/images/COCO_train2014_000000225508.jpg,Yearning,Engagement,0.9,"She is focused on her phone, indicating active involvement in an activity.","LABEL: Engagement
CONFIDENCE: 0.9
REASON: She is focused on her phone, indicating active involvement in an activity."
mscoco/images/COCO_train2014_000000127073.jpg,Yearning,Peace,0.9,The person is sitting calmly in a natural setting with a relaxed posture and a gentle expression.,"LABEL: Peace
CONFIDENCE: 0.9
REASON: The person is sitting calmly in a natural setting with a relaxed posture and a gentle expression."
mscoco/images/COCO_train2014_000000184201.jpg,Yearning,Fatigue,0.85,"The person is slumped over in a boat, suggesting exhaustion from work or travel.","LABEL: Fatigue
CONFIDENCE: 0.85
REASON: The person is slumped over in a boat, suggesting exhaustion from work or travel."
mscoco/images/COCO_train2014_000000369478.jpg,Yearning,Disapproval,0.8,The man's facial expression and posture suggest he is displeased or critical of something.,"LABEL: Disapproval
CONFIDENCE: 0.8
REASON: The man's facial expression and posture suggest he is displeased or critical of something."
mscoco/images/COCO_train2014_000000332913.jpg,Yearning,Disconnection,0.8,"The woman appears isolated in the kitchen, not interacting with anyone, suggesting emotional detachment.","LABEL: Disconnection
CONFIDENCE: 0.8
REASON: The woman appears isolated in the kitchen, not interacting with anyone, suggesting emotional detachment."
mscoco/images/COCO_train2014_000000321291.jpg,Yearning,Engagement,0.9,"The person is focused and actively working on a task, showing deep involvement.","LABEL: Engagement
CONFIDENCE: 0.9
REASON: The person is focused and actively working on a task, showing deep involvement."
mscoco/images/COCO_train2014_000000254562.jpg,Yearning,Disconnection,0.85,"The person is turned away from the camera and appears isolated by the railing, suggesting emotional or physical separation from the environment or others.","LABEL: Disconnection
CONFIDENCE: 0.85
REASON: The person is turned away from the camera and appears isolated by the railing, suggesting emotional or physical separation from the environment or others."
mscoco/images/COCO_train2014_000000220790.jpg,Yearning,Disconnection,0.8,"The person is walking away, looking down and not engaging with the viewer or surroundings, suggesting emotional or physical distance.","LABEL: Disconnection
CONFIDENCE: 0.8
REASON: The person is walking away, looking down and not engaging with the viewer or surroundings, suggesting emotional or physical distance."
mscoco/images/COCO_train2014_000000268428.jpg,Yearning,Disconnection,0.8,The woman's posture and sunglasses suggest she is detached from her surroundings or the people around her.,"LABEL: Disconnection
CONFIDENCE: 0.8
REASON: The woman's posture and sunglasses suggest she is detached from her surroundings or the people around her."
mscoco/images/COCO_train2014_000000292351.jpg,Yearning,Disconnection,0.8,"The person is seen from behind, not engaging with the viewer or environment, suggesting emotional or physical detachment.","LABEL: Disconnection
CONFIDENCE: 0.8
REASON: The person is seen from behind, not engaging with the viewer or environment, suggesting emotional or physical detachment."
emodb_small/images/d85m8vhgppaj2t6i68.jpg,Yearning,Pleasure,0.9,"The boy is happily eating a cookie, showing enjoyment.","LABEL: Pleasure
CONFIDENCE: 0.9
REASON: The boy is happily eating a cookie, showing enjoyment."
emodb_small/images/d85m8vhgppaj2t6i68.jpg,Yearning,Anticipation,0.8,The child's upward gaze and slightly parted lips suggest they are looking forward to something.,"LABEL: Anticipation
CONFIDENCE: 0.8
REASON: The child's upward gaze and slightly parted lips suggest they are looking forward to something."
mscoco/images/COCO_train2014_000000337882.jpg,Yearning,Disconnection,0.8,"The person is seen from behind, isolated from the viewer and others, suggesting emotional or physical separation.","LABEL: Disconnection
CONFIDENCE: 0.8
REASON: The person is seen from behind, isolated from the viewer and others, suggesting emotional or physical separation."
emodb_small/images/gs84txnh5el02zkbp9.jpg,Disapproval,Disapproval,0.9,His crossed arms and stern facial expression strongly suggest disapproval.,"LABEL: Disapproval
CONFIDENCE: 0.9
REASON: His crossed arms and stern facial expression strongly suggest disapproval."
emodb_small/images/6h85d8d0rrvntefpkq.jpg,Disapproval,Disconnection,0.85,The man's posture and expression suggest emotional withdrawal or feeling detached from his surroundings or situation.,"LABEL: Disconnection
CONFIDENCE: 0.85
REASON: The man's posture and expression suggest emotional withdrawal or feeling detached from his surroundings or situation."
emodb_small/images/gfyoe3zypsw0svkvot.jpg,Disapproval,Disapproval,0.95,The child's scrunched face and crossed arms convey clear disapproval.,"LABEL: Disapproval
CONFIDENCE: 0.95
REASON: The child's scrunched face and crossed arms convey clear disapproval."
framesdb/images/frame_74lkcx21hyahy01y.jpg,Disapproval,Disapproval,0.85,"The referee's raised arm and stern posture suggest he is signaling a decision that displeases someone, indicating disapproval.","LABEL: Disapproval
CONFIDENCE: 0.85
REASON: The referee's raised arm and stern posture suggest he is signaling a decision that displeases someone, indicating disapproval."
mscoco/images/COCO_train2014_000000419391.jpg,Disapproval,Disapproval,0.85,Her stern facial expression and rigid posture convey disapproval.,"LABEL: Disapproval
CONFIDENCE: 0.85
REASON: Her stern facial expression and rigid posture convey disapproval."
emodb_small/images/bt2t3ffx032msr1kac.jpg,Disapproval,Disapproval,0.95,The man's stern facial expression and thumbs-down gesture clearly indicate disapproval.,"LABEL: Disapproval
CONFIDENCE: 0.95
REASON: The man's stern facial expression and thumbs-down gesture clearly indicate disapproval."
framesdb/images/frame_lcs8pku339ipaanw.jpg,Disapproval,Pain,0.95,"The person's facial expression and hand placement on their head strongly suggest physical or emotional distress, which aligns with the feeling of pain.","LABEL: Pain
CONFIDENCE: 0.95
REASON: The person's facial expression and hand placement on their head strongly suggest physical or emotional distress, which aligns with the feeling of pain."
ade20k/images/sun_atvptssfhfcmrtub.jpg,Disapproval,Disapproval,0.85,Her furrowed brow and downturned mouth suggest disapproval or dissatisfaction.,"LABEL: Disapproval
CONFIDENCE: 0.85
REASON: Her furrowed brow and downturned mouth suggest disapproval or dissatisfaction."
framesdb/images/frame_5yw3n4e7oif2n5io.jpg,Disapproval,Disconnection,0.85,"The person is looking away and not engaging with the camera or surroundings, suggesting emotional or physical disengagement.","LABEL: Disconnection
CONFIDENCE: 0.85
REASON: The person is looking away and not engaging with the camera or surroundings, suggesting emotional or physical disengagement."
mscoco/images/COCO_val2014_000000061175.jpg,Disapproval,Anticipation,0.85,"The baseball player is holding a bat and standing at the plate, suggesting he is preparing to bat and anticipating his turn to play.","LABEL: Anticipation
CONFIDENCE: 0.85
REASON: The baseball player is holding a bat and standing at the plate, suggesting he is preparing to bat and anticipating his turn to play."
mscoco/images/COCO_train2014_000000127339.jpg,Disapproval,Happiness,0.95,"The child has a wide, joyful smile while eating, clearly showing delight.","LABEL: Happiness
CONFIDENCE: 0.95
REASON: The child has a wide, joyful smile while eating, clearly showing delight."
mscoco/images/COCO_train2014_000000460095.jpg,Disapproval,Disapproval,0.85,His furrowed brow and tight mouth suggest disapproval of what he's seeing on his phone.,"LABEL: Disapproval
CONFIDENCE: 0.85
REASON: His furrowed brow and tight mouth suggest disapproval of what he's seeing on his phone."
framesdb/images/frame_59d8sov4rs6g2xp4.jpg,Disapproval,Disconnection,0.85,"The image shows an empty, impersonal space with no clear human presence or interaction, evoking a sense of detachment.","LABEL: Disconnection
CONFIDENCE: 0.85
REASON: The image shows an empty, impersonal space with no clear human presence or interaction, evoking a sense of detachment."
emodb_small/images/cl5sn4ab7c511e353h.jpg,Disapproval,Anger,0.95,"The girl's furrowed brow, clenched teeth, and sticking out tongue convey strong frustration or rage.","LABEL: Anger
CONFIDENCE: 0.95
REASON: The girl's furrowed brow, clenched teeth, and sticking out tongue convey strong frustration or rage."
emodb_small/images/cogxwvj6pdb8surbrg.jpg,Disapproval,Pain,0.95,"The person's facial expression shows clear signs of physical distress, with eyes squeezed shut and mouth open in a grimace, indicating pain.","LABEL: Pain
CONFIDENCE: 0.95
REASON: The person's facial expression shows clear signs of physical distress, with eyes squeezed shut and mouth open in a grimace, indicating pain."
emodb_small/images/eyd27i8afqr4hfed0w.jpg,Disapproval,Disapproval,0.85,The person's furrowed brow and tight-lipped expression suggest disapproval.,"LABEL: Disapproval
CONFIDENCE: 0.85
REASON: The person's furrowed brow and tight-lipped expression suggest disapproval."
emodb_small/images/gtsc9876oqghvxobog.jpg,Disapproval,Surprise,0.95,The person's wide eyes and open mouth indicate a startled or shocked reaction.,"LABEL: Surprise
CONFIDENCE: 0.95
REASON: The person's wide eyes and open mouth indicate a startled or shocked reaction."
emodb_small/images/f1k0purilsyt1kz7c1.jpg,Disapproval,Sadness,0.95,"The person is visibly crying with a distressed facial expression, indicating deep sadness.","LABEL: Sadness
CONFIDENCE: 0.95
REASON: The person is visibly crying with a distressed facial expression, indicating deep sadness."
mscoco/images/COCO_train2014_000000024939.jpg,Disapproval,Excitement,0.85,"The person’s dynamic posture and focused expression suggest active engagement in a fun, energetic activity like gaming.","LABEL: Excitement
CONFIDENCE: 0.85
REASON: The person’s dynamic posture and focused expression suggest active engagement in a fun, energetic activity like gaming."
mscoco/images/COCO_train2014_000000114326.jpg,Disapproval,Disapproval,0.85,The child's scrunched face and the adult's hand gesture suggest disapproval or frustration.,"LABEL: Disapproval
CONFIDENCE: 0.85
REASON: The child's scrunched face and the adult's hand gesture suggest disapproval or frustration."
framesdb/images/frame_l6modb9jnif0xn55.jpg,Disapproval,Sadness,0.85,The man’s somber expression and the context of a memorial plaque suggest mourning or sadness.,"LABEL: Sadness
CONFIDENCE: 0.85
REASON: The man’s somber expression and the context of a memorial plaque suggest mourning or sadness."
emodb_small/images/gr0n9z2if2cr0v5rch.jpg,Disapproval,Anger,0.95,"The person's furrowed brow, clenched teeth, and tense facial muscles strongly indicate anger.","LABEL: Anger
CONFIDENCE: 0.95
REASON: The person's furrowed brow, clenched teeth, and tense facial muscles strongly indicate anger."
emodb_small/images/csi7rxvd0jef22jdm8.jpg,Disapproval,Disapproval,0.85,His furrowed brow and tight lips convey displeasure or disagreement.,"LABEL: Disapproval
CONFIDENCE: 0.85
REASON: His furrowed brow and tight lips convey displeasure or disagreement."
mscoco/images/COCO_train2014_000000116210.jpg,Disapproval,Anger,0.95,"The man's wide-open mouth, intense facial expression, and tense posture strongly indicate anger.","LABEL: Anger
CONFIDENCE: 0.95
REASON: The man's wide-open mouth, intense facial expression, and tense posture strongly indicate anger."
framesdb/images/frame_6d26bxsf1nhujj90.jpg,Disapproval,Engagement,0.85,"The person is focused on the screen, holding popcorn and a drink, indicating active involvement in the movie experience.","LABEL: Engagement
CONFIDENCE: 0.85
REASON: The person is focused on the screen, holding popcorn and a drink, indicating active involvement in the movie experience."
mscoco/images/COCO_train2014_000000261541.jpg,Disapproval,Disconnection,0.85,"The person is seated alone, looking away, suggesting detachment from surroundings or others.","LABEL: Disconnection
CONFIDENCE: 0.85
REASON: The person is seated alone, looking away, suggesting detachment from surroundings or others."
emodb_small/images/9t80q48ur4oculxto4.jpg,Disapproval,Sadness,0.95,The person's posture and facial expression convey deep sorrow and emotional distress.,"LABEL: Sadness
CONFIDENCE: 0.95
REASON: The person's posture and facial expression convey deep sorrow and emotional distress."
framesdb/images/frame_dtvdd4wtgpvcro5i.jpg,Disapproval,Disapproval,0.85,The man's stern facial expression and direct gaze suggest disapproval of something unseen.,"LABEL: Disapproval
CONFIDENCE: 0.85
REASON: The man's stern facial expression and direct gaze suggest disapproval of something unseen."
emodb_small/images/avimupn5tfrqqw9mgv.jpg,Disapproval,Disapproval,0.85,Her furrowed brow and tight-lipped expression convey clear disapproval.,"LABEL: Disapproval
CONFIDENCE: 0.85
REASON: Her furrowed brow and tight-lipped expression convey clear disapproval."
mscoco/images/COCO_train2014_000000011801.jpg,Disapproval,Happiness,0.85,The child's bright smile and relaxed posture convey joy and contentment.,"LABEL: Happiness
CONFIDENCE: 0.85
REASON: The child's bright smile and relaxed posture convey joy and contentment."
emodb_small/images/g0mrubg1xve67hngnq.jpg,Disapproval,Disapproval,0.85,Her facial expression and hand gesture suggest she is expressing disagreement or disapproval.,"LABEL: Disapproval
CONFIDENCE: 0.85
REASON: Her facial expression and hand gesture suggest she is expressing disagreement or disapproval."
emodb_small/images/gf1hzzo5a6sefs7cjo.jpg,Disapproval,Disapproval,0.85,Her facial expression and hand gesture suggest she is rejecting or disapproving of something.,"LABEL: Disapproval
CONFIDENCE: 0.85
REASON: Her facial expression and hand gesture suggest she is rejecting or disapproving of something."
framesdb/images/frame_g2m7m29qa583iyrw.jpg,Disapproval,Happiness,0.95,The players are celebrating a goal with joyful expressions and body language.,"LABEL: Happiness
CONFIDENCE: 0.95
REASON: The players are celebrating a goal with joyful expressions and body language."
framesdb/images/frame_fujao5vwetu3plpx.jpg,Disapproval,Disapproval,0.85,"The man's furrowed brow, crossed arms, and unimpressed facial expression suggest he dislikes what he's watching.","LABEL: Disapproval
CONFIDENCE: 0.85
REASON: The man's furrowed brow, crossed arms, and unimpressed facial expression suggest he dislikes what he's watching."
emodb_small/images/fzvmccnhhau1ov7qhd.jpg,Disapproval,Anger,0.95,The child's furrowed brow and tight lips indicate clear frustration or anger.,"LABEL: Anger
CONFIDENCE: 0.95
REASON: The child's furrowed brow and tight lips indicate clear frustration or anger."
emodb_small/images/gsdbbh55557mi0cas4.jpg,Disapproval,Anger,0.95,"The man's furrowed brow, wide eyes, and raised hands suggest intense frustration or rage.","LABEL: Anger
CONFIDENCE: 0.95
REASON: The man's furrowed brow, wide eyes, and raised hands suggest intense frustration or rage."
mscoco/images/COCO_train2014_000000171729.jpg,Aversion,Happiness,0.95,The person is smiling broadly and appears relaxed and joyful in a casual setting.,"LABEL: Happiness
CONFIDENCE: 0.95
REASON: The person is smiling broadly and appears relaxed and joyful in a casual setting."
emodb_small/images/eh6fo5xazcnas1fxvw.jpg,Aversion,Sadness,0.95,"The person's facial expression, with downturned mouth and teary eyes, strongly indicates sadness.","LABEL: Sadness
CONFIDENCE: 0.95
REASON: The person's facial expression, with downturned mouth and teary eyes, strongly indicates sadness."
framesdb/images/frame_ljbegaqddjfg1rwb.jpg,Aversion,Disconnection,0.8,"The person is isolated in a snowy landscape, suggesting a lack of connection to others or surroundings.","LABEL: Disconnection
CONFIDENCE: 0.8
REASON: The person is isolated in a snowy landscape, suggesting a lack of connection to others or surroundings."
emodb_small/images/d7gmvr6bmurwcfacvk.jpg,Aversion,Disapproval,0.85,"The woman on the left has a skeptical, slightly downturned expression while looking at the other woman's hands, suggesting disapproval of what she sees or hears.","LABEL: Disapproval
CONFIDENCE: 0.85
REASON: The woman on the left has a skeptical, slightly downturned expression while looking at the other woman's hands, suggesting disapproval of what she sees or hears."
mscoco/images/COCO_train2014_000000050274.jpg,Aversion,Happiness,0.85,"The boy throwing the frisbee shows a joyful, engaged expression, suggesting happiness from playing.","LABEL: Happiness
CONFIDENCE: 0.85
REASON: The boy throwing the frisbee shows a joyful, engaged expression, suggesting happiness from playing."
mscoco/images/COCO_val2014_000000575921.jpg,Aversion,Disapproval,0.85,His furrowed brow and tight lips suggest disapproval while on the phone.,"LABEL: Disapproval
CONFIDENCE: 0.85
REASON: His furrowed brow and tight lips suggest disapproval while on the phone."
emodb_small/images/eyd27i8afqr4hfed0w.jpg,Aversion,Pain,0.95,"The person's facial expression shows extreme agony, consistent with physical pain.","LABEL: Pain
CONFIDENCE: 0.95
REASON: The person's facial expression shows extreme agony, consistent with physical pain."
framesdb/images/frame_ltqxqx3ws4i7v779.jpg,Aversion,Fatigue,0.95,"The man is carrying a heavy log and appears physically exhausted, suggesting fatigue.","LABEL: Fatigue
CONFIDENCE: 0.95
REASON: The man is carrying a heavy log and appears physically exhausted, suggesting fatigue."
emodb_small/images/gmpjvx38elyg0cye0d.jpg,Aversion,Anger,0.95,The person's clenched fists and intense facial expression strongly indicate anger.,"LABEL: Anger
CONFIDENCE: 0.95
REASON: The person's clenched fists and intense facial expression strongly indicate anger."
emodb_small/images/cra80zwyyunnl2d281.jpg,Aversion,Surprise,0.95,"The person's wide eyes, open mouth, and raised hands convey a strong, startled reaction.","LABEL: Surprise
CONFIDENCE: 0.95
REASON: The person's wide eyes, open mouth, and raised hands convey a strong, startled reaction."
mscoco/images/COCO_train2014_000000126356.jpg,Aversion,Confidence,0.85,The officer’s posture and uniform suggest authority and self-assurance in their role.,"LABEL: Confidence
CONFIDENCE: 0.85
REASON: The officer’s posture and uniform suggest authority and self-assurance in their role."
emodb_small/images/fdeaetzik3g6nc3p82.jpg,Aversion,Fear,0.95,The character's wide eyes and tense posture suggest intense fear in the face of a threatening figure.,"LABEL: Fear
CONFIDENCE: 0.95
REASON: The character's wide eyes and tense posture suggest intense fear in the face of a threatening figure."
emodb_small/images/fzrt5bqlrcjap7ahqp.jpg,Aversion,Disapproval,0.9,The boy's furrowed brow and crossed arms convey clear disapproval.,"LABEL: Disapproval
CONFIDENCE: 0.9
REASON: The boy's furrowed brow and crossed arms convey clear disapproval."
emodb_small/images/e21tabvvmz4ngj0vol.jpg,Aversion,Sadness,0.95,"The woman is visibly crying with her hands covering her face, a strong indicator of sadness.","LABEL: Sadness
CONFIDENCE: 0.95
REASON: The woman is visibly crying with her hands covering her face, a strong indicator of sadness."
framesdb/images/frame_30ikw9t15c2xc0mh.jpg,Aversion,Pleasure,0.85,Her gentle smile and relaxed posture suggest contentment and enjoyment.,"LABEL: Pleasure
CONFIDENCE: 0.85
REASON: Her gentle smile and relaxed posture suggest contentment and enjoyment."
emodb_small/images/gf1hzzo5a6sefs7cjo.jpg,Aversion,Anger,0.95,"The woman's facial expression, with her mouth wide open and eyes narrowed, strongly suggests she is yelling or expressing intense anger.","LABEL: Anger
CONFIDENCE: 0.95
REASON: The woman's facial expression, with her mouth wide open and eyes narrowed, strongly suggests she is yelling or expressing intense anger."
emodb_small/images/fl8ljzsyeha72tbjky.jpg,Aversion,Anger,0.95,"The person's facial expression, with a wide-open mouth and furrowed brow, strongly indicates anger.","LABEL: Anger
CONFIDENCE: 0.95
REASON: The person's facial expression, with a wide-open mouth and furrowed brow, strongly indicates anger."
mscoco/images/COCO_train2014_000000532457.jpg,Aversion,Disapproval,0.95,"The man is holding a sign with a religiously charged message about punishing gays, which strongly indicates disapproval of homosexuality.","LABEL: Disapproval
CONFIDENCE: 0.95
REASON: The man is holding a sign with a religiously charged message about punishing gays, which strongly indicates disapproval of homosexuality."
mscoco/images/COCO_train2014_000000032829.jpg,Aversion,Happiness,0.85,"The person is smiling warmly, suggesting a positive emotional state.","LABEL: Happiness
CONFIDENCE: 0.85
REASON: The person is smiling warmly, suggesting a positive emotional state."
framesdb/images/frame_32y0gudn65d2bh73.jpg,Aversion,Happiness,0.85,"The woman is smiling while talking on the phone, suggesting a positive and happy emotional state.","LABEL: Happiness
CONFIDENCE: 0.85
REASON: The woman is smiling while talking on the phone, suggesting a positive and happy emotional state."
emodb_small/images/g43dpf7iroibvwtjit.jpg,Aversion,Anger,0.95,"The person's furrowed brows, narrowed eyes, and tight lips indicate strong anger.","LABEL: Anger
CONFIDENCE: 0.95
REASON: The person's furrowed brows, narrowed eyes, and tight lips indicate strong anger."
mscoco/images/COCO_train2014_000000402083.jpg,Aversion,Engagement,0.85,The person gesturing animatedly while speaking suggests active involvement and interest in the conversation.,"LABEL: Engagement
CONFIDENCE: 0.85
REASON: The person gesturing animatedly while speaking suggests active involvement and interest in the conversation."
emodb_small/images/d15eucuofmneliy6bh.jpg,Aversion,Confidence,0.95,"The person is spitting out a white substance with a contorted face, indicating strong aversion or disgust.","LABEL: Disgust
CONFIDENCE: 0.95
REASON: The person is spitting out a white substance with a contorted face, indicating strong aversion or disgust."
framesdb/images/frame_8h6ethm0i6kfifjf.jpg,Aversion,Disconnection,0.85,"The person is turned away, making direct emotional connection with the viewer impossible.","LABEL: Disconnection
CONFIDENCE: 0.85
REASON: The person is turned away, making direct emotional connection with the viewer impossible."
emodb_small/images/g6ic2rihk9g63m51h7.jpg,Aversion,Disconnection,0.85,"The child is seen from behind, looking away, suggesting emotional detachment or lack of engagement with the viewer or environment.","LABEL: Disconnection
CONFIDENCE: 0.85
REASON: The child is seen from behind, looking away, suggesting emotional detachment or lack of engagement with the viewer or environment."
emodb_small/images/3eaojdwymok8ol28m2.jpg,Aversion,Disapproval,0.7,The man's stern facial expression and posture suggest disapproval of what he sees or is witnessing.,"LABEL: Disapproval
CONFIDENCE: 0.7
REASON: The man's stern facial expression and posture suggest disapproval of what he sees or is witnessing."
emodb_small/images/ctvx2pmqvdocr6c228.jpg,Aversion,Disapproval,0.95,The woman's furrowed brow and tightly pressed lips convey strong disapproval.,"LABEL: Disapproval
CONFIDENCE: 0.95
REASON: The woman's furrowed brow and tightly pressed lips convey strong disapproval."
mscoco/images/COCO_train2014_000000189491.jpg,Aversion,Happiness,0.9,The athlete's wide smile and energetic posture suggest joy and satisfaction during the tennis match.,"LABEL: Happiness
CONFIDENCE: 0.9
REASON: The athlete's wide smile and energetic posture suggest joy and satisfaction during the tennis match."
mscoco/images/COCO_train2014_000000327338.jpg,Aversion,Disconnection,0.8,"The woman is looking down and away, appearing detached from her surroundings or others.","LABEL: Disconnection
CONFIDENCE: 0.8
REASON: The woman is looking down and away, appearing detached from her surroundings or others."
emodb_small/images/bukcaslufs4nfqrt66.jpg,Aversion,Disapproval,0.95,"The woman is pointing her finger and has a stern, scolding facial expression, clearly indicating disapproval.","LABEL: Disapproval
CONFIDENCE: 0.95
REASON: The woman is pointing her finger and has a stern, scolding facial expression, clearly indicating disapproval."
mscoco/images/COCO_train2014_000000000326.jpg,Aversion,Pleasure,0.85,"The man is holding a wine glass with a focused, appreciative gaze, suggesting enjoyment of the wine or moment.","LABEL: Pleasure
CONFIDENCE: 0.85
REASON: The man is holding a wine glass with a focused, appreciative gaze, suggesting enjoyment of the wine or moment."
framesdb/images/frame_gsfqvymchkcr2mle.jpg,Aversion,Affection,0.9,"The adult is gently interacting with the child, showing care and tenderness.","LABEL: Affection
CONFIDENCE: 0.9
REASON: The adult is gently interacting with the child, showing care and tenderness."
framesdb/images/frame_5sdd0eev2iyqefto.jpg,Aversion,Disconnection,0.85,The person’s neutral expression and distant gaze suggest emotional detachment from their surroundings.,"LABEL: Disconnection
CONFIDENCE: 0.85
REASON: The person’s neutral expression and distant gaze suggest emotional detachment from their surroundings."
mscoco/images/COCO_train2014_000000340292.jpg,Aversion,Disconnection,0.8,The man's gaze is directed away and his posture seems detached from his surroundings.,"LABEL: Disconnection
CONFIDENCE: 0.8
REASON: The man's gaze is directed away and his posture seems detached from his surroundings."
mscoco/images/COCO_train2014_000000489827.jpg,Aversion,Pleasure,0.95,"The girl is smiling while eating pizza, showing clear enjoyment.","LABEL: Pleasure
CONFIDENCE: 0.95
REASON: The girl is smiling while eating pizza, showing clear enjoyment."
mscoco/images/COCO_train2014_000000332544.jpg,Aversion,Disconnection,0.85,"The image is extremely blurry and lacks clear human features or context, creating a sense of emotional detachment or disconnection.","LABEL: Disconnection
CONFIDENCE: 0.85
REASON: The image is extremely blurry and lacks clear human features or context, creating a sense of emotional detachment or disconnection."
emodb_small/images/etm3bw4d2bbe1eo8pl.jpg,Aversion,Excitement,0.85,"The person's open mouth, intense gaze, and waving hand suggest enthusiastic engagement, fitting excitement.","LABEL: Excitement
CONFIDENCE: 0.85
REASON: The person's open mouth, intense gaze, and waving hand suggest enthusiastic engagement, fitting excitement."
framesdb/images/frame_erwzk3npaleubsqm.jpg,Annoyance,Disconnection,0.8,The person's neutral expression and distant posture suggest emotional detachment.,"LABEL: Disconnection
CONFIDENCE: 0.8
REASON: The person's neutral expression and distant posture suggest emotional detachment."
emodb_small/images/h705hnfsvdwf6mh2xw.jpg,Annoyance,Anger,0.95,"The women are gripping each other's necks and faces with intense expressions, indicating a heated argument or aggressive confrontation.","LABEL: Anger
CONFIDENCE: 0.95
REASON: The women are gripping each other's necks and faces with intense expressions, indicating a heated argument or aggressive confrontation."
mscoco/images/COCO_train2014_000000510594.jpg,Annoyance,Disapproval,0.8,The man's furrowed brow and downturned mouth suggest disapproval or dissatisfaction.,"LABEL: Disapproval
CONFIDENCE: 0.8
REASON: The man's furrowed brow and downturned mouth suggest disapproval or dissatisfaction."
emodb_small/images/fa5r3o08nkixvkvo74.jpg,Annoyance,Anger,0.95,The person's facial expression shows extreme rage with wide eyes and an open mouth screaming.,"LABEL: Anger
CONFIDENCE: 0.95
REASON: The person's facial expression shows extreme rage with wide eyes and an open mouth screaming."
mscoco/images/COCO_train2014_000000054173.jpg,Annoyance,Anticipation,0.85,"The tennis player is mid-swing, suggesting she is anticipating the ball's trajectory or preparing for the next move.","LABEL: Anticipation
CONFIDENCE: 0.85
REASON: The tennis player is mid-swing, suggesting she is anticipating the ball's trajectory or preparing for the next move."
emodb_small/images/fkl4w4mjuvmk0vhorj.jpg,Annoyance,Anger,0.95,"The man's facial expression, wide-open mouth, and pointing gesture convey strong frustration or rage typical of anger.","LABEL: Anger
CONFIDENCE: 0.95
REASON: The man's facial expression, wide-open mouth, and pointing gesture convey strong frustration or rage typical of anger."
mscoco/images/COCO_train2014_000000179504.jpg,Annoyance,Disapproval,0.85,His stern facial expression and direct gaze suggest disapproval of something he's hearing on the phone.,"LABEL: Disapproval
CONFIDENCE: 0.85
REASON: His stern facial expression and direct gaze suggest disapproval of something he's hearing on the phone."
ade20k/images/sun_atvptssfhfcmrtub.jpg,Annoyance,Disapproval,0.85,"Her tilted head, downturned mouth, and distant gaze suggest disapproval or disinterest.","LABEL: Disapproval
CONFIDENCE: 0.85
REASON: Her tilted head, downturned mouth, and distant gaze suggest disapproval or disinterest."
emodb_small/images/8trv21y6vlghpsvsqw.jpg,Annoyance,Confidence,0.85,The man's closed eyes and hand on his forehead suggest physical or emotional distress.,"LABEL: Discomfort
CONFIDENCE: 0.85
REASON: The man's closed eyes and hand on his forehead suggest physical or emotional distress."
framesdb/images/frame_00czuq3vnu5xvmr4.jpg,Annoyance,Disapproval,0.85,The man's facial expression and hand gestures suggest he is expressing disagreement or disapproval.,"LABEL: Disapproval
CONFIDENCE: 0.85
REASON: The man's facial expression and hand gestures suggest he is expressing disagreement or disapproval."
framesdb/images/frame_dk3kihbe49vq2jdg.jpg,Annoyance,Anticipation,0.85,"The wrestler's dynamic pose suggests he is building momentum for an upcoming move, creating a sense of anticipation for the audience.","LABEL: Anticipation
CONFIDENCE: 0.85
REASON: The wrestler's dynamic pose suggests he is building momentum for an upcoming move, creating a sense of anticipation for the audience."
mscoco/images/COCO_train2014_000000211071.jpg,Annoyance,Disapproval,0.85,His furrowed brow and stern facial expression suggest disapproval of something happening in the scene.,"LABEL: Disapproval
CONFIDENCE: 0.85
REASON: His furrowed brow and stern facial expression suggest disapproval of something happening in the scene."
emodb_small/images/g60siq9z3hzyu7zb3o.jpg,Annoyance,Anger,0.95,"The man's furrowed brow, clenched teeth, and pointing finger convey strong anger.","LABEL: Anger
CONFIDENCE: 0.95
REASON: The man's furrowed brow, clenched teeth, and pointing finger convey strong anger."
mscoco/images/COCO_train2014_000000394766.jpg,Annoyance,Disapproval,0.85,The woman’s facial expression and posture suggest she is disapproving of what the man is doing on the laptop.,"LABEL: Disapproval
CONFIDENCE: 0.85
REASON: The woman’s facial expression and posture suggest she is disapproving of what the man is doing on the laptop."
emodb_small/images/gdli6adbasjcw7uvim.jpg,Annoyance,Anger,0.95,The man's aggressive posture and facial expression indicate strong anger.,"LABEL: Anger
CONFIDENCE: 0.95
REASON: The man's aggressive posture and facial expression indicate strong anger."
mscoco/images/COCO_val2014_000000187852.jpg,Annoyance,Disconnection,0.8,"The image shows people viewed from behind or in profile, suggesting a lack of direct emotional connection or engagement with the viewer.","LABEL: Disconnection
CONFIDENCE: 0.8
REASON: The image shows people viewed from behind or in profile, suggesting a lack of direct emotional connection or engagement with the viewer."
mscoco/images/COCO_train2014_000000453686.jpg,Annoyance,Disconnection,0.85,The man’s arms crossed and distant gaze suggest emotional detachment from his surroundings or others.,"LABEL: Disconnection
CONFIDENCE: 0.85
REASON: The man’s arms crossed and distant gaze suggest emotional detachment from his surroundings or others."
emodb_small/images/fxsau4v0k656gnk6k0.jpg,Annoyance,Anger,0.95,"The person's facial expression, with clenched teeth and furrowed brow, strongly indicates anger.","LABEL: Anger
CONFIDENCE: 0.95
REASON: The person's facial expression, with clenched teeth and furrowed brow, strongly indicates anger."
framesdb/images/frame_l9h5xrw2hjq6eato.jpg,Annoyance,Confidence,0.85,"The man's upright posture, direct gaze, and composed expression suggest self-assurance.","LABEL: Confidence
CONFIDENCE: 0.85
REASON: The man's upright posture, direct gaze, and composed expression suggest self-assurance."
mscoco/images/COCO_train2014_000000530745.jpg,Annoyance,Happiness,0.85,"The person is smiling broadly while sitting on the court, indicating joy or satisfaction.","LABEL: Happiness
CONFIDENCE: 0.85
REASON: The person is smiling broadly while sitting on the court, indicating joy or satisfaction."
framesdb/images/frame_j0s89681xd0y9c22.jpg,Annoyance,Sadness,0.85,The man’s slumped posture and hand-on-chin gesture suggest emotional distress or dejection.,"LABEL: Sadness
CONFIDENCE: 0.85
REASON: The man’s slumped posture and hand-on-chin gesture suggest emotional distress or dejection."
framesdb/images/frame_cdiw8wrcis87vk42.jpg,Annoyance,Happiness,0.85,The person's raised arm and open window suggest joyful freedom or celebration.,"LABEL: Happiness
CONFIDENCE: 0.85
REASON: The person's raised arm and open window suggest joyful freedom or celebration."
mscoco/images/COCO_train2014_000000351890.jpg,Annoyance,Disconnection,0.85,The person is partially obscured and appears detached from the viewer's perspective.,"LABEL: Disconnection
CONFIDENCE: 0.85
REASON: The person is partially obscured and appears detached from the viewer's perspective."
mscoco/images/COCO_train2014_000000039911.jpg,Annoyance,Anticipation,0.85,"The softball player is in a ready stance, suggesting she is anticipating the next play.","LABEL: Anticipation
CONFIDENCE: 0.85
REASON: The softball player is in a ready stance, suggesting she is anticipating the next play."
mscoco/images/COCO_train2014_000000250295.jpg,Annoyance,Excitement,0.85,The person’s raised arm and upward gesture suggest enthusiasm or joy while interacting with the elephant.,"LABEL: Excitement
CONFIDENCE: 0.85
REASON: The person’s raised arm and upward gesture suggest enthusiasm or joy while interacting with the elephant."
emodb_small/images/dyw69dfugp42oekh3p.jpg,Annoyance,Pain,0.95,The person is clutching their lower back in a posture that strongly suggests physical discomfort or pain.,"LABEL: Pain
CONFIDENCE: 0.95
REASON: The person is clutching their lower back in a posture that strongly suggests physical discomfort or pain."
mscoco/images/COCO_train2014_000000023287.jpg,Annoyance,Anticipation,0.85,The player’s focused stance and grip on the frisbee suggest readiness for an upcoming throw or play.,"LABEL: Anticipation
CONFIDENCE: 0.85
REASON: The player’s focused stance and grip on the frisbee suggest readiness for an upcoming throw or play."
emodb_small/images/gfv420vao1ad716x4t.jpg,Annoyance,Disapproval,0.95,"The man's furrowed brow, downturned mouth, and crossed arms convey strong disapproval.","LABEL: Disapproval
CONFIDENCE: 0.95
REASON: The man's furrowed brow, downturned mouth, and crossed arms convey strong disapproval."
mscoco/images/COCO_train2014_000000164142.jpg,Annoyance,Happiness,0.85,"The man is smiling broadly while holding food, suggesting enjoyment and contentment.","LABEL: Happiness
CONFIDENCE: 0.85
REASON: The man is smiling broadly while holding food, suggesting enjoyment and contentment."
emodb_small/images/g7re4c8l05kbqqh5mg.jpg,Annoyance,Disapproval,0.9,The man's downward gaze and the raised hand suggest he is being reprimanded or disapproved of.,"LABEL: Disapproval
CONFIDENCE: 0.9
REASON: The man's downward gaze and the raised hand suggest he is being reprimanded or disapproved of."
emodb_small/images/cq38jnhwg7y15250lx.jpg,Annoyance,Disapproval,0.95,The person's furrowed brow and tight lips convey strong disapproval.,"LABEL: Disapproval
CONFIDENCE: 0.95
REASON: The person's furrowed brow and tight lips convey strong disapproval."
mscoco/images/COCO_train2014_000000510979.jpg,Annoyance,Disconnection,0.8,"The person is seen from behind, seemingly focused on eating, with no visible interaction or emotional connection to others in the scene.","LABEL: Disconnection
CONFIDENCE: 0.8
REASON: The person is seen from behind, seemingly focused on eating, with no visible interaction or emotional connection to others in the scene."
framesdb/images/frame_ej6entpaadewgc9y.jpg,Annoyance,Anticipation,0.85,"The man is looking down at his watch, suggesting he is waiting for something or someone.","LABEL: Anticipation
CONFIDENCE: 0.85
REASON: The man is looking down at his watch, suggesting he is waiting for something or someone."
emodb_small/images/fiz5xorzz2wg3f6mjw.jpg,Annoyance,Happiness,0.95,"The person in the foreground has a wide, open-mouthed smile suggesting joy or excitement.","LABEL: Happiness
CONFIDENCE: 0.95
REASON: The person in the foreground has a wide, open-mouthed smile suggesting joy or excitement."
mscoco/images/COCO_val2014_000000136285.jpg,Annoyance,Disapproval,0.85,The child’s stern facial expression and formal attire suggest disapproval or seriousness rather than joy or relaxation.,"LABEL: Disapproval
CONFIDENCE: 0.85
REASON: The child’s stern facial expression and formal attire suggest disapproval or seriousness rather than joy or relaxation."
emodb_small/images/grdh6brx51v3xinvrb.jpg,Annoyance,Anger,0.95,The man's furious facial expression and yelling indicate strong anger.,"LABEL: Anger
CONFIDENCE: 0.95
REASON: The man's furious facial expression and yelling indicate strong anger."
framesdb/images/frame_jho43ngrz6irqpgk.jpg,Anger,Disapproval,0.85,His stern facial expression and rigid posture convey disapproval.,"LABEL: Disapproval
CONFIDENCE: 0.85
REASON: His stern facial expression and rigid posture convey disapproval."
framesdb/images/frame_lcs8pku339ipaanw.jpg,Anger,Anger,0.95,"The man's open mouth, wide eyes, and gesturing arms convey intense frustration or rage.","LABEL: Anger
CONFIDENCE: 0.95
REASON: The man's open mouth, wide eyes, and gesturing arms convey intense frustration or rage."
framesdb/images/frame_img70kzyxcwpcep2.jpg,Anger,Happiness,0.95,"The image is a bright, smiling emoji conveying clear joy.","LABEL: Happiness
CONFIDENCE: 0.95
REASON: The image is a bright, smiling emoji conveying clear joy."
framesdb/images/frame_akualqxsncjvgeyg.jpg,Anger,Surprise,0.85,"The man's wide-open mouth and expressive gesture suggest a sudden, unexpected reaction.","LABEL: Surprise
CONFIDENCE: 0.85
REASON: The man's wide-open mouth and expressive gesture suggest a sudden, unexpected reaction."
emodb_small/images/gi0gp6m7tkndd6f112.jpg,Anger,Anger,0.95,"Her facial expression shows intense frustration and yelling, which strongly indicates anger.","LABEL: Anger
CONFIDENCE: 0.95
REASON: Her facial expression shows intense frustration and yelling, which strongly indicates anger."
framesdb/images/frame_liajpv2rrkm20bo1.jpg,Anger,Disconnection,0.85,"The person is wearing a prison uniform and standing away from the camera, suggesting isolation or detachment from others.","LABEL: Disconnection
CONFIDENCE: 0.85
REASON: The person is wearing a prison uniform and standing away from the camera, suggesting isolation or detachment from others."
mscoco/images/COCO_train2014_000000517487.jpg,Anger,Disapproval,0.85,His downturned mouth and stern expression convey disapproval.,"LABEL: Disapproval
CONFIDENCE: 0.85
REASON: His downturned mouth and stern expression convey disapproval."
emodb_small/images/gs2trkwi7hos146z4w.jpg,Anger,Disapproval,0.85,The man's furrowed brow and downturned mouth convey clear disapproval.,"LABEL: Disapproval
CONFIDENCE: 0.85
REASON: The man's furrowed brow and downturned mouth convey clear disapproval."
mscoco/images/COCO_val2014_000000579056.jpg,Anger,Excitement,0.85,"The person's dynamic pose and focused expression suggest energetic engagement, likely from playing a sport or performing an action with enthusiasm.","LABEL: Excitement
CONFIDENCE: 0.85
REASON: The person's dynamic pose and focused expression suggest energetic engagement, likely from playing a sport or performing an action with enthusiasm."
emodb_small/images/fw2kgcy7ce4buvo7d3.jpg,Anger,Anger,0.95,"The person's facial expression, with eyes squeezed shut and mouth wide open in a scream, strongly indicates intense anger.","LABEL: Anger
CONFIDENCE: 0.95
REASON: The person's facial expression, with eyes squeezed shut and mouth wide open in a scream, strongly indicates intense anger."
framesdb/images/frame_dy9lbeqikdu279x7.jpg,Anger,Disapproval,0.85,The man's stern facial expression and tense posture suggest disapproval.,"LABEL: Disapproval
CONFIDENCE: 0.85
REASON: The man's stern facial expression and tense posture suggest disapproval."
emodb_small/images/ge1jkzh3eo6k6dkb2v.jpg,Anger,Anger,0.95,"The person's facial expression, with furrowed brows, wide-open mouth, and hands gripping hair, strongly indicates intense anger.","LABEL: Anger
CONFIDENCE: 0.95
REASON: The person's facial expression, with furrowed brows, wide-open mouth, and hands gripping hair, strongly indicates intense anger."
mscoco/images/COCO_train2014_000000222977.jpg,Anger,Happiness,0.85,The man’s wide smile and relaxed posture suggest genuine joy or contentment.,"LABEL: Happiness
CONFIDENCE: 0.85
REASON: The man’s wide smile and relaxed posture suggest genuine joy or contentment."
emodb_small/images/g7upq9trwmhf1oetgg.jpg,Anger,Anger,0.95,"The person's facial expression shows clear signs of rage, including furrowed brows, bared teeth, and a snarling mouth.","LABEL: Anger
CONFIDENCE: 0.95
REASON: The person's facial expression shows clear signs of rage, including furrowed brows, bared teeth, and a snarling mouth."
mscoco/images/COCO_train2014_000000509931.jpg,Anger,Disapproval,0.8,The man’s downward gaze and posture suggest he is disapproving of the large snake being held.,"LABEL: Disapproval
CONFIDENCE: 0.8
REASON: The man’s downward gaze and posture suggest he is disapproving of the large snake being held."
emodb_small/images/ftn81xo2oyd3t7wncr.jpg,Anger,Disapproval,0.95,"The girl's furrowed brow, narrowed eyes, and crossed arms indicate clear disapproval.","LABEL: Disapproval
CONFIDENCE: 0.95
REASON: The girl's furrowed brow, narrowed eyes, and crossed arms indicate clear disapproval."
emodb_small/images/gog1i3qqqj2cm5jiuc.jpg,Anger,Happiness,0.95,The man's triumphant pose and intense facial expression suggest joy from a victory.,"LABEL: Happiness
CONFIDENCE: 0.95
REASON: The man's triumphant pose and intense facial expression suggest joy from a victory."
mscoco/images/COCO_val2014_000000542755.jpg,Anger,Anticipation,0.85,The player's intense facial expression and focused posture suggest he is preparing for a critical moment in the match.,"LABEL: Anticipation
CONFIDENCE: 0.85
REASON: The player's intense facial expression and focused posture suggest he is preparing for a critical moment in the match."
emodb_small/images/gyxnznvc0hjr3l6tt6.jpg,Anger,Anger,0.95,"The man's facial expression, with furrowed brows, wide-open mouth, and tense jaw, strongly indicates intense anger.","LABEL: Anger
CONFIDENCE: 0.95
REASON: The man's facial expression, with furrowed brows, wide-open mouth, and tense jaw, strongly indicates intense anger."
framesdb/images/frame_iqljg96xr2wha50c.jpg,Anger,Disapproval,0.85,"The image shows a dirty, littered environment which likely evokes disapproval of the neglect or pollution.","LABEL: Disapproval
CONFIDENCE: 0.85
REASON: The image shows a dirty, littered environment which likely evokes disapproval of the neglect or pollution."
emodb_small/images/gooprha47vibt86u4g.jpg,Anger,Anger,0.95,"The person's facial expression shows clear signs of rage, including bared teeth, narrowed eyes, and a tense face.","LABEL: Anger
CONFIDENCE: 0.95
REASON: The person's facial expression shows clear signs of rage, including bared teeth, narrowed eyes, and a tense face."
mscoco/images/COCO_val2014_000000084447.jpg,Anger,Fatigue,0.85,"The motorcyclist is sitting down, suggesting exhaustion after riding.","LABEL: Fatigue
CONFIDENCE: 0.85
REASON: The motorcyclist is sitting down, suggesting exhaustion after riding."
emodb_small/images/g913ioe8wwg2ej06h0.jpg,Anger,Anger,0.95,"The man's furious expression, wide eyes, open mouth, and pointing finger strongly indicate anger.","LABEL: Anger
CONFIDENCE: 0.95
REASON: The man's furious expression, wide eyes, open mouth, and pointing finger strongly indicate anger."
emodb_small/images/ga5g0gjbgz2zct7vnb.jpg,Anger,Disapproval,0.85,Her arms crossed and stern facial expression suggest disapproval.,"LABEL: Disapproval
CONFIDENCE: 0.85
REASON: Her arms crossed and stern facial expression suggest disapproval."
framesdb/images/frame_louk50k9uo2p3lq1.jpg,Anger,Disapproval,0.95,"The man is tearing the flag, a clear act of protest or disapproval.","LABEL: Disapproval
CONFIDENCE: 0.95
REASON: The man is tearing the flag, a clear act of protest or disapproval."
emodb_small/images/ft7cx0rkhwxj2tycj0.jpg,Anger,Disapproval,0.85,The person's downward gaze and slightly downturned mouth suggest disapproval or dissatisfaction with the situation.,"LABEL: Disapproval
CONFIDENCE: 0.85
REASON: The person's downward gaze and slightly downturned mouth suggest disapproval or dissatisfaction with the situation."
emodb_small/images/ft7cx0rkhwxj2tycj0.jpg,Anger,Happiness,0.9,The man's wide smile and dynamic pose suggest joyful celebration.,"LABEL: Happiness
CONFIDENCE: 0.9
REASON: The man's wide smile and dynamic pose suggest joyful celebration."
framesdb/images/frame_fr35rcsskco53ibw.jpg,Anger,Disapproval,0.85,The man's stern facial expression and defensive body language suggest he disagrees with or disapproves of the flight attendant's action.,"LABEL: Disapproval
CONFIDENCE: 0.85
REASON: The man's stern facial expression and defensive body language suggest he disagrees with or disapproves of the flight attendant's action."
framesdb/images/frame_ivvwnayhg9ervnpz.jpg,Anger,Disapproval,0.85,"The man in the foreground has a stern, downward-looking expression with a slightly turned head, suggesting disapproval of something or someone around him.","LABEL: Disapproval
CONFIDENCE: 0.85
REASON: The man in the foreground has a stern, downward-looking expression with a slightly turned head, suggesting disapproval of something or someone around him."
mscoco/images/COCO_train2014_000000141668.jpg,Anger,Disapproval,0.8,The man's stern facial expression and rigid posture suggest disapproval.,"LABEL: Disapproval
CONFIDENCE: 0.8
REASON: The man's stern facial expression and rigid posture suggest disapproval."
framesdb/images/frame_lra8o7zw204q54hf.jpg,Anger,Surprise,0.95,The man's wide eyes and open mouth indicate a startled or shocked reaction.,"LABEL: Surprise
CONFIDENCE: 0.95
REASON: The man's wide eyes and open mouth indicate a startled or shocked reaction."
mscoco/images/COCO_train2014_000000249086.jpg,Anger,Disapproval,0.85,The child's furrowed brow and downturned mouth suggest disapproval of the situation or task.,"LABEL: Disapproval
CONFIDENCE: 0.85
REASON: The child's furrowed brow and downturned mouth suggest disapproval of the situation or task."
framesdb/images/frame_jrtyqpp6eibyqoa8.jpg,Anger,Fear,0.85,"The person is sitting on a rocky cliff edge, wearing climbing gear and holding their head, suggesting anxiety or fear of heights or falling.","LABEL: Fear
CONFIDENCE: 0.85
REASON: The person is sitting on a rocky cliff edge, wearing climbing gear and holding their head, suggesting anxiety or fear of heights or falling."
framesdb/images/frame_ivfv1x55yo7e35rb.jpg,Anger,Confidence,0.8,The child's prayer-like gesture and focused expression suggest reverence or respect.,"LABEL: Respect
CONFIDENCE: 0.8
REASON: The child's prayer-like gesture and focused expression suggest reverence or respect."
framesdb/images/frame_ivfv1x55yo7e35rb.jpg,Anger,Disconnection,0.8,The girl's distant gaze and detached posture suggest she is mentally disengaged from her surroundings.,"LABEL: Disconnection
CONFIDENCE: 0.8
REASON: The girl's distant gaze and detached posture suggest she is mentally disengaged from her surroundings."
framesdb/images/frame_ivfv1x55yo7e35rb.jpg,Anger,Anticipation,0.85,The boy's focused gaze and slightly parted lips suggest he is waiting for something or concentrating on an upcoming event.,"LABEL: Anticipation
CONFIDENCE: 0.85
REASON: The boy's focused gaze and slightly parted lips suggest he is waiting for something or concentrating on an upcoming event."
emodb_small/images/ebpsbjqzfhd7efh00i.jpg,Sensitivity,Sadness,0.95,"Two children are visibly crying and embracing, indicating strong emotional distress consistent with sadness.","LABEL: Sadness
CONFIDENCE: 0.95
REASON: Two children are visibly crying and embracing, indicating strong emotional distress consistent with sadness."
mscoco/images/COCO_train2014_000000274108.jpg,Sensitivity,Engagement,0.95,"The baby is actively holding and looking at the book, showing focused attention and involvement.","LABEL: Engagement
CONFIDENCE: 0.95
REASON: The baby is actively holding and looking at the book, showing focused attention and involvement."
mscoco/images/COCO_train2014_000000274642.jpg,Sensitivity,Happiness,0.95,"The woman is smiling warmly while interacting with the baby, indicating joy and contentment.","LABEL: Happiness
CONFIDENCE: 0.95
REASON: The woman is smiling warmly while interacting with the baby, indicating joy and contentment."
mscoco/images/COCO_train2014_000000233143.jpg,Sensitivity,Confidence,0.8,The child's focused gaze and slightly tilted head suggest she is observing or wondering about something in her environment.,"LABEL: Curiosity
CONFIDENCE: 0.8
REASON: The child's focused gaze and slightly tilted head suggest she is observing or wondering about something in her environment."
mscoco/images/COCO_train2014_000000417446.jpg,Sensitivity,Disconnection,0.8,"The woman is leaning over a fence, seemingly ignoring the child beside her, suggesting emotional distance.","LABEL: Disconnection
CONFIDENCE: 0.8
REASON: The woman is leaning over a fence, seemingly ignoring the child beside her, suggesting emotional distance."
mscoco/images/COCO_train2014_000000319388.jpg,Sensitivity,Engagement,0.9,"The child is focused on fixing the skateboard, showing active involvement and concentration.","LABEL: Engagement
CONFIDENCE: 0.9
REASON: The child is focused on fixing the skateboard, showing active involvement and concentration."
emodb_small/images/dnz8r16rduh2vxoigq.jpg,Sensitivity,Pain,0.95,"The man is clutching his chest with a pained expression, suggesting physical discomfort or pain.","LABEL: Pain
CONFIDENCE: 0.95
REASON: The man is clutching his chest with a pained expression, suggesting physical discomfort or pain."
mscoco/images/COCO_train2014_000000379294.jpg,Sensitivity,Happiness,0.85,The man's smiling face and relaxed posture suggest contentment and joy while interacting with the horse.,"LABEL: Happiness
CONFIDENCE: 0.85
REASON: The man's smiling face and relaxed posture suggest contentment and joy while interacting with the horse."
mscoco/images/COCO_train2014_000000241945.jpg,Sensitivity,Happiness,0.95,"The baby has a bright, wide smile and engaged eyes, conveying clear joy.","LABEL: Happiness
CONFIDENCE: 0.95
REASON: The baby has a bright, wide smile and engaged eyes, conveying clear joy."
framesdb/images/frame_isgnogq2h0n1sop7.jpg,Sensitivity,Esteem,0.85,"The doctor's focused, professional demeanor suggests he values his role and the patient's trust, conveying esteem.","LABEL: Esteem
CONFIDENCE: 0.85
REASON: The doctor's focused, professional demeanor suggests he values his role and the patient's trust, conveying esteem."
mscoco/images/COCO_train2014_000000231719.jpg,Sensitivity,Surprise,0.8,The unusual sight of a dog carried in a backpack is unexpected and visually striking.,"LABEL: Surprise
CONFIDENCE: 0.8
REASON: The unusual sight of a dog carried in a backpack is unexpected and visually striking."
mscoco/images/COCO_train2014_000000276639.jpg,Sensitivity,Confidence,0.85,"The boy is holding the sheep steadily and looking forward, suggesting he is comfortable and self-assured in his role.","LABEL: Confidence
CONFIDENCE: 0.85
REASON: The boy is holding the sheep steadily and looking forward, suggesting he is comfortable and self-assured in his role."
mscoco/images/COCO_train2014_000000242712.jpg,Sensitivity,Sadness,0.85,"The person is curled up on the ground with their head down, a posture commonly associated with sadness or disappointment.","LABEL: Sadness
CONFIDENCE: 0.85
REASON: The person is curled up on the ground with their head down, a posture commonly associated with sadness or disappointment."
mscoco/images/COCO_train2014_000000348680.jpg,Sensitivity,Disconnection,0.8,"The man is looking down at his hands, not engaging with his surroundings or anyone else, suggesting a lack of connection.","LABEL: Disconnection
CONFIDENCE: 0.8
REASON: The man is looking down at his hands, not engaging with his surroundings or anyone else, suggesting a lack of connection."
mscoco/images/COCO_train2014_000000260838.jpg,Sensitivity,Peace,0.85,"The person appears calm and at ease in a natural, outdoor setting.","LABEL: Peace
CONFIDENCE: 0.85
REASON: The person appears calm and at ease in a natural, outdoor setting."
emodb_small/images/ejg01p8jo4cvofip7t.jpg,Sensitivity,Disapproval,0.85,The person's hand covering their mouth and downturned expression suggest disapproval or disapproval.,"LABEL: Disapproval
CONFIDENCE: 0.85
REASON: The person's hand covering their mouth and downturned expression suggest disapproval or disapproval."
mscoco/images/COCO_train2014_000000236295.jpg,Sensitivity,Engagement,0.85,"The person is actively focused on handling a hose, indicating involvement in a task.","LABEL: Engagement
CONFIDENCE: 0.85
REASON: The person is actively focused on handling a hose, indicating involvement in a task."
mscoco/images/COCO_train2014_000000250978.jpg,Sensitivity,Affection,0.95,"The child is hugging a teddy bear tightly, indicating warmth and emotional attachment.","LABEL: Affection
CONFIDENCE: 0.95
REASON: The child is hugging a teddy bear tightly, indicating warmth and emotional attachment."
mscoco/images/COCO_train2014_000000222206.jpg,Sensitivity,Disapproval,0.85,The child’s stern facial expression and direct gaze convey disapproval or seriousness.,"LABEL: Disapproval
CONFIDENCE: 0.85
REASON: The child’s stern facial expression and direct gaze convey disapproval or seriousness."
mscoco/images/COCO_train2014_000000321206.jpg,Sensitivity,Happiness,0.9,The woman's upward gaze and open hand gesture suggest joy and delight while observing something interesting.,"LABEL: Happiness
CONFIDENCE: 0.9
REASON: The woman's upward gaze and open hand gesture suggest joy and delight while observing something interesting."
mscoco/images/COCO_train2014_000000399556.jpg,Sensitivity,Happiness,0.85,The baby's wide eyes and relaxed posture while being held suggest contentment and joy.,"LABEL: Happiness
CONFIDENCE: 0.85
REASON: The baby's wide eyes and relaxed posture while being held suggest contentment and joy."
mscoco/images/COCO_train2014_000000270202.jpg,Sensitivity,Happiness,0.95,"The child is smiling broadly with a party hat, indicating joy.","LABEL: Happiness
CONFIDENCE: 0.95
REASON: The child is smiling broadly with a party hat, indicating joy."
emodb_small/images/es1szlkoa1bc6u318b.jpg,Sensitivity,Sadness,0.95,"The woman's facial expression shows clear signs of crying and emotional distress, which strongly indicates sadness.","LABEL: Sadness
CONFIDENCE: 0.95
REASON: The woman's facial expression shows clear signs of crying and emotional distress, which strongly indicates sadness."
emodb_small/images/c97lzdd2nbl8ttcsvb.jpg,Sensitivity,Sadness,0.95,"The woman's downturned mouth, teary eyes, and hand on her forehead strongly indicate sadness.","LABEL: Sadness
CONFIDENCE: 0.95
REASON: The woman's downturned mouth, teary eyes, and hand on her forehead strongly indicate sadness."
mscoco/images/COCO_train2014_000000367792.jpg,Sensitivity,Happiness,0.85,The child's bright eyes and slight smile suggest joy and contentment.,"LABEL: Happiness
CONFIDENCE: 0.85
REASON: The child's bright eyes and slight smile suggest joy and contentment."
emodb_small/images/dh2n32n6sa7z4dxzgb.jpg,Sensitivity,Fatigue,0.95,"The person is lying exhausted on the court after likely playing tennis, indicating physical fatigue.","LABEL: Fatigue
CONFIDENCE: 0.95
REASON: The person is lying exhausted on the court after likely playing tennis, indicating physical fatigue."
mscoco/images/COCO_train2014_000000376907.jpg,Sensitivity,Engagement,0.85,"The person is actively involved in a task, handling a bucket in what appears to be a work setting.","LABEL: Engagement
CONFIDENCE: 0.85
REASON: The person is actively involved in a task, handling a bucket in what appears to be a work setting."
mscoco/images/COCO_train2014_000000385283.jpg,Sensitivity,Affection,0.95,"The adult is leaning in closely and gently touching the child's face, indicating a tender, caring moment.","LABEL: Affection
CONFIDENCE: 0.95
REASON: The adult is leaning in closely and gently touching the child's face, indicating a tender, caring moment."
mscoco/images/COCO_train2014_000000415492.jpg,Sensitivity,Pleasure,0.85,"The person is carefully grooming a dog, suggesting enjoyment and satisfaction from the activity.","LABEL: Pleasure
CONFIDENCE: 0.85
REASON: The person is carefully grooming a dog, suggesting enjoyment and satisfaction from the activity."
emodb_small/images/8ze4iuoys263mhil2v.jpg,Sensitivity,Fatigue,0.95,"The person is slumped over with eyes closed and hands on head, indicating exhaustion or tiredness.","LABEL: Fatigue
CONFIDENCE: 0.95
REASON: The person is slumped over with eyes closed and hands on head, indicating exhaustion or tiredness."
mscoco/images/COCO_train2014_000000286306.jpg,Sensitivity,Happiness,0.85,"The man is smiling broadly and appears relaxed, suggesting positive emotion.","LABEL: Happiness
CONFIDENCE: 0.85
REASON: The man is smiling broadly and appears relaxed, suggesting positive emotion."
mscoco/images/COCO_train2014_000000234467.jpg,Sensitivity,Disconnection,0.8,"The person is looking down and away, seemingly detached from their surroundings or interaction.","LABEL: Disconnection
CONFIDENCE: 0.8
REASON: The person is looking down and away, seemingly detached from their surroundings or interaction."
mscoco/images/COCO_train2014_000000381856.jpg,Sensitivity,Happiness,0.95,"The elderly woman is smiling broadly while looking at her birthday cake, clearly expressing joy.","LABEL: Happiness
CONFIDENCE: 0.95
REASON: The elderly woman is smiling broadly while looking at her birthday cake, clearly expressing joy."
mscoco/images/COCO_train2014_000000391678.jpg,Sensitivity,Disapproval,0.8,The child's facial expression and posture suggest reluctance or dissatisfaction with the activity.,"LABEL: Disapproval
CONFIDENCE: 0.8
REASON: The child's facial expression and posture suggest reluctance or dissatisfaction with the activity."
mscoco/images/COCO_train2014_000000342965.jpg,Sensitivity,Confidence,0.8,"The child is actively reaching into the toilet bowl, suggesting exploration and inquisitiveness.","LABEL: Curiosity
CONFIDENCE: 0.8
REASON: The child is actively reaching into the toilet bowl, suggesting exploration and inquisitiveness."
mscoco/images/COCO_train2014_000000340633.jpg,Sensitivity,Disconnection,0.8,"The person is turned away from the camera, appearing detached or not engaging with their surroundings.","LABEL: Disconnection
CONFIDENCE: 0.8
REASON: The person is turned away from the camera, appearing detached or not engaging with their surroundings."
mscoco/images/COCO_train2014_000000381967.jpg,Sensitivity,Happiness,0.85,The child’s wide eyes and engaged expression while sitting in the suitcase suggest joyful curiosity and delight.,"LABEL: Happiness
CONFIDENCE: 0.85
REASON: The child’s wide eyes and engaged expression while sitting in the suitcase suggest joyful curiosity and delight."
emodb_small/images/ebpsbjqzfhd7efh00i.jpg,Sadness,Sadness,0.95,"The child is visibly crying with a distressed facial expression, indicating sadness.","LABEL: Sadness
CONFIDENCE: 0.95
REASON: The child is visibly crying with a distressed facial expression, indicating sadness."
mscoco/images/COCO_train2014_000000360271.jpg,Sadness,Disconnection,0.8,"The blurred, disconnected focus on two individuals suggests emotional or physical separation.","LABEL: Disconnection
CONFIDENCE: 0.8
REASON: The blurred, disconnected focus on two individuals suggests emotional or physical separation."
framesdb/images/frame_i257k79i9orxw84k.jpg,Sadness,Disapproval,0.85,Her furrowed brow and turned-away gaze suggest disapproval or dissatisfaction.,"LABEL: Disapproval
CONFIDENCE: 0.85
REASON: Her furrowed brow and turned-away gaze suggest disapproval or dissatisfaction."
framesdb/images/frame_i257k79i9orxw84k.jpg,Sadness,Sadness,0.9,Her downturned mouth and drooping eyes convey clear signs of sadness.,"LABEL: Sadness
CONFIDENCE: 0.9
REASON: Her downturned mouth and drooping eyes convey clear signs of sadness."
emodb_small/images/fdx9496bahencoj0s8.jpg,Sadness,Fear,0.85,"Her wide eyes, tense posture, and defensive hand position suggest she is reacting to a perceived threat.","LABEL: Fear
CONFIDENCE: 0.85
REASON: Her wide eyes, tense posture, and defensive hand position suggest she is reacting to a perceived threat."
framesdb/images/frame_im9sv2qvbq8n1qob.jpg,Sadness,Peace,0.85,"The woman is calmly reading a newspaper outdoors, suggesting relaxation and tranquility.","LABEL: Peace
CONFIDENCE: 0.85
REASON: The woman is calmly reading a newspaper outdoors, suggesting relaxation and tranquility."
mscoco/images/COCO_train2014_000000086934.jpg,Sadness,Sadness,0.9,The person's posture and facial expression suggest emotional distress or sorrow.,"LABEL: Sadness
CONFIDENCE: 0.9
REASON: The person's posture and facial expression suggest emotional distress or sorrow."
emodb_small/images/eh6fo5xazcnas1fxvw.jpg,Sadness,Sadness,0.95,The person's downturned mouth and teary eyes strongly indicate sadness.,"LABEL: Sadness
CONFIDENCE: 0.95
REASON: The person's downturned mouth and teary eyes strongly indicate sadness."
mscoco/images/COCO_train2014_000000246318.jpg,Sadness,Pain,0.85,"The person is sitting on the snow with a snowboard nearby, suggesting they may have fallen and are experiencing physical discomfort or injury.","LABEL: Pain
CONFIDENCE: 0.85
REASON: The person is sitting on the snow with a snowboard nearby, suggesting they may have fallen and are experiencing physical discomfort or injury."
mscoco/images/COCO_val2014_000000062068.jpg,Sadness,Disapproval,0.85,The statue's stern facial expression and rigid posture convey a sense of disapproval or judgment.,"LABEL: Disapproval
CONFIDENCE: 0.85
REASON: The statue's stern facial expression and rigid posture convey a sense of disapproval or judgment."
emodb_small/images/ciab2zf1pb72gnx8fe.jpg,Sadness,Disquietment,0.85,"The man's thoughtful expression and hand-to-chin pose suggest he is pondering something troubling or uncertain, indicating disquietment.","LABEL: Disquietment
CONFIDENCE: 0.85
REASON: The man's thoughtful expression and hand-to-chin pose suggest he is pondering something troubling or uncertain, indicating disquietment."
emodb_small/images/e9b5cftu9bwcw29nnh.jpg,Sadness,Disapproval,0.85,The person's furrowed brow and downturned mouth suggest disapproval.,"LABEL: Disapproval
CONFIDENCE: 0.85
REASON: The person's furrowed brow and downturned mouth suggest disapproval."
emodb_small/images/9yd3n97r8lj2incfap.jpg,Sadness,Sadness,0.95,"The person is hunched over with their head down, a common posture associated with sadness.","LABEL: Sadness
CONFIDENCE: 0.95
REASON: The person is hunched over with their head down, a common posture associated with sadness."
mscoco/images/COCO_train2014_000000130816.jpg,Sadness,Happiness,0.85,The player's smile and relaxed posture suggest enjoyment of the moment.,"LABEL: Happiness
CONFIDENCE: 0.85
REASON: The player's smile and relaxed posture suggest enjoyment of the moment."
emodb_small/images/9bxt4vwyaytxtt5bgk.jpg,Sadness,Sadness,0.95,"The woman is wiping tears from her eyes, a clear sign of sadness.","LABEL: Sadness
CONFIDENCE: 0.95
REASON: The woman is wiping tears from her eyes, a clear sign of sadness."
framesdb/images/frame_408eff12kggcdmhx.jpg,Sadness,Sadness,0.95,"The officer’s solemn expression and salute suggest mourning or respect for a loss, evoking sadness.","LABEL: Sadness
CONFIDENCE: 0.95
REASON: The officer’s solemn expression and salute suggest mourning or respect for a loss, evoking sadness."
emodb_small/images/eys7tccuzr3mzxxrmx.jpg,Sadness,Sadness,0.85,"The man's solemn expression and the yellow ribbon, often symbolizing mourning or support for a cause, suggest a somber emotional state consistent with sadness.","LABEL: Sadness
CONFIDENCE: 0.85
REASON: The man's solemn expression and the yellow ribbon, often symbolizing mourning or support for a cause, suggest a somber emotional state consistent with sadness."
framesdb/images/frame_8y6k5miqg5zyyb17.jpg,Sadness,Sympathy,0.95,"The image shows a comforting hand holding another person's hand, suggesting care and empathy for someone who appears ill or vulnerable.","LABEL: Sympathy
CONFIDENCE: 0.95
REASON: The image shows a comforting hand holding another person's hand, suggesting care and empathy for someone who appears ill or vulnerable."
framesdb/images/frame_gxvu6rgtprnbptcd.jpg,Sadness,Sadness,0.9,The man's downcast eyes and somber expression convey deep sorrow.,"LABEL: Sadness
CONFIDENCE: 0.9
REASON: The man's downcast eyes and somber expression convey deep sorrow."
framesdb/images/frame_gxvu6rgtprnbptcd.jpg,Sadness,Disapproval,0.85,His stern facial expression and downturned mouth suggest disapproval.,"LABEL: Disapproval
CONFIDENCE: 0.85
REASON: His stern facial expression and downturned mouth suggest disapproval."
framesdb/images/frame_82lhqgaakcbkookb.jpg,Sadness,Sadness,0.85,The child's downward gaze and hunched posture convey a sense of melancholy or sorrow.,"LABEL: Sadness
CONFIDENCE: 0.85
REASON: The child's downward gaze and hunched posture convey a sense of melancholy or sorrow."
framesdb/images/frame_hj0k5ry8gg38vm8y.jpg,Sadness,Happiness,0.95,"The woman is smiling broadly, suggesting joy or happiness.","LABEL: Happiness
CONFIDENCE: 0.95
REASON: The woman is smiling broadly, suggesting joy or happiness."
framesdb/images/frame_f8avxp8wf4ouhf32.jpg,Sadness,Suffering,0.85,"The person is carrying a heavy sack in a dirty, littered environment, suggesting physical strain and hardship.","LABEL: Suffering
CONFIDENCE: 0.85
REASON: The person is carrying a heavy sack in a dirty, littered environment, suggesting physical strain and hardship."
framesdb/images/frame_66ob1dorv8d4sqdm.jpg,Sadness,Anticipation,0.8,"The person is preparing to bowl, suggesting they are focused and waiting for the outcome.","LABEL: Anticipation
CONFIDENCE: 0.8
REASON: The person is preparing to bowl, suggesting they are focused and waiting for the outcome."
emodb_small/images/a2x107ip2c875c7l3v.jpg,Sadness,Sympathy,0.9,The man's concerned expression and hand on the other person's shoulder suggest he is offering comfort.,"LABEL: Sympathy
CONFIDENCE: 0.9
REASON: The man's concerned expression and hand on the other person's shoulder suggest he is offering comfort."
emodb_small/images/f1k0purilsyt1kz7c1.jpg,Sadness,Sadness,0.95,"The woman is visibly crying with a distressed facial expression, indicating deep sadness.","LABEL: Sadness
CONFIDENCE: 0.95
REASON: The woman is visibly crying with a distressed facial expression, indicating deep sadness."
emodb_small/images/30nuw6i66lmickmbly.jpg,Sadness,Affection,0.95,The intimate embrace and kiss on the cheek strongly convey affection between the two people.,"LABEL: Affection
CONFIDENCE: 0.95
REASON: The intimate embrace and kiss on the cheek strongly convey affection between the two people."
framesdb/images/frame_j0s89681xd0y9c22.jpg,Sadness,Disapproval,0.8,The man’s arms crossed and stern facial expression suggest disapproval or disagreement.,"LABEL: Disapproval
CONFIDENCE: 0.8
REASON: The man’s arms crossed and stern facial expression suggest disapproval or disagreement."
emodb_small/images/ekhtdcez1lztslt6z1.jpg,Sadness,Sadness,0.85,The person's downcast eyes and downturned mouth suggest emotional distress or sorrow.,"LABEL: Sadness
CONFIDENCE: 0.85
REASON: The person's downcast eyes and downturned mouth suggest emotional distress or sorrow."
emodb_small/images/1ggg1cxv951z7z3yjo.jpg,Sadness,Affection,0.95,The intimate embrace and gentle touch strongly suggest a loving or affectionate connection between the two people.,"LABEL: Affection
CONFIDENCE: 0.95
REASON: The intimate embrace and gentle touch strongly suggest a loving or affectionate connection between the two people."
emodb_small/images/1ggg1cxv951z7z3yjo.jpg,Sadness,Affection,0.85,"The gentle hand gesture near the person's head suggests intimacy or care, implying affection.","LABEL: Affection
CONFIDENCE: 0.85
REASON: The gentle hand gesture near the person's head suggests intimacy or care, implying affection."
framesdb/images/frame_l64wl8vyo60wkowq.jpg,Sadness,Disconnection,0.85,"The individuals appear isolated and not interacting, suggesting emotional or social disconnection.","LABEL: Disconnection
CONFIDENCE: 0.85
REASON: The individuals appear isolated and not interacting, suggesting emotional or social disconnection."
framesdb/images/frame_guioy8i4w963fztm.jpg,Sadness,Sadness,0.85,The person's downward gaze and somber facial expression suggest emotional distress or sadness.,"LABEL: Sadness
CONFIDENCE: 0.85
REASON: The person's downward gaze and somber facial expression suggest emotional distress or sadness."
emodb_small/images/ew7m8bfr7dwtrcztca.jpg,Sadness,Sadness,0.95,"The woman is crying with her hand on her forehead, showing clear signs of sorrow.","LABEL: Sadness
CONFIDENCE: 0.95
REASON: The woman is crying with her hand on her forehead, showing clear signs of sorrow."
framesdb/images/frame_2qqy8icj4xthx9zm.jpg,Sadness,Disconnection,0.85,"The person is turned away, showing no engagement or interaction with the other person.","LABEL: Disconnection
CONFIDENCE: 0.85
REASON: The person is turned away, showing no engagement or interaction with the other person."
mscoco/images/COCO_val2014_000000126583.jpg,Sadness,Disconnection,0.85,The player’s downward gaze and focused posture suggest disengagement from the immediate surroundings or audience.,"LABEL: Disconnection
CONFIDENCE: 0.85
REASON: The player’s downward gaze and focused posture suggest disengagement from the immediate surroundings or audience."
emodb_small/images/cz6xpybqfvn7pmad1a.jpg,Sadness,Disapproval,0.85,The woman's furrowed brow and hand over her mouth suggest discomfort or disapproval of something she's witnessing or hearing.,"LABEL: Disapproval
CONFIDENCE: 0.85
REASON: The woman's furrowed brow and hand over her mouth suggest discomfort or disapproval of something she's witnessing or hearing."
emodb_small/images/9vpkzp9mlx7d9ws9g8.jpg,Sadness,Sympathy,0.95,"The image shows one person comforting another by holding them, suggesting empathy and care.","LABEL: Sympathy
CONFIDENCE: 0.95
REASON: The image shows one person comforting another by holding them, suggesting empathy and care."
mscoco/images/COCO_train2014_000000497759.jpg,Disquietment,Engagement,0.85,"The man is focused on an activity, suggesting active involvement and concentration.","LABEL: Engagement
CONFIDENCE: 0.85
REASON: The man is focused on an activity, suggesting active involvement and concentration."
framesdb/images/frame_3jwi6nrvfphi4lp6.jpg,Disquietment,Happiness,0.85,The woman's relaxed posture and beach setting suggest enjoyment and contentment.,"LABEL: Happiness
CONFIDENCE: 0.85
REASON: The woman's relaxed posture and beach setting suggest enjoyment and contentment."
mscoco/images/COCO_train2014_000000508449.jpg,Disquietment,Happiness,0.95,"The woman is smiling broadly while holding a celebratory cake, indicating joy.","LABEL: Happiness
CONFIDENCE: 0.95
REASON: The woman is smiling broadly while holding a celebratory cake, indicating joy."
emodb_small/images/4jdr4joweoi5dedxky.jpg,Disquietment,Doubt/Confusion,0.85,The man's furrowed brow and hand-to-chin pose suggest deep thought or uncertainty.,"LABEL: Doubt/Confusion
CONFIDENCE: 0.85
REASON: The man's furrowed brow and hand-to-chin pose suggest deep thought or uncertainty."
mscoco/images/COCO_train2014_000000056126.jpg,Disquietment,Affection,0.9,"The person is gently holding and petting the sheep, showing care and tenderness.","LABEL: Affection
CONFIDENCE: 0.9
REASON: The person is gently holding and petting the sheep, showing care and tenderness."
mscoco/images/COCO_train2014_000000021750.jpg,Disquietment,Pleasure,0.9,"The child is happily eating a donut, showing enjoyment through her focused expression and the act of savoring the treat.","LABEL: Pleasure
CONFIDENCE: 0.9
REASON: The child is happily eating a donut, showing enjoyment through her focused expression and the act of savoring the treat."
mscoco/images/COCO_train2014_000000038722.jpg,Disquietment,Disconnection,0.85,"The person is carrying items and looking away, suggesting detachment from their surroundings or task.","LABEL: Disconnection
CONFIDENCE: 0.85
REASON: The person is carrying items and looking away, suggesting detachment from their surroundings or task."
framesdb/images/frame_5zj0q9gpt75rrjhy.jpg,Disquietment,Disconnection,0.8,"The person is turned away, showing no engagement with the viewer or surroundings.","LABEL: Disconnection
CONFIDENCE: 0.8
REASON: The person is turned away, showing no engagement with the viewer or surroundings."
emodb_small/images/gdli6adbasjcw7uvim.jpg,Disquietment,Pain,0.95,"The man's facial expression and body language strongly indicate physical or emotional distress, consistent with pain.","LABEL: Pain
CONFIDENCE: 0.95
REASON: The man's facial expression and body language strongly indicate physical or emotional distress, consistent with pain."
mscoco/images/COCO_train2014_000000031188.jpg,Disquietment,Disapproval,0.85,The man's stern facial expression and direct gaze suggest disapproval.,"LABEL: Disapproval
CONFIDENCE: 0.85
REASON: The man's stern facial expression and direct gaze suggest disapproval."
mscoco/images/COCO_train2014_000000030431.jpg,Disquietment,Happiness,0.85,The child’s relaxed posture and bright clothing suggest enjoyment in a playful outdoor setting.,"LABEL: Happiness
CONFIDENCE: 0.85
REASON: The child’s relaxed posture and bright clothing suggest enjoyment in a playful outdoor setting."
mscoco/images/COCO_train2014_000000052751.jpg,Disquietment,Happiness,0.95,"The baseball player is smiling and waving, indicating a positive and joyful emotion after likely achieving something good in the game.","LABEL: Happiness
CONFIDENCE: 0.95
REASON: The baseball player is smiling and waving, indicating a positive and joyful emotion after likely achieving something good in the game."
mscoco/images/COCO_train2014_000000475103.jpg,Disquietment,Excitement,0.85,The player's dynamic pose and blurred motion suggest energetic action typical of an exciting baseball moment.,"LABEL: Excitement
CONFIDENCE: 0.85
REASON: The player's dynamic pose and blurred motion suggest energetic action typical of an exciting baseball moment."
mscoco/images/COCO_train2014_000000491140.jpg,Disquietment,Happiness,0.8,"She is smiling and relaxed while sitting on a bench, suggesting contentment and joy.","LABEL: Happiness
CONFIDENCE: 0.8
REASON: She is smiling and relaxed while sitting on a bench, suggesting contentment and joy."
mscoco/images/COCO_train2014_000000485002.jpg,Disquietment,Happiness,0.9,"The person is smiling broadly and waving cheerfully, conveying clear happiness.","LABEL: Happiness
CONFIDENCE: 0.9
REASON: The person is smiling broadly and waving cheerfully, conveying clear happiness."
mscoco/images/COCO_train2014_000000042050.jpg,Disquietment,Happiness,0.95,"The person is smiling broadly while skiing, indicating enjoyment and happiness.","LABEL: Happiness
CONFIDENCE: 0.95
REASON: The person is smiling broadly while skiing, indicating enjoyment and happiness."
mscoco/images/COCO_train2014_000000484385.jpg,Disquietment,Anticipation,0.85,The player's intense facial expression and focused body language suggest he is eagerly anticipating the next play or outcome in the game.,"LABEL: Anticipation
CONFIDENCE: 0.85
REASON: The player's intense facial expression and focused body language suggest he is eagerly anticipating the next play or outcome in the game."
mscoco/images/COCO_train2014_000000040298.jpg,Disquietment,Anticipation,0.85,The tennis player’s focused posture and ready stance suggest he is anticipating his opponent’s next move.,"LABEL: Anticipation
CONFIDENCE: 0.85
REASON: The tennis player’s focused posture and ready stance suggest he is anticipating his opponent’s next move."
mscoco/images/COCO_train2014_000000015546.jpg,Disquietment,Excitement,0.85,The athlete's dynamic pose and focused expression suggest intense engagement and energy typical of excitement during a competitive sports moment.,"LABEL: Excitement
CONFIDENCE: 0.85
REASON: The athlete's dynamic pose and focused expression suggest intense engagement and energy typical of excitement during a competitive sports moment."
mscoco/images/COCO_train2014_000000506710.jpg,Disquietment,Excitement,0.85,The person's dynamic pose and focused expression suggest active enjoyment and thrill from skateboarding.,"LABEL: Excitement
CONFIDENCE: 0.85
REASON: The person's dynamic pose and focused expression suggest active enjoyment and thrill from skateboarding."
mscoco/images/COCO_train2014_000000505611.jpg,Disquietment,Disconnection,0.8,"The man is turned away, showing no engagement with the viewer or surroundings.","LABEL: Disconnection
CONFIDENCE: 0.8
REASON: The man is turned away, showing no engagement with the viewer or surroundings."
mscoco/images/COCO_train2014_000000496116.jpg,Disquietment,Happiness,0.95,"The man is smiling broadly while proudly holding a large bunch of bananas, conveying clear joy and satisfaction.","LABEL: Happiness
CONFIDENCE: 0.95
REASON: The man is smiling broadly while proudly holding a large bunch of bananas, conveying clear joy and satisfaction."
mscoco/images/COCO_train2014_000000015957.jpg,Disquietment,Engagement,0.85,"The officer actively walking with a police dog suggests involvement in a task, indicating engagement.","LABEL: Engagement
CONFIDENCE: 0.85
REASON: The officer actively walking with a police dog suggests involvement in a task, indicating engagement."
mscoco/images/COCO_train2014_000000495489.jpg,Disquietment,Engagement,0.85,"The person is actively focused on a task in the kitchen, suggesting involvement and concentration.","LABEL: Engagement
CONFIDENCE: 0.85
REASON: The person is actively focused on a task in the kitchen, suggesting involvement and concentration."
mscoco/images/COCO_train2014_000000493742.jpg,Disquietment,Excitement,0.9,"The person is mid-air on a skateboard performing a trick, suggesting high energy and thrilling action.","LABEL: Excitement
CONFIDENCE: 0.9
REASON: The person is mid-air on a skateboard performing a trick, suggesting high energy and thrilling action."
mscoco/images/COCO_train2014_000000137681.jpg,Disquietment,Disconnection,0.85,The man’s neutral expression and distant posture suggest emotional detachment from his surroundings.,"LABEL: Disconnection
CONFIDENCE: 0.85
REASON: The man’s neutral expression and distant posture suggest emotional detachment from his surroundings."
mscoco/images/COCO_train2014_000000008872.jpg,Disquietment,Excitement,0.85,The tennis player's dynamic pose and focused expression suggest intense engagement and energy typical of excitement during a competitive match.,"LABEL: Excitement
CONFIDENCE: 0.85
REASON: The tennis player's dynamic pose and focused expression suggest intense engagement and energy typical of excitement during a competitive match."
mscoco/images/COCO_train2014_000000026699.jpg,Disquietment,Disapproval,0.85,The umpire's stern facial expression and rigid posture suggest disapproval of a play.,"LABEL: Disapproval
CONFIDENCE: 0.85
REASON: The umpire's stern facial expression and rigid posture suggest disapproval of a play."
mscoco/images/COCO_train2014_000000503557.jpg,Disquietment,Disapproval,0.85,His furrowed brow and tight-lipped expression suggest disapproval or dissatisfaction with something unseen.,"LABEL: Disapproval
CONFIDENCE: 0.85
REASON: His furrowed brow and tight-lipped expression suggest disapproval or dissatisfaction with something unseen."
mscoco/images/COCO_train2014_000000040449.jpg,Disquietment,Engagement,0.85,"The person is actively taking a selfie, indicating involvement and focus on the moment.","LABEL: Engagement
CONFIDENCE: 0.85
REASON: The person is actively taking a selfie, indicating involvement and focus on the moment."
emodb_small/images/er4y04sxe8urhb02w1.jpg,Disquietment,Sadness,0.85,"The boy's downturned mouth and droopy eyes convey a somber, melancholic expression.","LABEL: Sadness
CONFIDENCE: 0.85
REASON: The boy's downturned mouth and droopy eyes convey a somber, melancholic expression."
mscoco/images/COCO_train2014_000000200416.jpg,Disquietment,Excitement,0.85,The skateboarder’s dynamic pose mid-air suggests thrilling action and energetic engagement.,"LABEL: Excitement
CONFIDENCE: 0.85
REASON: The skateboarder’s dynamic pose mid-air suggests thrilling action and energetic engagement."
mscoco/images/COCO_train2014_000000073864.jpg,Disquietment,Fear,0.85,"The child is covering their eyes and has a tense expression, suggesting fear or discomfort during the haircut.","LABEL: Fear
CONFIDENCE: 0.85
REASON: The child is covering their eyes and has a tense expression, suggesting fear or discomfort during the haircut."
mscoco/images/COCO_train2014_000000563364.jpg,Disquietment,Happiness,0.8,"She has a slight smile and relaxed posture, suggesting contentment.","LABEL: Happiness
CONFIDENCE: 0.8
REASON: She has a slight smile and relaxed posture, suggesting contentment."
framesdb/images/frame_l13azlwi9v5yz5vg.jpg,Disquietment,Happiness,0.95,The woman is smiling broadly and appears to be joyfully playing in the water.,"LABEL: Happiness
CONFIDENCE: 0.95
REASON: The woman is smiling broadly and appears to be joyfully playing in the water."
mscoco/images/COCO_train2014_000000263212.jpg,Disquietment,Engagement,0.85,"The woman is actively holding up her phone, likely to capture or share something, indicating focused involvement in the moment.","LABEL: Engagement
CONFIDENCE: 0.85
REASON: The woman is actively holding up her phone, likely to capture or share something, indicating focused involvement in the moment."
mscoco/images/COCO_train2014_000000488897.jpg,Disquietment,Happiness,0.95,"The man is smiling broadly and gesturing enthusiastically, indicating clear joy or happiness.","LABEL: Happiness
CONFIDENCE: 0.95
REASON: The man is smiling broadly and gesturing enthusiastically, indicating clear joy or happiness."
mscoco/images/COCO_train2014_000000012424.jpg,Disquietment,Disconnection,0.85,"The image is extremely blurry and lacks clear context or emotional cues, suggesting a lack of connection or engagement with the scene.","LABEL: Disconnection
CONFIDENCE: 0.85
REASON: The image is extremely blurry and lacks clear context or emotional cues, suggesting a lack of connection or engagement with the scene."
emodb_small/images/8np055tw5fr7i1ycxl.jpg,Fear,Disapproval,0.8,"The person's arms are crossed, a common body language indicating defensiveness or disagreement.","LABEL: Disapproval
CONFIDENCE: 0.8
REASON: The person's arms are crossed, a common body language indicating defensiveness or disagreement."
framesdb/images/frame_6h8pczdocglgh0jl.jpg,Fear,Disconnection,0.85,"The person's distant gaze and the blurred, impersonal setting suggest emotional detachment.","LABEL: Disconnection
CONFIDENCE: 0.85
REASON: The person's distant gaze and the blurred, impersonal setting suggest emotional detachment."
mscoco/images/COCO_train2014_000000387270.jpg,Fear,Excitement,0.85,The surfer’s dynamic pose and focused expression suggest thrilling engagement with the wave.,"LABEL: Excitement
CONFIDENCE: 0.85
REASON: The surfer’s dynamic pose and focused expression suggest thrilling engagement with the wave."
framesdb/images/frame_dzyq9ukbsjiicxhe.jpg,Fear,Happiness,0.9,"The person is lying on stairs with a wide smile and waving, indicating joy.","LABEL: Happiness
CONFIDENCE: 0.9
REASON: The person is lying on stairs with a wide smile and waving, indicating joy."
emodb_small/images/fdp6ejoy2z5ckxu7uf.jpg,Fear,Surprise,0.95,The person's wide eyes and clasped hands indicate a startled or shocked reaction.,"LABEL: Surprise
CONFIDENCE: 0.95
REASON: The person's wide eyes and clasped hands indicate a startled or shocked reaction."
mscoco/images/COCO_val2014_000000094926.jpg,Fear,Happiness,0.85,"The child wearing a cheerful, smiling backpack appears joyful and carefree, suggesting happiness.","LABEL: Happiness
CONFIDENCE: 0.85
REASON: The child wearing a cheerful, smiling backpack appears joyful and carefree, suggesting happiness."
mscoco/images/COCO_train2014_000000513077.jpg,Fear,Happiness,0.85,"The man’s open arms and dynamic pose suggest joyful movement, conveying happiness.","LABEL: Happiness
CONFIDENCE: 0.85
REASON: The man’s open arms and dynamic pose suggest joyful movement, conveying happiness."
mscoco/images/COCO_train2014_000000055637.jpg,Fear,Confidence,0.85,The rider's relaxed posture and focused expression suggest self-assurance while handling the motorcycle.,"LABEL: Confidence
CONFIDENCE: 0.85
REASON: The rider's relaxed posture and focused expression suggest self-assurance while handling the motorcycle."
mscoco/images/COCO_train2014_000000023447.jpg,Fear,Excitement,0.85,The child's focused posture and active engagement with the skateboard suggest playful energy and enthusiasm.,"LABEL: Excitement
CONFIDENCE: 0.85
REASON: The child's focused posture and active engagement with the skateboard suggest playful energy and enthusiasm."
mscoco/images/COCO_train2014_000000479095.jpg,Fear,Excitement,0.85,"The rider's posture and gear suggest high-energy activity, typical of racing or motocross, evoking excitement.","LABEL: Excitement
CONFIDENCE: 0.85
REASON: The rider's posture and gear suggest high-energy activity, typical of racing or motocross, evoking excitement."
mscoco/images/COCO_train2014_000000139000.jpg,Fear,Excitement,0.8,"The person is actively engaged in a winter sport, suggesting enthusiasm and enjoyment.","LABEL: Excitement
CONFIDENCE: 0.8
REASON: The person is actively engaged in a winter sport, suggesting enthusiasm and enjoyment."
framesdb/images/frame_diwx3zfyqzqdobap.jpg,Fear,Fear,0.9,The man's tense posture and focused expression suggest he is afraid of the bull.,"LABEL: Fear
CONFIDENCE: 0.9
REASON: The man's tense posture and focused expression suggest he is afraid of the bull."
mscoco/images/COCO_train2014_000000473733.jpg,Fear,Excitement,0.9,"The person is mid-air on a skateboard, suggesting an energetic and thrilling moment.","LABEL: Excitement
CONFIDENCE: 0.9
REASON: The person is mid-air on a skateboard, suggesting an energetic and thrilling moment."
mscoco/images/COCO_val2014_000000572453.jpg,Fear,Happiness,0.85,"The woman is smiling while holding a child, suggesting joy and contentment.","LABEL: Happiness
CONFIDENCE: 0.85
REASON: The woman is smiling while holding a child, suggesting joy and contentment."
framesdb/images/frame_kdqzkefxm99ebctj.jpg,Fear,Sadness,0.95,"The person is covering their face with one hand and has a downturned expression, suggesting emotional distress or sadness.","LABEL: Sadness
CONFIDENCE: 0.95
REASON: The person is covering their face with one hand and has a downturned expression, suggesting emotional distress or sadness."
framesdb/images/frame_6s4sfpzryity441d.jpg,Fear,Disconnection,0.85,"The image shows people standing close but not interacting, suggesting emotional or social disconnection.","LABEL: Disconnection
CONFIDENCE: 0.85
REASON: The image shows people standing close but not interacting, suggesting emotional or social disconnection."
mscoco/images/COCO_train2014_000000245598.jpg,Fear,Anticipation,0.85,"The catcher is in a ready stance, focused and prepared to receive a pitch, indicating anticipation of the next play.","LABEL: Anticipation
CONFIDENCE: 0.85
REASON: The catcher is in a ready stance, focused and prepared to receive a pitch, indicating anticipation of the next play."
mscoco/images/COCO_train2014_000000396303.jpg,Fear,Disconnection,0.8,"The man is looking away from the camera and appears disengaged from his surroundings, suggesting emotional or physical disconnection.","LABEL: Disconnection
CONFIDENCE: 0.8
REASON: The man is looking away from the camera and appears disengaged from his surroundings, suggesting emotional or physical disconnection."
framesdb/images/frame_7ijs2w0q2mmojydz.jpg,Fear,Disapproval,0.85,His furrowed brow and downward gaze suggest disapproval or dissatisfaction.,"LABEL: Disapproval
CONFIDENCE: 0.85
REASON: His furrowed brow and downward gaze suggest disapproval or dissatisfaction."
emodb_small/images/f30ns74m5j2m6ytlky.jpg,Fear,Fear,0.95,"The person's wide eyes, tense expression, and the threatening object near their face strongly suggest fear.","LABEL: Fear
CONFIDENCE: 0.95
REASON: The person's wide eyes, tense expression, and the threatening object near their face strongly suggest fear."
emodb_small/images/b2a6r33ptewb81m5qn.jpg,Fear,Surprise,0.85,Her wide eyes and slightly open mouth suggest a startled or astonished reaction.,"LABEL: Surprise
CONFIDENCE: 0.85
REASON: Her wide eyes and slightly open mouth suggest a startled or astonished reaction."
framesdb/images/frame_05uw61tegz1kfic4.jpg,Fear,Fear,0.85,"The person is bent over the railing in a precarious position, suggesting they might be scared or trying to avoid falling.","LABEL: Fear
CONFIDENCE: 0.85
REASON: The person is bent over the railing in a precarious position, suggesting they might be scared or trying to avoid falling."
mscoco/images/COCO_train2014_000000025549.jpg,Fear,Happiness,0.85,"The child is actively playing outdoors on a sunny beach, suggesting joy and contentment.","LABEL: Happiness
CONFIDENCE: 0.85
REASON: The child is actively playing outdoors on a sunny beach, suggesting joy and contentment."
mscoco/images/COCO_train2014_000000199835.jpg,Fear,Pleasure,0.85,"The man is shaving with foam, a common personal care activity often associated with comfort and satisfaction.","LABEL: Pleasure
CONFIDENCE: 0.85
REASON: The man is shaving with foam, a common personal care activity often associated with comfort and satisfaction."
mscoco/images/COCO_train2014_000000579440.jpg,Fear,Anticipation,0.85,The man's focused expression and clasped hands suggest he is eagerly awaiting or preparing for something significant.,"LABEL: Anticipation
CONFIDENCE: 0.85
REASON: The man's focused expression and clasped hands suggest he is eagerly awaiting or preparing for something significant."
mscoco/images/COCO_train2014_000000296424.jpg,Fear,Anticipation,0.85,"The batter is in a poised stance, suggesting readiness for the next pitch.","LABEL: Anticipation
CONFIDENCE: 0.85
REASON: The batter is in a poised stance, suggesting readiness for the next pitch."
mscoco/images/COCO_train2014_000000037009.jpg,Fear,Peace,0.85,"The person is calmly browsing fresh produce at a market, suggesting a tranquil, unhurried moment.","LABEL: Peace
CONFIDENCE: 0.85
REASON: The person is calmly browsing fresh produce at a market, suggesting a tranquil, unhurried moment."
mscoco/images/COCO_train2014_000000519218.jpg,Fear,Anticipation,0.85,The person's focused posture and intense gaze suggest they are eagerly awaiting or preparing for an important moment.,"LABEL: Anticipation
CONFIDENCE: 0.85
REASON: The person's focused posture and intense gaze suggest they are eagerly awaiting or preparing for an important moment."
mscoco/images/COCO_train2014_000000054351.jpg,Fear,Anticipation,0.85,The player's focused posture and mid-swing motion suggest he is anticipating the next move in the tennis match.,"LABEL: Anticipation
CONFIDENCE: 0.85
REASON: The player's focused posture and mid-swing motion suggest he is anticipating the next move in the tennis match."
mscoco/images/COCO_train2014_000000480088.jpg,Fear,Fear,0.95,"The person is bound with ropes and has a mask over their mouth, suggesting a threatening or dangerous situation that would induce fear.","LABEL: Fear
CONFIDENCE: 0.95
REASON: The person is bound with ropes and has a mask over their mouth, suggesting a threatening or dangerous situation that would induce fear."
mscoco/images/COCO_train2014_000000502134.jpg,Fear,Excitement,0.85,"The image shows a person dressed as Santa Claus riding a motorcycle, which suggests a festive, energetic, and thrilling activity.","LABEL: Excitement
CONFIDENCE: 0.85
REASON: The image shows a person dressed as Santa Claus riding a motorcycle, which suggests a festive, energetic, and thrilling activity."
framesdb/images/frame_7dyt85w02xs0hyle.jpg,Fear,Excitement,0.95,"The bullfighter’s daring acrobatic pose in front of the bull creates a thrilling, high-adrenaline moment typical of excitement.","LABEL: Excitement
CONFIDENCE: 0.95
REASON: The bullfighter’s daring acrobatic pose in front of the bull creates a thrilling, high-adrenaline moment typical of excitement."
mscoco/images/COCO_train2014_000000033156.jpg,Fear,Happiness,0.95,"The person is smiling broadly, indicating happiness.","LABEL: Happiness
CONFIDENCE: 0.95
REASON: The person is smiling broadly, indicating happiness."
mscoco/images/COCO_train2014_000000054738.jpg,Fear,Disapproval,0.8,The boy's furrowed brow and direct gaze suggest disapproval or disagreement with something unseen.,"LABEL: Disapproval
CONFIDENCE: 0.8
REASON: The boy's furrowed brow and direct gaze suggest disapproval or disagreement with something unseen."
emodb_small/images/de4b3mu9kk2e5zwv8a.jpg,Pain,Pain,0.95,"The athlete is on the ground clutching his leg and grimacing, indicating physical pain.","LABEL: Pain
CONFIDENCE: 0.95
REASON: The athlete is on the ground clutching his leg and grimacing, indicating physical pain."
emodb_small/images/dsvzuufgy7v1mdsgi0.jpg,Pain,Pain,0.95,"The person's facial expression shows intense agony, consistent with experiencing physical pain.","LABEL: Pain
CONFIDENCE: 0.95
REASON: The person's facial expression shows intense agony, consistent with experiencing physical pain."
emodb_small/images/e15x3ogndoladu97ma.jpg,Pain,Anger,0.95,"The person's facial expression, with a wide-open mouth and intense gaze, strongly indicates anger.","LABEL: Anger
CONFIDENCE: 0.95
REASON: The person's facial expression, with a wide-open mouth and intense gaze, strongly indicates anger."
emodb_small/images/dz2exu795mcqgusx8x.jpg,Pain,Fear,0.95,The man’s facial expression and body posture suggest he is experiencing fear while being attacked by the dog.,"LABEL: Fear
CONFIDENCE: 0.95
REASON: The man’s facial expression and body posture suggest he is experiencing fear while being attacked by the dog."
mscoco/images/COCO_train2014_000000034100.jpg,Pain,Anticipation,0.85,"She is holding a game controller and looking upward with a focused expression, suggesting she is waiting for or expecting something to happen in a game.","LABEL: Anticipation
CONFIDENCE: 0.85
REASON: She is holding a game controller and looking upward with a focused expression, suggesting she is waiting for or expecting something to happen in a game."
framesdb/images/frame_cpbwu7sx99eo3fj0.jpg,Pain,Pain,0.95,"The person is connected to medical equipment and appears unconscious, suggesting they are likely in physical distress or undergoing treatment for pain.","LABEL: Pain
CONFIDENCE: 0.95
REASON: The person is connected to medical equipment and appears unconscious, suggesting they are likely in physical distress or undergoing treatment for pain."
framesdb/images/frame_idipgq1m9tqv219p.jpg,Pain,Pain,0.95,The boxer's facial expression and body posture indicate he is enduring physical pain from the fight.,"LABEL: Pain
CONFIDENCE: 0.95
REASON: The boxer's facial expression and body posture indicate he is enduring physical pain from the fight."
framesdb/images/frame_hvkeqenbteoc6ljb.jpg,Pain,Disapproval,0.85,His stern facial expression and downward gaze suggest disapproval or disinterest.,"LABEL: Disapproval
CONFIDENCE: 0.85
REASON: His stern facial expression and downward gaze suggest disapproval or disinterest."
emodb_small/images/77s7vrrfhazmibhvxg.jpg,Pain,Pain,0.95,The woman's facial expression and posture suggest physical discomfort or pain.,"LABEL: Pain
CONFIDENCE: 0.95
REASON: The woman's facial expression and posture suggest physical discomfort or pain."
emodb_small/images/e0qq1z3hl4ncdgk8q2.jpg,Pain,Pain,0.95,The woman's facial expression and body posture strongly indicate physical discomfort or pain.,"LABEL: Pain
CONFIDENCE: 0.95
REASON: The woman's facial expression and body posture strongly indicate physical discomfort or pain."
emodb_small/images/7bbvh08x1q5z47ebbr.jpg,Pain,Happiness,0.95,"The person is lying on grass with a relaxed, smiling expression, suggesting contentment and joy.","LABEL: Happiness
CONFIDENCE: 0.95
REASON: The person is lying on grass with a relaxed, smiling expression, suggesting contentment and joy."
mscoco/images/COCO_train2014_000000485852.jpg,Pain,Happiness,0.85,The rider's smile and relaxed posture while on the motorcycle suggest enjoyment and contentment.,"LABEL: Happiness
CONFIDENCE: 0.85
REASON: The rider's smile and relaxed posture while on the motorcycle suggest enjoyment and contentment."
emodb_small/images/67rs0lowdqlp274r56.jpg,Pain,Pain,0.95,"The man is hunched over with one hand on his lower back, a common posture indicating physical pain.","LABEL: Pain
CONFIDENCE: 0.95
REASON: The man is hunched over with one hand on his lower back, a common posture indicating physical pain."
emodb_small/images/dsrsw51o0iv6nwvkkv.jpg,Pain,Pain,0.95,"The player is on the ground clutching his leg with a pained expression, indicating physical injury or discomfort.","LABEL: Pain
CONFIDENCE: 0.95
REASON: The player is on the ground clutching his leg with a pained expression, indicating physical injury or discomfort."
emodb_small/images/dc2rq2x20htjbfwo5h.jpg,Pain,Pain,0.95,The man’s facial expression and body posture strongly indicate physical discomfort or pain.,"LABEL: Pain
CONFIDENCE: 0.95
REASON: The man’s facial expression and body posture strongly indicate physical discomfort or pain."
mscoco/images/COCO_val2014_000000566923.jpg,Pain,Excitement,0.85,The person's dramatic zombie costume and active pose suggest enthusiastic participation in a lively event.,"LABEL: Excitement
CONFIDENCE: 0.85
REASON: The person's dramatic zombie costume and active pose suggest enthusiastic participation in a lively event."
emodb_small/images/dos3optnd365otvthb.jpg,Pain,Pain,0.95,The man's facial expression and body posture strongly indicate physical suffering or pain.,"LABEL: Pain
CONFIDENCE: 0.95
REASON: The man's facial expression and body posture strongly indicate physical suffering or pain."
mscoco/images/COCO_train2014_000000010929.jpg,Pain,Happiness,0.85,The child's wide smile and playful stance with the frisbee suggest joyful engagement.,"LABEL: Happiness
CONFIDENCE: 0.85
REASON: The child's wide smile and playful stance with the frisbee suggest joyful engagement."
framesdb/images/frame_3ojn4of2k1y7wegp.jpg,Pain,Disconnection,0.85,"The blurry, low-resolution image of a person in motion with no clear context or emotional cues suggests a lack of connection to the viewer.","LABEL: Disconnection
CONFIDENCE: 0.85
REASON: The blurry, low-resolution image of a person in motion with no clear context or emotional cues suggests a lack of connection to the viewer."
framesdb/images/frame_hiq7bbseklb9nx7l.jpg,Pain,Peace,0.9,"The image shows a calm, uniform snowy surface, evoking tranquility and stillness.","LABEL: Peace
CONFIDENCE: 0.9
REASON: The image shows a calm, uniform snowy surface, evoking tranquility and stillness."
emodb_small/images/dzgd47s8gphnvix1et.jpg,Pain,Pain,0.95,"The man is clutching his chest with a pained expression, suggesting physical discomfort or pain.","LABEL: Pain
CONFIDENCE: 0.95
REASON: The man is clutching his chest with a pained expression, suggesting physical discomfort or pain."
emodb_small/images/drzbqqu4xwzi7shbiw.jpg,Pain,Pain,0.95,The man's facial expression and body posture strongly indicate physical pain.,"LABEL: Pain
CONFIDENCE: 0.95
REASON: The man's facial expression and body posture strongly indicate physical pain."
mscoco/images/COCO_train2014_000000490182.jpg,Pain,Excitement,0.95,The player's dynamic pose and focused expression convey high energy and enthusiasm typical of a thrilling sports moment.,"LABEL: Excitement
CONFIDENCE: 0.95
REASON: The player's dynamic pose and focused expression convey high energy and enthusiasm typical of a thrilling sports moment."
emodb_small/images/e11uj6f3dy2hc3r7n6.jpg,Pain,Peace,0.85,The muted colors and stillness of the scene evoke calmness and tranquility.,"LABEL: Peace
CONFIDENCE: 0.85
REASON: The muted colors and stillness of the scene evoke calmness and tranquility."
emodb_small/images/dj8nlghl2i27dcwept.jpg,Pain,Happiness,0.85,The child's upward gaze and open mouth suggest joyful excitement.,"LABEL: Happiness
CONFIDENCE: 0.85
REASON: The child's upward gaze and open mouth suggest joyful excitement."
emodb_small/images/e1oqgilaydutrlhfih.jpg,Pain,Pain,0.95,"The person is curled up on the ground holding their leg, indicating physical pain.","LABEL: Pain
CONFIDENCE: 0.95
REASON: The person is curled up on the ground holding their leg, indicating physical pain."
emodb_small/images/dtp2df4s8zjcgtnjsm.jpg,Pain,Pain,0.95,"The athlete is kneeling on the court with her hand on the ground, suggesting she is injured or in physical discomfort.","LABEL: Pain
CONFIDENCE: 0.95
REASON: The athlete is kneeling on the court with her hand on the ground, suggesting she is injured or in physical discomfort."
emodb_small/images/dcjqh15lunvxk3jur0.jpg,Pain,Pain,0.95,"The man is holding his shoulder and grimacing, indicating physical discomfort or pain.","LABEL: Pain
CONFIDENCE: 0.95
REASON: The man is holding his shoulder and grimacing, indicating physical discomfort or pain."
emodb_small/images/dl5k4ukmcum9z54826.jpg,Pain,Confidence,0.85,The man’s focused expression and gentle touch suggest deep care and worry for the woman in labor.,"LABEL: Concern
CONFIDENCE: 0.85
REASON: The man’s focused expression and gentle touch suggest deep care and worry for the woman in labor."
mscoco/images/COCO_train2014_000000255459.jpg,Pain,Confidence,0.85,The player’s bowed head and downward gaze suggest he is reacting to a missed opportunity or failure in the game.,"LABEL: Disappointment
CONFIDENCE: 0.85
REASON: The player’s bowed head and downward gaze suggest he is reacting to a missed opportunity or failure in the game."
mscoco/images/COCO_train2014_000000298031.jpg,Suffering,Disapproval,0.85,"The adult's facial expression shows clear disapproval or frustration, contrasting with the child's relaxed posture.","LABEL: Disapproval
CONFIDENCE: 0.85
REASON: The adult's facial expression shows clear disapproval or frustration, contrasting with the child's relaxed posture."
emodb_small/images/e9b5cftu9bwcw29nnh.jpg,Suffering,Sadness,0.85,Her downturned mouth and weary expression suggest emotional distress or sorrow.,"LABEL: Sadness
CONFIDENCE: 0.85
REASON: Her downturned mouth and weary expression suggest emotional distress or sorrow."
mscoco/images/COCO_train2014_000000408917.jpg,Suffering,Surprise,0.85,The child's wide eyes and slightly open mouth suggest a startled or surprised reaction.,"LABEL: Surprise
CONFIDENCE: 0.85
REASON: The child's wide eyes and slightly open mouth suggest a startled or surprised reaction."
mscoco/images/COCO_train2014_000000018656.jpg,Suffering,Anticipation,0.8,The child's focused expression and pose suggest they are eagerly preparing for an upcoming event or activity.,"LABEL: Anticipation
CONFIDENCE: 0.8
REASON: The child's focused expression and pose suggest they are eagerly preparing for an upcoming event or activity."
emodb_small/images/c5robr916k7aeap6l9.jpg,Suffering,Disapproval,0.85,Her furrowed brow and tight-lipped expression suggest strong disapproval of something she is seeing or hearing.,"LABEL: Disapproval
CONFIDENCE: 0.85
REASON: Her furrowed brow and tight-lipped expression suggest strong disapproval of something she is seeing or hearing."
mscoco/images/COCO_train2014_000000048130.jpg,Suffering,Disconnection,0.8,"The man is looking down and away, not engaging with his surroundings or the camera, suggesting emotional or social disconnection.","LABEL: Disconnection
CONFIDENCE: 0.8
REASON: The man is looking down and away, not engaging with his surroundings or the camera, suggesting emotional or social disconnection."
mscoco/images/COCO_train2014_000000151563.jpg,Suffering,Happiness,0.85,"The man is smiling warmly while cooking, suggesting contentment and enjoyment.","LABEL: Happiness
CONFIDENCE: 0.85
REASON: The man is smiling warmly while cooking, suggesting contentment and enjoyment."
mscoco/images/COCO_train2014_000000052440.jpg,Suffering,Anticipation,0.8,"The man's posture and gaze suggest he is looking forward to something, possibly a reunion or event.","LABEL: Anticipation
CONFIDENCE: 0.8
REASON: The man's posture and gaze suggest he is looking forward to something, possibly a reunion or event."
framesdb/images/frame_hvebkks8si2hujg3.jpg,Suffering,Disconnection,0.8,"The woman's gaze is directed away and her expression is neutral, suggesting she is not emotionally engaged with the viewer or the immediate surroundings.","LABEL: Disconnection
CONFIDENCE: 0.8
REASON: The woman's gaze is directed away and her expression is neutral, suggesting she is not emotionally engaged with the viewer or the immediate surroundings."
framesdb/images/frame_bp97cx6kc443bwbd.jpg,Suffering,Disapproval,0.85,The person's facial expression and posture suggest disapproval or disinterest.,"LABEL: Disapproval
CONFIDENCE: 0.85
REASON: The person's facial expression and posture suggest disapproval or disinterest."
mscoco/images/COCO_train2014_000000121167.jpg,Suffering,Happiness,0.9,The child's playful pose and smile convey clear joy and contentment.,"LABEL: Happiness
CONFIDENCE: 0.9
REASON: The child's playful pose and smile convey clear joy and contentment."
mscoco/images/COCO_train2014_000000471410.jpg,Suffering,Disconnection,0.85,"The person is turned away, seemingly ignoring or disconnected from the object or interaction.","LABEL: Disconnection
CONFIDENCE: 0.85
REASON: The person is turned away, seemingly ignoring or disconnected from the object or interaction."
mscoco/images/COCO_train2014_000000480088.jpg,Suffering,Fear,0.85,"The individuals are bound with ropes and have masks over their mouths, suggesting they are restrained or threatened, which evokes fear.","LABEL: Fear
CONFIDENCE: 0.85
REASON: The individuals are bound with ropes and have masks over their mouths, suggesting they are restrained or threatened, which evokes fear."
framesdb/images/frame_66bc289hmy2r81hv.jpg,Suffering,Disapproval,0.85,"The person's arms are crossed and they are looking away, suggesting a defensive or disapproving posture.","LABEL: Disapproval
CONFIDENCE: 0.85
REASON: The person's arms are crossed and they are looking away, suggesting a defensive or disapproving posture."
framesdb/images/frame_81ywrqgcwmx0fatw.jpg,Suffering,Disapproval,0.85,The man’s stern facial expression and rigid posture suggest disapproval or judgment.,"LABEL: Disapproval
CONFIDENCE: 0.85
REASON: The man’s stern facial expression and rigid posture suggest disapproval or judgment."
mscoco/images/COCO_train2014_000000572737.jpg,Suffering,Fatigue,0.9,"The person is carrying a heavy load, suggesting physical exhaustion.","LABEL: Fatigue
CONFIDENCE: 0.9
REASON: The person is carrying a heavy load, suggesting physical exhaustion."
mscoco/images/COCO_train2014_000000530610.jpg,Suffering,Sadness,0.85,"The person is kneeling in snow with head down, suggesting emotional distress or sadness.","LABEL: Sadness
CONFIDENCE: 0.85
REASON: The person is kneeling in snow with head down, suggesting emotional distress or sadness."
framesdb/images/frame_hdepjixs67t3l4zo.jpg,Engagement,Happiness,0.95,The woman’s wide smile and lively pose suggest joyous celebration.,"LABEL: Happiness
CONFIDENCE: 0.95
REASON: The woman’s wide smile and lively pose suggest joyous celebration."
mscoco/images/COCO_val2014_000000110392.jpg,Engagement,Engagement,0.85,"She is actively talking on the phone while walking outdoors, indicating focused involvement in her activity.","LABEL: Engagement
CONFIDENCE: 0.85
REASON: She is actively talking on the phone while walking outdoors, indicating focused involvement in her activity."
mscoco/images/COCO_train2014_000000509626.jpg,Engagement,Anticipation,0.85,"The catcher is in a ready stance, focused on the incoming pitch, suggesting anticipation of the play.","LABEL: Anticipation
CONFIDENCE: 0.85
REASON: The catcher is in a ready stance, focused on the incoming pitch, suggesting anticipation of the play."
mscoco/images/COCO_train2014_000000102225.jpg,Engagement,Anticipation,0.85,"The catcher is crouched and ready, suggesting anticipation of the next pitch or play.","LABEL: Anticipation
CONFIDENCE: 0.85
REASON: The catcher is crouched and ready, suggesting anticipation of the next pitch or play."
mscoco/images/COCO_train2014_000000533291.jpg,Engagement,Excitement,0.95,"The person is mid-air performing a dynamic, athletic trick, suggesting high energy and thrill.","LABEL: Excitement
CONFIDENCE: 0.95
REASON: The person is mid-air performing a dynamic, athletic trick, suggesting high energy and thrill."
framesdb/images/frame_482f0lsguoiv0sk6.jpg,Engagement,Anticipation,0.85,"The baseball player's focused posture and glove position suggest he is preparing to catch or throw the ball, indicating anticipation of the next play.","LABEL: Anticipation
CONFIDENCE: 0.85
REASON: The baseball player's focused posture and glove position suggest he is preparing to catch or throw the ball, indicating anticipation of the next play."
framesdb/images/frame_ddghjgrf7k9jei5j.jpg,Engagement,Happiness,0.85,"The person is smiling broadly while holding a drink, suggesting enjoyment and contentment.","LABEL: Happiness
CONFIDENCE: 0.85
REASON: The person is smiling broadly while holding a drink, suggesting enjoyment and contentment."
mscoco/images/COCO_train2014_000000565387.jpg,Engagement,Disconnection,0.8,"The motorcyclist's helmet and sunglasses obscure facial expressions, creating a sense of emotional or social distance.","LABEL: Disconnection
CONFIDENCE: 0.8
REASON: The motorcyclist's helmet and sunglasses obscure facial expressions, creating a sense of emotional or social distance."
framesdb/images/frame_6x5lpc7dh3yvrnc3.jpg,Engagement,Anticipation,0.85,The baseball player's focused posture and mid-stride motion suggest he is anticipating the next play or pitch.,"LABEL: Anticipation
CONFIDENCE: 0.85
REASON: The baseball player's focused posture and mid-stride motion suggest he is anticipating the next play or pitch."
framesdb/images/frame_6x5lpc7dh3yvrnc3.jpg,Engagement,Happiness,0.85,The player's wide smile and clapping gesture strongly suggest joy or happiness.,"LABEL: Happiness
CONFIDENCE: 0.85
REASON: The player's wide smile and clapping gesture strongly suggest joy or happiness."
framesdb/images/frame_6x5lpc7dh3yvrnc3.jpg,Engagement,Disapproval,0.85,"The umpire's body language, including his clenched fist and stern posture, suggests he is expressing disapproval of a play.","LABEL: Disapproval
CONFIDENCE: 0.85
REASON: The umpire's body language, including his clenched fist and stern posture, suggests he is expressing disapproval of a play."
framesdb/images/frame_jsnriwfd0ffphs5g.jpg,Engagement,Happiness,0.95,"The person is smiling broadly while enjoying the water, indicating clear happiness.","LABEL: Happiness
CONFIDENCE: 0.95
REASON: The person is smiling broadly while enjoying the water, indicating clear happiness."
framesdb/images/frame_63mtckpdjfc0y9q8.jpg,Engagement,Disconnection,0.8,"The image shows two players from opposing teams, suggesting a competitive context where connection or camaraderie is absent.","LABEL: Disconnection
CONFIDENCE: 0.8
REASON: The image shows two players from opposing teams, suggesting a competitive context where connection or camaraderie is absent."
framesdb/images/frame_98zn80gxar4u0kzg.jpg,Engagement,Disconnection,0.85,"The officer is focused on writing, appearing detached from his surroundings.","LABEL: Disconnection
CONFIDENCE: 0.85
REASON: The officer is focused on writing, appearing detached from his surroundings."
mscoco/images/COCO_train2014_000000147012.jpg,Engagement,Disconnection,0.8,The person's sunglasses and distant gaze suggest emotional detachment or disengagement from their surroundings.,"LABEL: Disconnection
CONFIDENCE: 0.8
REASON: The person's sunglasses and distant gaze suggest emotional detachment or disengagement from their surroundings."
mscoco/images/COCO_train2014_000000167397.jpg,Engagement,Surprise,0.8,The woman's wide eyes and open mouth suggest she is reacting to something unexpected.,"LABEL: Surprise
CONFIDENCE: 0.8
REASON: The woman's wide eyes and open mouth suggest she is reacting to something unexpected."
framesdb/images/frame_0v2clxpnah9oj514.jpg,Engagement,Engagement,0.9,"The man is actively organizing items in his suitcase, showing focused involvement with the task.","LABEL: Engagement
CONFIDENCE: 0.9
REASON: The man is actively organizing items in his suitcase, showing focused involvement with the task."
mscoco/images/COCO_val2014_000000160480.jpg,Engagement,Engagement,0.85,"The person is actively focused on using the laptop, indicating involvement and engagement with their task.","LABEL: Engagement
CONFIDENCE: 0.85
REASON: The person is actively focused on using the laptop, indicating involvement and engagement with their task."
mscoco/images/COCO_train2014_000000560391.jpg,Engagement,Peace,0.85,"The woman is calmly attending to her goods in a quiet, focused manner, suggesting a state of peace.","LABEL: Peace
CONFIDENCE: 0.85
REASON: The woman is calmly attending to her goods in a quiet, focused manner, suggesting a state of peace."
mscoco/images/COCO_train2014_000000028642.jpg,Engagement,Disconnection,0.85,"The soldier is focused on his phone, appearing disconnected from his surroundings and peers.","LABEL: Disconnection
CONFIDENCE: 0.85
REASON: The soldier is focused on his phone, appearing disconnected from his surroundings and peers."
framesdb/images/frame_1cnsgmoppetoruv9.jpg,Engagement,Disapproval,0.85,The man’s furrowed brow and stern expression suggest he disagrees with something or someone nearby.,"LABEL: Disapproval
CONFIDENCE: 0.85
REASON: The man’s furrowed brow and stern expression suggest he disagrees with something or someone nearby."
framesdb/images/frame_1cnsgmoppetoruv9.jpg,Engagement,Pleasure,0.85,"The woman is smiling while eating dessert, indicating enjoyment.","LABEL: Pleasure
CONFIDENCE: 0.85
REASON: The woman is smiling while eating dessert, indicating enjoyment."
mscoco/images/COCO_train2014_000000336858.jpg,Engagement,Excitement,0.85,The skier’s dynamic pose and focused expression suggest thrilling motion and enjoyment of the sport.,"LABEL: Excitement
CONFIDENCE: 0.85
REASON: The skier’s dynamic pose and focused expression suggest thrilling motion and enjoyment of the sport."
mscoco/images/COCO_train2014_000000025461.jpg,Engagement,Disconnection,0.85,The person’s distant gaze and casual posture suggest emotional detachment from their surroundings.,"LABEL: Disconnection
CONFIDENCE: 0.85
REASON: The person’s distant gaze and casual posture suggest emotional detachment from their surroundings."
mscoco/images/COCO_train2014_000000025461.jpg,Engagement,Happiness,0.85,"The person is smiling and appears engaged in a joyful outdoor activity, suggesting happiness.","LABEL: Happiness
CONFIDENCE: 0.85
REASON: The person is smiling and appears engaged in a joyful outdoor activity, suggesting happiness."
mscoco/images/COCO_train2014_000000024571.jpg,Engagement,Anticipation,0.9,"The batter is poised mid-swing, suggesting he's expecting the ball's trajectory and outcome.","LABEL: Anticipation
CONFIDENCE: 0.9
REASON: The batter is poised mid-swing, suggesting he's expecting the ball's trajectory and outcome."
mscoco/images/COCO_train2014_000000213135.jpg,Engagement,Pleasure,0.95,The child is happily eating a hot dog with a content expression.,"LABEL: Pleasure
CONFIDENCE: 0.95
REASON: The child is happily eating a hot dog with a content expression."
mscoco/images/COCO_train2014_000000256276.jpg,Engagement,Happiness,0.95,"The woman is smiling broadly while interacting affectionately with the bear cub, conveying clear joy.","LABEL: Happiness
CONFIDENCE: 0.95
REASON: The woman is smiling broadly while interacting affectionately with the bear cub, conveying clear joy."
mscoco/images/COCO_train2014_000000256276.jpg,Engagement,Affection,0.85,"The man is leaning toward the animal and smiling, suggesting warmth and fondness.","LABEL: Affection
CONFIDENCE: 0.85
REASON: The man is leaning toward the animal and smiling, suggesting warmth and fondness."
framesdb/images/frame_jbtqq5ahai9ylby3.jpg,Engagement,Happiness,0.95,The player's wide smile and celebratory body language indicate joy from scoring or achieving a goal.,"LABEL: Happiness
CONFIDENCE: 0.95
REASON: The player's wide smile and celebratory body language indicate joy from scoring or achieving a goal."
mscoco/images/COCO_train2014_000000199865.jpg,Engagement,Excitement,0.9,The skier's intense posture and focused expression suggest high energy and thrill during a competitive run.,"LABEL: Excitement
CONFIDENCE: 0.9
REASON: The skier's intense posture and focused expression suggest high energy and thrill during a competitive run."
mscoco/images/COCO_train2014_000000441828.jpg,Engagement,Excitement,0.9,"The surfer's dynamic posture and the splashing water convey intense, active enjoyment.","LABEL: Excitement
CONFIDENCE: 0.9
REASON: The surfer's dynamic posture and the splashing water convey intense, active enjoyment."
mscoco/images/COCO_train2014_000000087604.jpg,Engagement,Excitement,0.85,The player's dynamic pose and focused expression suggest intense engagement and energy typical of a thrilling moment in a tennis match.,"LABEL: Excitement
CONFIDENCE: 0.85
REASON: The player's dynamic pose and focused expression suggest intense engagement and energy typical of a thrilling moment in a tennis match."
mscoco/images/COCO_train2014_000000042312.jpg,Engagement,Happiness,0.95,"The person is smiling broadly while holding a box of donuts, conveying clear joy.","LABEL: Happiness
CONFIDENCE: 0.95
REASON: The person is smiling broadly while holding a box of donuts, conveying clear joy."
mscoco/images/COCO_train2014_000000156763.jpg,Engagement,Anticipation,0.85,"The person is in a tense, focused stance, suggesting they are waiting for or preparing for an imminent event.","LABEL: Anticipation
CONFIDENCE: 0.85
REASON: The person is in a tense, focused stance, suggesting they are waiting for or preparing for an imminent event."
mscoco/images/COCO_train2014_000000230061.jpg,Engagement,Disconnection,0.8,The woman's neutral expression and distant gaze suggest emotional detachment from her surroundings.,"LABEL: Disconnection
CONFIDENCE: 0.8
REASON: The woman's neutral expression and distant gaze suggest emotional detachment from her surroundings."
mscoco/images/COCO_train2014_000000163435.jpg,Engagement,Excitement,0.85,The dynamic action of the soccer players suggests energetic and enthusiastic engagement in the game.,"LABEL: Excitement
CONFIDENCE: 0.85
REASON: The dynamic action of the soccer players suggests energetic and enthusiastic engagement in the game."
mscoco/images/COCO_train2014_000000030299.jpg,Engagement,Happiness,0.95,The boy's wide smile and energetic pose suggest joy during a beach volleyball game.,"LABEL: Happiness
CONFIDENCE: 0.95
REASON: The boy's wide smile and energetic pose suggest joy during a beach volleyball game."
