image_path,true_label,pred_label,confidence,short_reason,raw_response
mscoco/images/COCO_train2014_000000462955.jpg,Peace,Confidence,0.85,The man’s direct gaze and composed posture while taking a selfie suggest self-assurance.,"LABEL: Confidence
CONFIDENCE: 0.85
REASON: The man’s direct gaze and composed posture while taking a selfie suggest self-assurance."
mscoco/images/COCO_train2014_000000186198.jpg,Peace,Happiness,0.85,Two children on skis at the top of a snowy slope under a clear blue sky appear joyful and excited for their descent.,"LABEL: Happiness
CONFIDENCE: 0.85
REASON: Two children on skis at the top of a snowy slope under a clear blue sky appear joyful and excited for their descent."
mscoco/images/COCO_val2014_000000122997.jpg,Peace,Engagement,0.9,"People are focused on their devices and writing, indicating active involvement in a task.","LABEL: Engagement
CONFIDENCE: 0.9
REASON: People are focused on their devices and writing, indicating active involvement in a task."
mscoco/images/COCO_train2014_000000253959.jpg,Peace,Happiness,0.95,"The girl's wide eyes and open mouth suggest joyful anticipation, and the birthday cake with candles indicates a celebratory, happy occasion.","LABEL: Happiness
CONFIDENCE: 0.95
REASON: The girl's wide eyes and open mouth suggest joyful anticipation, and the birthday cake with candles indicates a celebratory, happy occasion."
mscoco/images/COCO_val2014_000000461715.jpg,Peace,Pleasure,0.85,"The woman is enjoying a treat while seated comfortably, suggesting a pleasant, satisfying experience.","LABEL: Pleasure
CONFIDENCE: 0.85
REASON: The woman is enjoying a treat while seated comfortably, suggesting a pleasant, satisfying experience."
framesdb/images/frame_7nseu023ccmqaj3p.jpg,Peace,Happiness,0.85,"People are enjoying a peaceful camping trip in nature, suggesting contentment and joy.","LABEL: Happiness
CONFIDENCE: 0.85
REASON: People are enjoying a peaceful camping trip in nature, suggesting contentment and joy."
framesdb/images/frame_7nseu023ccmqaj3p.jpg,Peace,Happiness,0.85,"The group appears relaxed and engaged in outdoor camping, suggesting enjoyment and contentment.","LABEL: Happiness
CONFIDENCE: 0.85
REASON: The group appears relaxed and engaged in outdoor camping, suggesting enjoyment and contentment."
framesdb/images/frame_7nseu023ccmqaj3p.jpg,Peace,Happiness,0.85,"People are enjoying a sunny camping trip in nature, smiling and relaxing together.","LABEL: Happiness
CONFIDENCE: 0.85
REASON: People are enjoying a sunny camping trip in nature, smiling and relaxing together."
framesdb/images/frame_7nseu023ccmqaj3p.jpg,Peace,Happiness,0.85,"The group appears relaxed and engaged in outdoor camping, suggesting enjoyment and contentment.","LABEL: Happiness
CONFIDENCE: 0.85
REASON: The group appears relaxed and engaged in outdoor camping, suggesting enjoyment and contentment."
mscoco/images/COCO_train2014_000000149755.jpg,Peace,Happiness,0.95,"The child is smiling while dressed in a playful costume, suggesting joy and contentment.","LABEL: Happiness
CONFIDENCE: 0.95
REASON: The child is smiling while dressed in a playful costume, suggesting joy and contentment."
framesdb/images/frame_j44zhny87dief9zp.jpg,Peace,Happiness,0.85,"The musicians are actively playing instruments with expressive body language, suggesting enjoyment and enthusiasm.","LABEL: Happiness
CONFIDENCE: 0.85
REASON: The musicians are actively playing instruments with expressive body language, suggesting enjoyment and enthusiasm."
framesdb/images/frame_j44zhny87dief9zp.jpg,Peace,Happiness,0.85,"The musicians are actively playing instruments with expressive body language, suggesting enjoyment and enthusiasm.","LABEL: Happiness
CONFIDENCE: 0.85
REASON: The musicians are actively playing instruments with expressive body language, suggesting enjoyment and enthusiasm."
framesdb/images/frame_hzo04gqf487tm689.jpg,Peace,Happiness,0.95,"The people in the image are smiling and laughing while floating in a pool, clearly enjoying themselves.","LABEL: Happiness
CONFIDENCE: 0.95
REASON: The people in the image are smiling and laughing while floating in a pool, clearly enjoying themselves."
emodb_small/images/ab3l4riuiqrc4ivkqk.jpg,Peace,Disconnection,0.85,"The woman is sitting alone by the window, looking away from the camera and her laptop, suggesting emotional or physical detachment.","LABEL: Disconnection
CONFIDENCE: 0.85
REASON: The woman is sitting alone by the window, looking away from the camera and her laptop, suggesting emotional or physical detachment."
mscoco/images/COCO_val2014_000000571264.jpg,Peace,Peace,0.85,"The person standing calmly beside their motorcycle in a serene, open landscape evokes a sense of tranquility and contentment.","LABEL: Peace
CONFIDENCE: 0.85
REASON: The person standing calmly beside their motorcycle in a serene, open landscape evokes a sense of tranquility and contentment."
mscoco/images/COCO_train2014_000000331832.jpg,Peace,Pleasure,0.85,"The individuals are eating pizza, which is typically associated with enjoyment and satisfaction.","LABEL: Pleasure
CONFIDENCE: 0.85
REASON: The individuals are eating pizza, which is typically associated with enjoyment and satisfaction."
framesdb/images/frame_63mtckpdjfc0y9q8.jpg,Peace,Disapproval,0.85,"Players in white jerseys appear frustrated and disengaged while opponents in blue walk away confidently, suggesting disapproval of the game's outcome or play.","LABEL: Disapproval
CONFIDENCE: 0.85
REASON: Players in white jerseys appear frustrated and disengaged while opponents in blue walk away confidently, suggesting disapproval of the game's outcome or play."
mscoco/images/COCO_train2014_000000389772.jpg,Peace,Happiness,0.95,"The couple is smiling broadly while posing with vintage tennis rackets, suggesting enjoyment and positive emotion.","LABEL: Happiness
CONFIDENCE: 0.95
REASON: The couple is smiling broadly while posing with vintage tennis rackets, suggesting enjoyment and positive emotion."
framesdb/images/frame_6npxf90s9ozbfo99.jpg,Peace,Happiness,0.9,"People are enjoying sunny beach activities, suggesting positive emotions.","LABEL: Happiness
CONFIDENCE: 0.9
REASON: People are enjoying sunny beach activities, suggesting positive emotions."
mscoco/images/COCO_val2014_000000047801.jpg,Peace,Pleasure,0.95,"The man is eating dessert outdoors with a relaxed expression, indicating enjoyment.","LABEL: Pleasure
CONFIDENCE: 0.95
REASON: The man is eating dessert outdoors with a relaxed expression, indicating enjoyment."
framesdb/images/frame_k43u0wqy98p0ihaw.jpg,Peace,Happiness,0.95,"The parents are smiling broadly while holding their newborn, conveying joy and contentment.","LABEL: Happiness
CONFIDENCE: 0.95
REASON: The parents are smiling broadly while holding their newborn, conveying joy and contentment."
mscoco/images/COCO_train2014_000000458057.jpg,Peace,Happiness,0.85,"The men are smiling and laughing while sharing food in a relaxed social setting, indicating enjoyment and contentment.","LABEL: Happiness
CONFIDENCE: 0.85
REASON: The men are smiling and laughing while sharing food in a relaxed social setting, indicating enjoyment and contentment."
mscoco/images/COCO_train2014_000000458057.jpg,Peace,Happiness,0.85,"The men are smiling and laughing while sharing food in a relaxed social setting, indicating enjoyment.","LABEL: Happiness
CONFIDENCE: 0.85
REASON: The men are smiling and laughing while sharing food in a relaxed social setting, indicating enjoyment."
mscoco/images/COCO_train2014_000000457168.jpg,Peace,Happiness,0.85,"People are socializing and enjoying food at an outdoor gathering, indicating a joyful atmosphere.","LABEL: Happiness
CONFIDENCE: 0.85
REASON: People are socializing and enjoying food at an outdoor gathering, indicating a joyful atmosphere."
mscoco/images/COCO_val2014_000000553443.jpg,Peace,Disapproval,0.85,"The woman in the background has a stern, unimpressed expression, suggesting disapproval of the situation or the man in the foreground.","LABEL: Disapproval
CONFIDENCE: 0.85
REASON: The woman in the background has a stern, unimpressed expression, suggesting disapproval of the situation or the man in the foreground."
mscoco/images/COCO_train2014_000000377110.jpg,Peace,Happiness,0.95,"The chef is smiling broadly, suggesting a positive and joyful emotional state.","LABEL: Happiness
CONFIDENCE: 0.95
REASON: The chef is smiling broadly, suggesting a positive and joyful emotional state."
emodb_small/images/2dx6iyafrj0xqsbyxz.jpg,Peace,Affection,0.95,"Two people are embracing closely, suggesting intimacy and emotional connection.","LABEL: Affection
CONFIDENCE: 0.95
REASON: Two people are embracing closely, suggesting intimacy and emotional connection."
framesdb/images/frame_j9vbydagsea8s830.jpg,Peace,Disconnection,0.85,"The man is seated alone, looking away from the camera and not engaging with others, suggesting emotional or social disconnection.","LABEL: Disconnection
CONFIDENCE: 0.85
REASON: The man is seated alone, looking away from the camera and not engaging with others, suggesting emotional or social disconnection."
framesdb/images/frame_hxrt3v35rhil6sx5.jpg,Peace,Fatigue,0.9,"The person is reaching for an alarm clock while still in bed, suggesting they are tired and just waking up.","LABEL: Fatigue
CONFIDENCE: 0.9
REASON: The person is reaching for an alarm clock while still in bed, suggesting they are tired and just waking up."
mscoco/images/COCO_val2014_000000568765.jpg,Peace,Anticipation,0.85,"The ceremonial rider and horse suggest a parade or event, implying excitement or expectation for what’s to come.","LABEL: Anticipation
CONFIDENCE: 0.85
REASON: The ceremonial rider and horse suggest a parade or event, implying excitement or expectation for what’s to come."
mscoco/images/COCO_train2014_000000466491.jpg,Peace,Fatigue,0.9,"The person is lying on the bed in a relaxed, sprawled position, suggesting tiredness or exhaustion.","LABEL: Fatigue
CONFIDENCE: 0.9
REASON: The person is lying on the bed in a relaxed, sprawled position, suggesting tiredness or exhaustion."
mscoco/images/COCO_train2014_000000139429.jpg,Peace,Peace,0.85,"The women are calmly sitting on a bench with their dog in a relaxed outdoor setting, suggesting tranquility.","LABEL: Peace
CONFIDENCE: 0.85
REASON: The women are calmly sitting on a bench with their dog in a relaxed outdoor setting, suggesting tranquility."
mscoco/images/COCO_train2014_000000139429.jpg,Peace,Peace,0.85,"The women are relaxed on a bench with their dog, enjoying snacks in a calm outdoor setting.","LABEL: Peace
CONFIDENCE: 0.85
REASON: The women are relaxed on a bench with their dog, enjoying snacks in a calm outdoor setting."
mscoco/images/COCO_train2014_000000050597.jpg,Peace,Happiness,0.85,"The children are smiling and enjoying food, conveying joy.","LABEL: Happiness
CONFIDENCE: 0.85
REASON: The children are smiling and enjoying food, conveying joy."
mscoco/images/COCO_train2014_000000189810.jpg,Peace,Happiness,0.9,The man is smiling broadly and raising his fist in a gesture of joy or celebration.,"LABEL: Happiness
CONFIDENCE: 0.9
REASON: The man is smiling broadly and raising his fist in a gesture of joy or celebration."
mscoco/images/COCO_val2014_000000078060.jpg,Peace,Happiness,0.95,"The adult and child are smiling and posing together in a snowy setting, suggesting joy and shared enjoyment.","LABEL: Happiness
CONFIDENCE: 0.95
REASON: The adult and child are smiling and posing together in a snowy setting, suggesting joy and shared enjoyment."
mscoco/images/COCO_train2014_000000134496.jpg,Peace,Engagement,0.85,"The woman is actively walking while talking on the phone, indicating focused involvement in her activity.","LABEL: Engagement
CONFIDENCE: 0.85
REASON: The woman is actively walking while talking on the phone, indicating focused involvement in her activity."
mscoco/images/COCO_train2014_000000445462.jpg,Peace,Anticipation,0.85,"Two travelers with luggage and laptops appear to be waiting for a flight or transport, suggesting they are anticipating their next journey.","LABEL: Anticipation
CONFIDENCE: 0.85
REASON: Two travelers with luggage and laptops appear to be waiting for a flight or transport, suggesting they are anticipating their next journey."
mscoco/images/COCO_val2014_000000107239.jpg,Affection,Happiness,0.95,"The person is smiling broadly while eating pizza, showing clear enjoyment.","LABEL: Happiness
CONFIDENCE: 0.95
REASON: The person is smiling broadly while eating pizza, showing clear enjoyment."
framesdb/images/frame_gq8umfw35sg36nlq.jpg,Affection,Disconnection,0.8,"The man in the elevator is isolated from the person pushing the cart, creating a sense of separation.","LABEL: Disconnection
CONFIDENCE: 0.8
REASON: The man in the elevator is isolated from the person pushing the cart, creating a sense of separation."
framesdb/images/frame_jsnriwfd0ffphs5g.jpg,Affection,Happiness,0.95,The people are smiling and enjoying each other's company in a warm hot tub during a beautiful snowy sunset.,"LABEL: Happiness
CONFIDENCE: 0.95
REASON: The people are smiling and enjoying each other's company in a warm hot tub during a beautiful snowy sunset."
framesdb/images/frame_1cnsgmoppetoruv9.jpg,Affection,Engagement,0.95,"People are gathered socially, interacting and moving around in a lively outdoor setting, indicating active engagement.","LABEL: Engagement
CONFIDENCE: 0.95
REASON: People are gathered socially, interacting and moving around in a lively outdoor setting, indicating active engagement."
framesdb/images/frame_ek3zcwpt9ed6j6gm.jpg,Affection,Happiness,0.95,"Children flying kites in a sunny park evokes joyful, carefree happiness.","LABEL: Happiness
CONFIDENCE: 0.95
REASON: Children flying kites in a sunny park evokes joyful, carefree happiness."
framesdb/images/frame_c9ctv7ctm2dnic4v.jpg,Affection,Engagement,0.95,"The children are actively examining anatomical models with focused attention, indicating deep engagement with the educational exhibit.","LABEL: Engagement
CONFIDENCE: 0.95
REASON: The children are actively examining anatomical models with focused attention, indicating deep engagement with the educational exhibit."
mscoco/images/COCO_train2014_000000439678.jpg,Affection,Happiness,0.95,"The group is smiling and posing cheerfully outdoors, indicating joy.","LABEL: Happiness
CONFIDENCE: 0.95
REASON: The group is smiling and posing cheerfully outdoors, indicating joy."
mscoco/images/COCO_val2014_000000552247.jpg,Affection,Happiness,0.95,"The man is smiling broadly while embracing children, conveying clear joy and warmth.","LABEL: Happiness
CONFIDENCE: 0.95
REASON: The man is smiling broadly while embracing children, conveying clear joy and warmth."
emodb_small/images/007eear5kx5qhbzewz.jpg,Affection,Peace,0.9,"The couple appears relaxed and content, sharing a quiet, comfortable moment together.","LABEL: Peace
CONFIDENCE: 0.9
REASON: The couple appears relaxed and content, sharing a quiet, comfortable moment together."
emodb_small/images/007eear5kx5qhbzewz.jpg,Affection,Peace,0.9,"The couple is relaxed and content, sitting closely together in a calm, serene setting.","LABEL: Peace
CONFIDENCE: 0.9
REASON: The couple is relaxed and content, sitting closely together in a calm, serene setting."
mscoco/images/COCO_train2014_000000043264.jpg,Affection,Affection,0.95,"The older girl is gently holding the younger child's hand in a caring, tender gesture, indicating affection.","LABEL: Affection
CONFIDENCE: 0.95
REASON: The older girl is gently holding the younger child's hand in a caring, tender gesture, indicating affection."
emodb_small/images/2wd2hxmqz5sbgy2ypo.jpg,Affection,Happiness,0.95,"The couple's close, smiling faces and intimate posture convey strong joy and contentment.","LABEL: Happiness
CONFIDENCE: 0.95
REASON: The couple's close, smiling faces and intimate posture convey strong joy and contentment."
emodb_small/images/2wd2hxmqz5sbgy2ypo.jpg,Affection,Affection,0.95,"The intimate, smiling expressions and close proximity of the couple strongly suggest affection.","LABEL: Affection
CONFIDENCE: 0.95
REASON: The intimate, smiling expressions and close proximity of the couple strongly suggest affection."
emodb_small/images/2dx6iyafrj0xqsbyxz.jpg,Affection,Affection,0.95,"Two people are embracing closely, suggesting intimacy and emotional connection typical of affection.","LABEL: Affection
CONFIDENCE: 0.95
REASON: Two people are embracing closely, suggesting intimacy and emotional connection typical of affection."
framesdb/images/frame_dfne06yl7tjnzbdt.jpg,Affection,Happiness,0.95,"Two women are smiling and enjoying popcorn while watching something together, indicating happiness.","LABEL: Happiness
CONFIDENCE: 0.95
REASON: Two women are smiling and enjoying popcorn while watching something together, indicating happiness."
mscoco/images/COCO_train2014_000000444168.jpg,Affection,Happiness,0.95,"The boy is smiling broadly while standing in front of a birthday cake with a sparkler, indicating joy.","LABEL: Happiness
CONFIDENCE: 0.95
REASON: The boy is smiling broadly while standing in front of a birthday cake with a sparkler, indicating joy."
mscoco/images/COCO_train2014_000000330100.jpg,Affection,Disconnection,0.85,"People are absorbed in their own activities, showing little engagement with each other or their surroundings.","LABEL: Disconnection
CONFIDENCE: 0.85
REASON: People are absorbed in their own activities, showing little engagement with each other or their surroundings."
framesdb/images/frame_cmwvbpa676fz8xne.jpg,Affection,Happiness,0.95,The bride and groom are smiling and appear joyful during their wedding procession.,"LABEL: Happiness
CONFIDENCE: 0.95
REASON: The bride and groom are smiling and appear joyful during their wedding procession."
framesdb/images/frame_cmwvbpa676fz8xne.jpg,Affection,Happiness,0.95,The bride and groom are smiling and appear joyful during their wedding procession.,"LABEL: Happiness
CONFIDENCE: 0.95
REASON: The bride and groom are smiling and appear joyful during their wedding procession."
framesdb/images/frame_9pwj5e0e3540mhk2.jpg,Affection,Affection,0.95,The tender embrace and peaceful sleep of the child in the older child's arms convey deep affection.,"LABEL: Affection
CONFIDENCE: 0.95
REASON: The tender embrace and peaceful sleep of the child in the older child's arms convey deep affection."
framesdb/images/frame_d8e8zt0xx79rhd3a.jpg,Affection,Happiness,0.95,"The person is smiling broadly while holding a book, indicating joy or satisfaction.","LABEL: Happiness
CONFIDENCE: 0.95
REASON: The person is smiling broadly while holding a book, indicating joy or satisfaction."
emodb_small/images/3ehhn46l9yimyuaed8.jpg,Affection,Esteem,0.95,"The act of pinning a military insignia signifies recognition and honor, conveying high esteem for the recipient's service.","LABEL: Esteem
CONFIDENCE: 0.95
REASON: The act of pinning a military insignia signifies recognition and honor, conveying high esteem for the recipient's service."
mscoco/images/COCO_val2014_000000243148.jpg,Affection,Disapproval,0.85,The adult’s downward gaze and posture suggest disapproval of the child’s fall or inability to ski.,"LABEL: Disapproval
CONFIDENCE: 0.85
REASON: The adult’s downward gaze and posture suggest disapproval of the child’s fall or inability to ski."
emodb_small/images/280dp8lwiegcqa2q1z.jpg,Affection,Affection,0.95,The intimate kiss and gentle touch between the couple strongly convey romantic affection.,"LABEL: Affection
CONFIDENCE: 0.95
REASON: The intimate kiss and gentle touch between the couple strongly convey romantic affection."
framesdb/images/frame_ln54q5tur4s42ez9.jpg,Affection,Happiness,0.95,"The couple is smiling warmly while embracing their dog, conveying clear joy and contentment.","LABEL: Happiness
CONFIDENCE: 0.95
REASON: The couple is smiling warmly while embracing their dog, conveying clear joy and contentment."
mscoco/images/COCO_train2014_000000145679.jpg,Affection,Happiness,0.9,The woman's joyful expression and playful pose with the umbrella suggest happiness.,"LABEL: Happiness
CONFIDENCE: 0.9
REASON: The woman's joyful expression and playful pose with the umbrella suggest happiness."
emodb_small/images/2fahoe54zb00wjdivy.jpg,Affection,Happiness,0.95,"The couple is smiling and embracing warmly, showing clear joy and contentment.","LABEL: Happiness
CONFIDENCE: 0.95
REASON: The couple is smiling and embracing warmly, showing clear joy and contentment."
framesdb/images/frame_gq6sydxtsi4krfma.jpg,Affection,Esteem,0.9,The smiling faces and handshake suggest mutual respect and positive regard in a professional context.,"LABEL: Esteem
CONFIDENCE: 0.9
REASON: The smiling faces and handshake suggest mutual respect and positive regard in a professional context."
mscoco/images/COCO_val2014_000000573320.jpg,Affection,Happiness,0.95,"Both individuals are smiling and actively engaged in playing a video game, indicating enjoyment and happiness.","LABEL: Happiness
CONFIDENCE: 0.95
REASON: Both individuals are smiling and actively engaged in playing a video game, indicating enjoyment and happiness."
framesdb/images/frame_cayeoa053pjmm6w5.jpg,Affection,Happiness,0.95,"The bride and groom are kissing passionately at their wedding, a moment universally associated with joy and happiness.","LABEL: Happiness
CONFIDENCE: 0.95
REASON: The bride and groom are kissing passionately at their wedding, a moment universally associated with joy and happiness."
framesdb/images/frame_cayeoa053pjmm6w5.jpg,Affection,Happiness,0.95,"The bride and groom are kissing passionately at their wedding, a clear moment of joy and love.","LABEL: Happiness
CONFIDENCE: 0.95
REASON: The bride and groom are kissing passionately at their wedding, a clear moment of joy and love."
framesdb/images/frame_cayeoa053pjmm6w5.jpg,Affection,Happiness,0.95,"The bride and groom are kissing passionately at their wedding, a clear moment of joy and love.","LABEL: Happiness
CONFIDENCE: 0.95
REASON: The bride and groom are kissing passionately at their wedding, a clear moment of joy and love."
mscoco/images/COCO_val2014_000000022680.jpg,Affection,Happiness,0.95,"The man and boys are smiling and posing together in formal attire, suggesting a joyful, positive moment.","LABEL: Happiness
CONFIDENCE: 0.95
REASON: The man and boys are smiling and posing together in formal attire, suggesting a joyful, positive moment."
emodb_small/images/2bmpyaavvm6crl0ids.jpg,Affection,Happiness,0.95,"The elderly man is laughing heartily while being affectionately embraced by the woman, conveying clear joy and contentment.","LABEL: Happiness
CONFIDENCE: 0.95
REASON: The elderly man is laughing heartily while being affectionately embraced by the woman, conveying clear joy and contentment."
emodb_small/images/2bmpyaavvm6crl0ids.jpg,Affection,Happiness,0.95,"The elderly man is laughing heartily while being affectionately embraced by the woman, conveying clear joy and contentment.","LABEL: Happiness
CONFIDENCE: 0.95
REASON: The elderly man is laughing heartily while being affectionately embraced by the woman, conveying clear joy and contentment."
mscoco/images/COCO_val2014_000000564098.jpg,Affection,Engagement,0.85,"People are actively involved in judging or preparing the sheep, indicating focused attention and participation.","LABEL: Engagement
CONFIDENCE: 0.85
REASON: People are actively involved in judging or preparing the sheep, indicating focused attention and participation."
mscoco/images/COCO_train2014_000000487007.jpg,Affection,Happiness,0.85,"The woman is smiling broadly while seated at a table with food, indicating joy or contentment.","LABEL: Happiness
CONFIDENCE: 0.85
REASON: The woman is smiling broadly while seated at a table with food, indicating joy or contentment."
mscoco/images/COCO_val2014_000000479808.jpg,Affection,Disapproval,0.85,"The person on the left has a stern, unimpressed expression while looking at the other person, suggesting disapproval.","LABEL: Disapproval
CONFIDENCE: 0.85
REASON: The person on the left has a stern, unimpressed expression while looking at the other person, suggesting disapproval."
mscoco/images/COCO_train2014_000000411109.jpg,Esteem,Anticipation,0.85,"The players are focused on the ball and the play unfolding, suggesting they are anticipating the outcome of the action.","LABEL: Anticipation
CONFIDENCE: 0.85
REASON: The players are focused on the ball and the play unfolding, suggesting they are anticipating the outcome of the action."
mscoco/images/COCO_train2014_000000379034.jpg,Esteem,Peace,0.85,"The scene depicts a calm, routine meal in a ship’s mess hall with people quietly eating, suggesting a tranquil, everyday moment.","LABEL: Peace
CONFIDENCE: 0.85
REASON: The scene depicts a calm, routine meal in a ship’s mess hall with people quietly eating, suggesting a tranquil, everyday moment."
framesdb/images/frame_3jwi6nrvfphi4lp6.jpg,Esteem,Happiness,0.9,The couple walking hand-in-hand on a sunny boardwalk with a lively crowd suggests enjoyment and contentment.,"LABEL: Happiness
CONFIDENCE: 0.9
REASON: The couple walking hand-in-hand on a sunny boardwalk with a lively crowd suggests enjoyment and contentment."
mscoco/images/COCO_train2014_000000498702.jpg,Esteem,Anticipation,0.95,"The batter, catcher, and umpire are all focused intently on the incoming pitch, suggesting a moment of high tension and expectation before the ball is hit or caught.","LABEL: Anticipation
CONFIDENCE: 0.95
REASON: The batter, catcher, and umpire are all focused intently on the incoming pitch, suggesting a moment of high tension and expectation before the ball is hit or caught."
emodb_small/images/4le1bbiky5djx0iuln.jpg,Esteem,Engagement,0.95,"The speaker is actively presenting to an audience, indicating involvement and connection with the material.","LABEL: Engagement
CONFIDENCE: 0.95
REASON: The speaker is actively presenting to an audience, indicating involvement and connection with the material."
mscoco/images/COCO_val2014_000000510791.jpg,Esteem,Confidence,0.85,The tennis player's posture and downward gaze suggest he is dejected after a missed opportunity or loss.,"LABEL: Disappointment
CONFIDENCE: 0.85
REASON: The tennis player's posture and downward gaze suggest he is dejected after a missed opportunity or loss."
mscoco/images/COCO_train2014_000000385744.jpg,Esteem,Pleasure,0.85,"The woman is smiling while eating, suggesting enjoyment of her meal.","LABEL: Pleasure
CONFIDENCE: 0.85
REASON: The woman is smiling while eating, suggesting enjoyment of her meal."
mscoco/images/COCO_train2014_000000002842.jpg,Esteem,Sympathy,0.8,"The man's gesture and expression suggest he is offering comfort or support to the woman, indicating sympathy.","LABEL: Sympathy
CONFIDENCE: 0.8
REASON: The man's gesture and expression suggest he is offering comfort or support to the woman, indicating sympathy."
mscoco/images/COCO_val2014_000000509403.jpg,Esteem,Happiness,0.85,"The scene depicts a family enjoying outdoor play, suggesting joyful interaction and positive emotion.","LABEL: Happiness
CONFIDENCE: 0.85
REASON: The scene depicts a family enjoying outdoor play, suggesting joyful interaction and positive emotion."
framesdb/images/frame_c9ctv7ctm2dnic4v.jpg,Esteem,Engagement,0.9,"The children are actively examining anatomical models with focused attention, indicating deep engagement with the educational exhibit.","LABEL: Engagement
CONFIDENCE: 0.9
REASON: The children are actively examining anatomical models with focused attention, indicating deep engagement with the educational exhibit."
mscoco/images/COCO_val2014_000000222681.jpg,Esteem,Happiness,0.9,"The family is gathered around a cake, suggesting a celebratory and joyful moment.","LABEL: Happiness
CONFIDENCE: 0.9
REASON: The family is gathered around a cake, suggesting a celebratory and joyful moment."
mscoco/images/COCO_train2014_000000426839.jpg,Esteem,Engagement,0.85,"The man is actively holding and looking at his phone, suggesting focused attention and interaction.","LABEL: Engagement
CONFIDENCE: 0.85
REASON: The man is actively holding and looking at his phone, suggesting focused attention and interaction."
mscoco/images/COCO_train2014_000000259467.jpg,Esteem,Engagement,0.95,"The adults are actively leaning in and interacting with the children using laptops, indicating focused involvement and engagement with the activity.","LABEL: Engagement
CONFIDENCE: 0.95
REASON: The adults are actively leaning in and interacting with the children using laptops, indicating focused involvement and engagement with the activity."
framesdb/images/frame_belw7xz1lwepxcyq.jpg,Esteem,Sadness,0.95,"The image depicts a funeral procession with pallbearers carrying a casket, which strongly suggests mourning and sadness.","LABEL: Sadness
CONFIDENCE: 0.95
REASON: The image depicts a funeral procession with pallbearers carrying a casket, which strongly suggests mourning and sadness."
mscoco/images/COCO_train2014_000000419767.jpg,Esteem,Engagement,0.85,"The men are actively conversing and holding drinks in a social setting, indicating social engagement.","LABEL: Engagement
CONFIDENCE: 0.85
REASON: The men are actively conversing and holding drinks in a social setting, indicating social engagement."
mscoco/images/COCO_train2014_000000217224.jpg,Esteem,Engagement,0.85,"The person is actively using a laptop while standing near a presentation screen, indicating focus and involvement in the task.","LABEL: Engagement
CONFIDENCE: 0.85
REASON: The person is actively using a laptop while standing near a presentation screen, indicating focus and involvement in the task."
framesdb/images/frame_cmwvbpa676fz8xne.jpg,Esteem,Happiness,0.95,The bride and groom are smiling and appear joyful during their wedding procession.,"LABEL: Happiness
CONFIDENCE: 0.95
REASON: The bride and groom are smiling and appear joyful during their wedding procession."
framesdb/images/frame_cmwvbpa676fz8xne.jpg,Esteem,Happiness,0.95,The bride and groom are smiling and appear joyful during their wedding procession.,"LABEL: Happiness
CONFIDENCE: 0.95
REASON: The bride and groom are smiling and appear joyful during their wedding procession."
mscoco/images/COCO_train2014_000000091642.jpg,Esteem,Happiness,0.95,"The athletes are smiling broadly and raising their arms in victory, clearly expressing joy after winning a skiing competition.","LABEL: Happiness
CONFIDENCE: 0.95
REASON: The athletes are smiling broadly and raising their arms in victory, clearly expressing joy after winning a skiing competition."
mscoco/images/COCO_train2014_000000078358.jpg,Esteem,Esteem,0.9,"Two men are shaking hands over a document in a formal setting, suggesting mutual respect and professional admiration.","LABEL: Esteem
CONFIDENCE: 0.9
REASON: Two men are shaking hands over a document in a formal setting, suggesting mutual respect and professional admiration."
mscoco/images/COCO_train2014_000000078358.jpg,Esteem,Esteem,0.85,"Two men are shaking hands over a document in a formal setting, suggesting mutual respect and professional admiration.","LABEL: Esteem
CONFIDENCE: 0.85
REASON: Two men are shaking hands over a document in a formal setting, suggesting mutual respect and professional admiration."
mscoco/images/COCO_train2014_000000462509.jpg,Esteem,Anticipation,0.9,"The batter is poised to swing, suggesting anticipation of the pitch outcome.","LABEL: Anticipation
CONFIDENCE: 0.9
REASON: The batter is poised to swing, suggesting anticipation of the pitch outcome."
mscoco/images/COCO_train2014_000000444171.jpg,Esteem,Engagement,0.95,"Two children are focused on reading a book together, showing active involvement and interest.","LABEL: Engagement
CONFIDENCE: 0.95
REASON: Two children are focused on reading a book together, showing active involvement and interest."
framesdb/images/frame_buzpuitr3r0g31br.jpg,Esteem,Engagement,0.85,"The audience is focused on the speaker and presentation, indicating active engagement.","LABEL: Engagement
CONFIDENCE: 0.85
REASON: The audience is focused on the speaker and presentation, indicating active engagement."
mscoco/images/COCO_val2014_000000053364.jpg,Esteem,Happiness,0.85,"The vibrant costumes, colorful umbrellas, and festive atmosphere suggest a joyful celebration.","LABEL: Happiness
CONFIDENCE: 0.85
REASON: The vibrant costumes, colorful umbrellas, and festive atmosphere suggest a joyful celebration."
framesdb/images/frame_5trqiebh1s6h9lg6.jpg,Esteem,Engagement,0.85,"People are gathered and interacting in an art gallery, indicating active involvement and interest.","LABEL: Engagement
CONFIDENCE: 0.85
REASON: People are gathered and interacting in an art gallery, indicating active involvement and interest."
mscoco/images/COCO_train2014_000000464812.jpg,Esteem,Happiness,0.9,"The baseball team is smiling and posing cheerfully for a group photo, conveying joy and camaraderie.","LABEL: Happiness
CONFIDENCE: 0.9
REASON: The baseball team is smiling and posing cheerfully for a group photo, conveying joy and camaraderie."
mscoco/images/COCO_train2014_000000122667.jpg,Esteem,Esteem,0.85,"The team photo suggests pride and accomplishment, implying esteem for their achievement in JV Tennis.","LABEL: Esteem
CONFIDENCE: 0.85
REASON: The team photo suggests pride and accomplishment, implying esteem for their achievement in JV Tennis."
mscoco/images/COCO_val2014_000000194704.jpg,Esteem,Happiness,0.95,"The person is smiling broadly while holding skis aloft, conveying clear joy and excitement.","LABEL: Happiness
CONFIDENCE: 0.95
REASON: The person is smiling broadly while holding skis aloft, conveying clear joy and excitement."
mscoco/images/COCO_train2014_000000114421.jpg,Esteem,Happiness,0.95,"The woman is smiling broadly and holding an umbrella in a cheerful pose, indicating joy.","LABEL: Happiness
CONFIDENCE: 0.95
REASON: The woman is smiling broadly and holding an umbrella in a cheerful pose, indicating joy."
mscoco/images/COCO_val2014_000000041279.jpg,Esteem,Happiness,0.95,"Both individuals are smiling and enjoying pizza, indicating clear happiness.","LABEL: Happiness
CONFIDENCE: 0.95
REASON: Both individuals are smiling and enjoying pizza, indicating clear happiness."
mscoco/images/COCO_train2014_000000353223.jpg,Esteem,Excitement,0.9,"The person is actively surfing with an expressive face, suggesting enjoyment and thrill.","LABEL: Excitement
CONFIDENCE: 0.9
REASON: The person is actively surfing with an expressive face, suggesting enjoyment and thrill."
mscoco/images/COCO_train2014_000000304473.jpg,Esteem,Anticipation,0.85,The player’s focused posture and outstretched arms suggest she is expecting the ball to arrive soon.,"LABEL: Anticipation
CONFIDENCE: 0.85
REASON: The player’s focused posture and outstretched arms suggest she is expecting the ball to arrive soon."
mscoco/images/COCO_val2014_000000498032.jpg,Esteem,Excitement,0.85,"The person is actively engaged in playing a game with a controller, suggesting enthusiasm and enjoyment.","LABEL: Excitement
CONFIDENCE: 0.85
REASON: The person is actively engaged in playing a game with a controller, suggesting enthusiasm and enjoyment."
framesdb/images/frame_9q90mzvc7x4cdyr3.jpg,Esteem,Happiness,0.85,"The lifeguard and woman are smiling and standing near a colorful water slide, suggesting enjoyment and positive emotion.","LABEL: Happiness
CONFIDENCE: 0.85
REASON: The lifeguard and woman are smiling and standing near a colorful water slide, suggesting enjoyment and positive emotion."
emodb_small/images/4dvzh6e97rzw27kig1.jpg,Esteem,Happiness,0.95,"The man is laughing heartily while on the phone, clearly expressing joy.","LABEL: Happiness
CONFIDENCE: 0.95
REASON: The man is laughing heartily while on the phone, clearly expressing joy."
mscoco/images/COCO_val2014_000000266922.jpg,Esteem,Happiness,0.85,The bright sunny day and joyful skiing activity suggest positive emotions.,"LABEL: Happiness
CONFIDENCE: 0.85
REASON: The bright sunny day and joyful skiing activity suggest positive emotions."
mscoco/images/COCO_train2014_000000443084.jpg,Esteem,Happiness,0.95,"The man is smiling broadly while pouring a drink, and the woman is laughing, indicating shared joy.","LABEL: Happiness
CONFIDENCE: 0.95
REASON: The man is smiling broadly while pouring a drink, and the woman is laughing, indicating shared joy."
mscoco/images/COCO_train2014_000000288841.jpg,Anticipation,Happiness,0.95,"The bride and groom are smiling and cutting a wedding cake, indicating joyous celebration.","LABEL: Happiness
CONFIDENCE: 0.95
REASON: The bride and groom are smiling and cutting a wedding cake, indicating joyous celebration."
mscoco/images/COCO_val2014_000000168683.jpg,Anticipation,Anticipation,0.85,The focused gamer and the observer's intense gaze suggest they are eagerly awaiting the next move or outcome in the game.,"LABEL: Anticipation
CONFIDENCE: 0.85
REASON: The focused gamer and the observer's intense gaze suggest they are eagerly awaiting the next move or outcome in the game."
mscoco/images/COCO_val2014_000000547457.jpg,Anticipation,Happiness,0.95,"The woman is smiling broadly while driving, indicating clear happiness.","LABEL: Happiness
CONFIDENCE: 0.95
REASON: The woman is smiling broadly while driving, indicating clear happiness."
mscoco/images/COCO_train2014_000000140322.jpg,Anticipation,Happiness,0.9,The children's bright expressions and playful interaction with the money suggest joy and contentment.,"LABEL: Happiness
CONFIDENCE: 0.9
REASON: The children's bright expressions and playful interaction with the money suggest joy and contentment."
mscoco/images/COCO_train2014_000000001966.jpg,Anticipation,Anticipation,0.85,"The tennis player is preparing to serve, indicating focus and expectation of the upcoming point.","LABEL: Anticipation
CONFIDENCE: 0.85
REASON: The tennis player is preparing to serve, indicating focus and expectation of the upcoming point."
framesdb/images/frame_kuxvwgw2wheq7szc.jpg,Anticipation,Disapproval,0.85,"The image depicts a child in a trash-strewn environment with birds of prey nearby, evoking a sense of disapproval for the harsh conditions and potential neglect.","LABEL: Disapproval
CONFIDENCE: 0.85
REASON: The image depicts a child in a trash-strewn environment with birds of prey nearby, evoking a sense of disapproval for the harsh conditions and potential neglect."
mscoco/images/COCO_train2014_000000411109.jpg,Anticipation,Anticipation,0.85,"The players are focused on the ball and the play unfolding, suggesting they are waiting for the outcome of the action.","LABEL: Anticipation
CONFIDENCE: 0.85
REASON: The players are focused on the ball and the play unfolding, suggesting they are waiting for the outcome of the action."
mscoco/images/COCO_val2014_000000054277.jpg,Anticipation,Anticipation,0.8,"The person is actively skiing indoors, suggesting they are engaged in a sport and likely anticipating the next move or turn.","LABEL: Anticipation
CONFIDENCE: 0.8
REASON: The person is actively skiing indoors, suggesting they are engaged in a sport and likely anticipating the next move or turn."
framesdb/images/frame_b1v3bzyq8s4ucvy1.jpg,Anticipation,Engagement,0.85,"People are interacting socially at a bar, indicating active involvement and engagement.","LABEL: Engagement
CONFIDENCE: 0.85
REASON: People are interacting socially at a bar, indicating active involvement and engagement."
framesdb/images/frame_b1v3bzyq8s4ucvy1.jpg,Anticipation,Engagement,0.85,"People are interacting socially at a bar, indicating active involvement and connection.","LABEL: Engagement
CONFIDENCE: 0.85
REASON: People are interacting socially at a bar, indicating active involvement and connection."
mscoco/images/COCO_train2014_000000390644.jpg,Anticipation,Excitement,0.85,The person’s dynamic posture and focused expression suggest active enjoyment while maneuvering around cones.,"LABEL: Excitement
CONFIDENCE: 0.85
REASON: The person’s dynamic posture and focused expression suggest active enjoyment while maneuvering around cones."
mscoco/images/COCO_train2014_000000322698.jpg,Anticipation,Happiness,0.85,"The man is actively playing frisbee in a sunny outdoor setting, suggesting enjoyment and positive emotion.","LABEL: Happiness
CONFIDENCE: 0.85
REASON: The man is actively playing frisbee in a sunny outdoor setting, suggesting enjoyment and positive emotion."
mscoco/images/COCO_train2014_000000408190.jpg,Anticipation,Excitement,0.9,"The surfer's dynamic pose on a powerful wave suggests thrilling, adrenaline-fueled excitement.","LABEL: Excitement
CONFIDENCE: 0.9
REASON: The surfer's dynamic pose on a powerful wave suggests thrilling, adrenaline-fueled excitement."
framesdb/images/frame_aztc78d4kjclxv9e.jpg,Anticipation,Peace,0.85,"The calm, cozy ambiance of the café with people quietly working or socializing suggests a peaceful atmosphere.","LABEL: Peace
CONFIDENCE: 0.85
REASON: The calm, cozy ambiance of the café with people quietly working or socializing suggests a peaceful atmosphere."
framesdb/images/frame_aztc78d4kjclxv9e.jpg,Anticipation,Peace,0.85,"The calm ambiance, soft lighting, and people engaged in quiet activities suggest a tranquil, peaceful environment.","LABEL: Peace
CONFIDENCE: 0.85
REASON: The calm ambiance, soft lighting, and people engaged in quiet activities suggest a tranquil, peaceful environment."
mscoco/images/COCO_train2014_000000298949.jpg,Anticipation,Excitement,0.9,"The person is mid-air performing a skateboarding trick, suggesting high energy and thrill.","LABEL: Excitement
CONFIDENCE: 0.9
REASON: The person is mid-air performing a skateboarding trick, suggesting high energy and thrill."
mscoco/images/COCO_val2014_000000576031.jpg,Anticipation,Happiness,0.85,"The person is smiling and appears to be enjoying skiing in a sunny, snowy environment.","LABEL: Happiness
CONFIDENCE: 0.85
REASON: The person is smiling and appears to be enjoying skiing in a sunny, snowy environment."
framesdb/images/frame_8bcjgl84a80cguy5.jpg,Anticipation,Engagement,0.95,"The couple is actively selecting and handling peaches at a market stall, showing focused attention and participation in the activity.","LABEL: Engagement
CONFIDENCE: 0.95
REASON: The couple is actively selecting and handling peaches at a market stall, showing focused attention and participation in the activity."
framesdb/images/frame_8bcjgl84a80cguy5.jpg,Anticipation,Engagement,0.95,"The couple is actively selecting and handling peaches at a market stall, showing focused involvement in the activity.","LABEL: Engagement
CONFIDENCE: 0.95
REASON: The couple is actively selecting and handling peaches at a market stall, showing focused involvement in the activity."
framesdb/images/frame_bwnq9ntic9dpamg2.jpg,Anticipation,Anticipation,0.85,"People are gathered at a ticket counter, likely waiting to buy tickets for an upcoming event shown on screens above them.","LABEL: Anticipation
CONFIDENCE: 0.85
REASON: People are gathered at a ticket counter, likely waiting to buy tickets for an upcoming event shown on screens above them."
framesdb/images/frame_6290od7o4jvss70n.jpg,Anticipation,Peace,0.85,The calm beach scene with clear skies and relaxed people suggests tranquility and peace.,"LABEL: Peace
CONFIDENCE: 0.85
REASON: The calm beach scene with clear skies and relaxed people suggests tranquility and peace."
mscoco/images/COCO_train2014_000000282027.jpg,Anticipation,Happiness,0.85,"The person is actively playing tennis, jumping to hit the ball, which suggests enjoyment and positive emotion.","LABEL: Happiness
CONFIDENCE: 0.85
REASON: The person is actively playing tennis, jumping to hit the ball, which suggests enjoyment and positive emotion."
mscoco/images/COCO_train2014_000000396793.jpg,Anticipation,Anticipation,0.9,"The tennis player is in a focused, ready stance, suggesting she is anticipating her opponent's next move.","LABEL: Anticipation
CONFIDENCE: 0.9
REASON: The tennis player is in a focused, ready stance, suggesting she is anticipating her opponent's next move."
mscoco/images/COCO_train2014_000000252375.jpg,Anticipation,Excitement,0.85,"The person's dynamic pose on the skateboard suggests active, thrilling movement.","LABEL: Excitement
CONFIDENCE: 0.85
REASON: The person's dynamic pose on the skateboard suggests active, thrilling movement."
mscoco/images/COCO_train2014_000000483078.jpg,Anticipation,Anticipation,0.85,"The pitcher is in a ready stance, suggesting he is preparing to throw the ball.","LABEL: Anticipation
CONFIDENCE: 0.85
REASON: The pitcher is in a ready stance, suggesting he is preparing to throw the ball."
mscoco/images/COCO_train2014_000000509626.jpg,Anticipation,Excitement,0.9,"The batter is mid-swing in a high-stakes moment, conveying intense energy and anticipation typical of excitement.","LABEL: Excitement
CONFIDENCE: 0.9
REASON: The batter is mid-swing in a high-stakes moment, conveying intense energy and anticipation typical of excitement."
emodb_small/images/4le1bbiky5djx0iuln.jpg,Anticipation,Engagement,0.95,"The speaker is actively gesturing and presenting to an audience, indicating involvement and connection with his topic.","LABEL: Engagement
CONFIDENCE: 0.95
REASON: The speaker is actively gesturing and presenting to an audience, indicating involvement and connection with his topic."
mscoco/images/COCO_train2014_000000252801.jpg,Anticipation,Engagement,0.85,"The man is actively focused on opening the water bottle, indicating involvement in the task.","LABEL: Engagement
CONFIDENCE: 0.85
REASON: The man is actively focused on opening the water bottle, indicating involvement in the task."
mscoco/images/COCO_train2014_000000107072.jpg,Anticipation,Excitement,0.85,"People dressed as zombies in a park suggest a fun, themed event like a costume party or zombie walk, evoking excitement.","LABEL: Excitement
CONFIDENCE: 0.85
REASON: People dressed as zombies in a park suggest a fun, themed event like a costume party or zombie walk, evoking excitement."
framesdb/images/frame_7qztqnocqk4d67lc.jpg,Anticipation,Happiness,0.95,The athlete's wide smile and energetic posture suggest joy and satisfaction from performing well.,"LABEL: Happiness
CONFIDENCE: 0.95
REASON: The athlete's wide smile and energetic posture suggest joy and satisfaction from performing well."
framesdb/images/frame_7qztqnocqk4d67lc.jpg,Anticipation,Happiness,0.95,The athlete's wide smile and energetic posture suggest joy and satisfaction from performing well.,"LABEL: Happiness
CONFIDENCE: 0.95
REASON: The athlete's wide smile and energetic posture suggest joy and satisfaction from performing well."
framesdb/images/frame_hkvjon62ft6acgnx.jpg,Anticipation,Excitement,0.85,The player’s intense posture and focused expression suggest high energy and anticipation during a crucial moment in the game.,"LABEL: Excitement
CONFIDENCE: 0.85
REASON: The player’s intense posture and focused expression suggest high energy and anticipation during a crucial moment in the game."
mscoco/images/COCO_train2014_000000385280.jpg,Anticipation,Excitement,0.9,"The person is mid-air performing a skateboarding trick, conveying dynamic energy and thrill.","LABEL: Excitement
CONFIDENCE: 0.9
REASON: The person is mid-air performing a skateboarding trick, conveying dynamic energy and thrill."
framesdb/images/frame_63mtckpdjfc0y9q8.jpg,Anticipation,Disapproval,0.85,"Players in white jerseys appear frustrated and disengaged while opponents in blue walk away confidently, suggesting disapproval of the game's outcome or play.","LABEL: Disapproval
CONFIDENCE: 0.85
REASON: Players in white jerseys appear frustrated and disengaged while opponents in blue walk away confidently, suggesting disapproval of the game's outcome or play."
framesdb/images/frame_63mtckpdjfc0y9q8.jpg,Anticipation,Confidence,0.85,The Dutch players' body language and expressions suggest they are dejected after a missed opportunity or loss.,"LABEL: Disappointment
CONFIDENCE: 0.85
REASON: The Dutch players' body language and expressions suggest they are dejected after a missed opportunity or loss."
mscoco/images/COCO_val2014_000000202476.jpg,Anticipation,Anticipation,0.85,The tennis player's focused posture and mid-swing motion suggest he is anticipating the ball's trajectory to execute his next move.,"LABEL: Anticipation
CONFIDENCE: 0.85
REASON: The tennis player's focused posture and mid-swing motion suggest he is anticipating the ball's trajectory to execute his next move."
mscoco/images/COCO_train2014_000000269588.jpg,Anticipation,Disconnection,0.85,The man’s isolated posture and the grayscale tone evoke a sense of emotional or social detachment from his surroundings.,"LABEL: Disconnection
CONFIDENCE: 0.85
REASON: The man’s isolated posture and the grayscale tone evoke a sense of emotional or social detachment from his surroundings."
mscoco/images/COCO_train2014_000000221625.jpg,Anticipation,Anticipation,0.85,The player’s focused stance and racket position suggest she is anticipating the ball’s trajectory.,"LABEL: Anticipation
CONFIDENCE: 0.85
REASON: The player’s focused stance and racket position suggest she is anticipating the ball’s trajectory."
mscoco/images/COCO_val2014_000000558171.jpg,Engagement,Anticipation,0.85,"The person is raising their arm to catch a frisbee, suggesting they are expecting it to arrive soon.","LABEL: Anticipation
CONFIDENCE: 0.85
REASON: The person is raising their arm to catch a frisbee, suggesting they are expecting it to arrive soon."
mscoco/images/COCO_train2014_000000006590.jpg,Engagement,Happiness,0.95,"The child is smiling broadly while holding an umbrella indoors, conveying clear joy.","LABEL: Happiness
CONFIDENCE: 0.95
REASON: The child is smiling broadly while holding an umbrella indoors, conveying clear joy."
mscoco/images/COCO_val2014_000000122997.jpg,Engagement,Engagement,0.9,"The individuals are focused on their devices and writing, indicating active participation and involvement in their tasks.","LABEL: Engagement
CONFIDENCE: 0.9
REASON: The individuals are focused on their devices and writing, indicating active participation and involvement in their tasks."
framesdb/images/frame_k245twaqc30i5imc.jpg,Engagement,Peace,0.95,"The woman is sleeping soundly with a relaxed expression, conveying calmness and tranquility.","LABEL: Peace
CONFIDENCE: 0.95
REASON: The woman is sleeping soundly with a relaxed expression, conveying calmness and tranquility."
framesdb/images/frame_fjgek3oeqc8r0e3o.jpg,Engagement,Engagement,0.95,"The player is actively focused and physically involved in the tennis match, showing deep engagement with the game.","LABEL: Engagement
CONFIDENCE: 0.95
REASON: The player is actively focused and physically involved in the tennis match, showing deep engagement with the game."
framesdb/images/frame_95x221h7yj814qxc.jpg,Engagement,Peace,0.85,The lush garden scene with vibrant flowers and people calmly walking evokes tranquility and serenity.,"LABEL: Peace
CONFIDENCE: 0.85
REASON: The lush garden scene with vibrant flowers and people calmly walking evokes tranquility and serenity."
mscoco/images/COCO_train2014_000000094268.jpg,Engagement,Excitement,0.85,"The man in orange is actively running and reaching for a frisbee with an engaged, energetic expression, suggesting excitement about the game.","LABEL: Excitement
CONFIDENCE: 0.85
REASON: The man in orange is actively running and reaching for a frisbee with an engaged, energetic expression, suggesting excitement about the game."
mscoco/images/COCO_train2014_000000094268.jpg,Engagement,Excitement,0.85,"The man in orange is actively running and reaching for a frisbee with an expressive face, suggesting energetic engagement and enjoyment typical of excitement.","LABEL: Excitement
CONFIDENCE: 0.85
REASON: The man in orange is actively running and reaching for a frisbee with an expressive face, suggesting energetic engagement and enjoyment typical of excitement."
mscoco/images/COCO_val2014_000000231589.jpg,Engagement,Happiness,0.85,The child's bright eyes and playful pose suggest joy and contentment.,"LABEL: Happiness
CONFIDENCE: 0.85
REASON: The child's bright eyes and playful pose suggest joy and contentment."
mscoco/images/COCO_train2014_000000055276.jpg,Engagement,Happiness,0.95,"The person in the foreground is smiling broadly while wearing a funny hat, indicating enjoyment and amusement.","LABEL: Happiness
CONFIDENCE: 0.95
REASON: The person in the foreground is smiling broadly while wearing a funny hat, indicating enjoyment and amusement."
mscoco/images/COCO_val2014_000000568202.jpg,Engagement,Happiness,0.85,The two women in the foreground are smiling and appear to be enjoying their time together at the restaurant.,"LABEL: Happiness
CONFIDENCE: 0.85
REASON: The two women in the foreground are smiling and appear to be enjoying their time together at the restaurant."
framesdb/images/frame_erwzk3npaleubsqm.jpg,Engagement,Anticipation,0.85,"People are gathered in an airport terminal, likely waiting for flights, suggesting they are anticipating their next journey.","LABEL: Anticipation
CONFIDENCE: 0.85
REASON: People are gathered in an airport terminal, likely waiting for flights, suggesting they are anticipating their next journey."
framesdb/images/frame_erwzk3npaleubsqm.jpg,Engagement,Anticipation,0.85,"People are gathered in an airport terminal, likely waiting for flights, suggesting they are anticipating their next journey.","LABEL: Anticipation
CONFIDENCE: 0.85
REASON: People are gathered in an airport terminal, likely waiting for flights, suggesting they are anticipating their next journey."
mscoco/images/COCO_train2014_000000549216.jpg,Engagement,Affection,0.9,"The woman is gently petting the cat, indicating a caring and affectionate interaction.","LABEL: Affection
CONFIDENCE: 0.9
REASON: The woman is gently petting the cat, indicating a caring and affectionate interaction."
mscoco/images/COCO_train2014_000000551481.jpg,Engagement,Disconnection,0.8,"The boy is turned away, looking at the field rather than engaging with others, suggesting a sense of separation or detachment.","LABEL: Disconnection
CONFIDENCE: 0.8
REASON: The boy is turned away, looking at the field rather than engaging with others, suggesting a sense of separation or detachment."
mscoco/images/COCO_train2014_000000528657.jpg,Engagement,Disconnection,0.8,"The person is focused on brushing teeth, creating a physical and emotional separation from the viewer.","LABEL: Disconnection
CONFIDENCE: 0.8
REASON: The person is focused on brushing teeth, creating a physical and emotional separation from the viewer."
framesdb/images/frame_b1v3bzyq8s4ucvy1.jpg,Engagement,Engagement,0.9,"The bartender and patrons are actively interacting in a social setting, indicating engagement.","LABEL: Engagement
CONFIDENCE: 0.9
REASON: The bartender and patrons are actively interacting in a social setting, indicating engagement."
mscoco/images/COCO_train2014_000000552054.jpg,Engagement,Happiness,0.8,"The horse is walking calmly and the driver appears relaxed, suggesting a pleasant, unhurried experience.","LABEL: Happiness
CONFIDENCE: 0.8
REASON: The horse is walking calmly and the driver appears relaxed, suggesting a pleasant, unhurried experience."
mscoco/images/COCO_train2014_000000563727.jpg,Engagement,Surprise,0.85,The person's wide eyes and open mouth suggest a startled or amazed reaction to something unexpected.,"LABEL: Surprise
CONFIDENCE: 0.85
REASON: The person's wide eyes and open mouth suggest a startled or amazed reaction to something unexpected."
mscoco/images/COCO_val2014_000000182785.jpg,Engagement,Excitement,0.9,"The skateboarder is mid-air on a ramp, suggesting an adrenaline-filled, thrilling moment.","LABEL: Excitement
CONFIDENCE: 0.9
REASON: The skateboarder is mid-air on a ramp, suggesting an adrenaline-filled, thrilling moment."
framesdb/images/frame_aztc78d4kjclxv9e.jpg,Engagement,Peace,0.85,"The calm, relaxed atmosphere of the café with people quietly working or socializing suggests a peaceful environment.","LABEL: Peace
CONFIDENCE: 0.85
REASON: The calm, relaxed atmosphere of the café with people quietly working or socializing suggests a peaceful environment."
framesdb/images/frame_kpokdxsxymvz4qk3.jpg,Engagement,Pleasure,0.9,The man’s relaxed smile and focused expression suggest enjoyment of the music or moment.,"LABEL: Pleasure
CONFIDENCE: 0.9
REASON: The man’s relaxed smile and focused expression suggest enjoyment of the music or moment."
framesdb/images/frame_08cmg83x4uc6vay4.jpg,Engagement,Engagement,0.95,"People are actively working together in a garden, showing focus and involvement.","LABEL: Engagement
CONFIDENCE: 0.95
REASON: People are actively working together in a garden, showing focus and involvement."
framesdb/images/frame_08cmg83x4uc6vay4.jpg,Engagement,Engagement,0.95,"People are actively working together in a garden, showing focused involvement and collaboration.","LABEL: Engagement
CONFIDENCE: 0.95
REASON: People are actively working together in a garden, showing focused involvement and collaboration."
framesdb/images/frame_08cmg83x4uc6vay4.jpg,Engagement,Engagement,0.95,"People are actively working together in a garden, showing focused involvement and collaboration.","LABEL: Engagement
CONFIDENCE: 0.95
REASON: People are actively working together in a garden, showing focused involvement and collaboration."
framesdb/images/frame_3jwi6nrvfphi4lp6.jpg,Engagement,Happiness,0.9,"The couple walking hand-in-hand on a sunny boardwalk with a crowd of people enjoying the day suggests a joyful, carefree atmosphere.","LABEL: Happiness
CONFIDENCE: 0.9
REASON: The couple walking hand-in-hand on a sunny boardwalk with a crowd of people enjoying the day suggests a joyful, carefree atmosphere."
framesdb/images/frame_3jwi6nrvfphi4lp6.jpg,Engagement,Happiness,0.85,"People are walking on a sunny boardwalk, enjoying leisure time with smiles and relaxed body language.","LABEL: Happiness
CONFIDENCE: 0.85
REASON: People are walking on a sunny boardwalk, enjoying leisure time with smiles and relaxed body language."
framesdb/images/frame_3jwi6nrvfphi4lp6.jpg,Engagement,Happiness,0.9,The couple walking hand-in-hand on a sunny boardwalk suggests enjoyment and contentment.,"LABEL: Happiness
CONFIDENCE: 0.9
REASON: The couple walking hand-in-hand on a sunny boardwalk suggests enjoyment and contentment."
mscoco/images/COCO_train2014_000000053608.jpg,Engagement,Engagement,0.9,"The man is actively focused on preparing food, showing deep involvement in the task.","LABEL: Engagement
CONFIDENCE: 0.9
REASON: The man is actively focused on preparing food, showing deep involvement in the task."
framesdb/images/frame_hzo04gqf487tm689.jpg,Engagement,Happiness,0.95,"The family is laughing and smiling while floating in the pool, clearly enjoying themselves.","LABEL: Happiness
CONFIDENCE: 0.95
REASON: The family is laughing and smiling while floating in the pool, clearly enjoying themselves."
mscoco/images/COCO_train2014_000000014103.jpg,Engagement,Excitement,0.95,"The snowboarder is mid-air performing a trick, suggesting high energy and thrill.","LABEL: Excitement
CONFIDENCE: 0.95
REASON: The snowboarder is mid-air performing a trick, suggesting high energy and thrill."
framesdb/images/frame_bwnq9ntic9dpamg2.jpg,Engagement,Anticipation,0.85,"People are waiting in line, likely anticipating their turn or the arrival of something they are expecting.","LABEL: Anticipation
CONFIDENCE: 0.85
REASON: People are waiting in line, likely anticipating their turn or the arrival of something they are expecting."
mscoco/images/COCO_train2014_000000261879.jpg,Engagement,Disconnection,0.85,"The two individuals are physically close but appear mentally disengaged, each absorbed in their own activities without interaction.","LABEL: Disconnection
CONFIDENCE: 0.85
REASON: The two individuals are physically close but appear mentally disengaged, each absorbed in their own activities without interaction."
mscoco/images/COCO_train2014_000000167028.jpg,Engagement,Disapproval,0.85,The woman's facial expression and body language suggest she is not pleased with the man's action of serving food.,"LABEL: Disapproval
CONFIDENCE: 0.85
REASON: The woman's facial expression and body language suggest she is not pleased with the man's action of serving food."
mscoco/images/COCO_train2014_000000167028.jpg,Engagement,Disapproval,0.85,"The woman's furrowed brow and direct, unsmiling gaze toward the man suggest disapproval of his action.","LABEL: Disapproval
CONFIDENCE: 0.85
REASON: The woman's furrowed brow and direct, unsmiling gaze toward the man suggest disapproval of his action."
framesdb/images/frame_gq8umfw35sg36nlq.jpg,Engagement,Disconnection,0.8,"The man in the elevator is isolated from the person pushing the cart, with no interaction or shared context visible.","LABEL: Disconnection
CONFIDENCE: 0.8
REASON: The man in the elevator is isolated from the person pushing the cart, with no interaction or shared context visible."
emodb_small/images/h705hnfsvdwf6mh2xw.jpg,Engagement,Anger,0.95,"The women are physically grabbing each other and shouting, indicating a heated, aggressive confrontation.","LABEL: Anger
CONFIDENCE: 0.95
REASON: The women are physically grabbing each other and shouting, indicating a heated, aggressive confrontation."
framesdb/images/frame_88u3mzsacaic5583.jpg,Engagement,Engagement,0.9,"The worker is actively focused on a task, indicating involvement and concentration.","LABEL: Engagement
CONFIDENCE: 0.9
REASON: The worker is actively focused on a task, indicating involvement and concentration."
mscoco/images/COCO_train2014_000000213009.jpg,Confidence,Anticipation,0.85,"The batter is in a ready stance, and the catcher and umpire are focused, suggesting a moment of suspense before the pitch is thrown.","LABEL: Anticipation
CONFIDENCE: 0.85
REASON: The batter is in a ready stance, and the catcher and umpire are focused, suggesting a moment of suspense before the pitch is thrown."
mscoco/images/COCO_val2014_000000121006.jpg,Confidence,Happiness,0.9,"The boy is smiling broadly while posing with a cast, suggesting joy despite the injury.","LABEL: Happiness
CONFIDENCE: 0.9
REASON: The boy is smiling broadly while posing with a cast, suggesting joy despite the injury."
mscoco/images/COCO_train2014_000000423647.jpg,Confidence,Anticipation,0.85,The players' focused postures suggest they are anticipating the next move in the game.,"LABEL: Anticipation
CONFIDENCE: 0.85
REASON: The players' focused postures suggest they are anticipating the next move in the game."
mscoco/images/COCO_train2014_000000432683.jpg,Confidence,Anticipation,0.85,"The player in the foreground is holding his racket ready, suggesting he is waiting for the ball and anticipating the next play.","LABEL: Anticipation
CONFIDENCE: 0.85
REASON: The player in the foreground is holding his racket ready, suggesting he is waiting for the ball and anticipating the next play."
framesdb/images/frame_hzo04gqf487tm689.jpg,Confidence,Happiness,0.95,"The people in the image are smiling and laughing while floating in a pool, clearly enjoying themselves.","LABEL: Happiness
CONFIDENCE: 0.95
REASON: The people in the image are smiling and laughing while floating in a pool, clearly enjoying themselves."
mscoco/images/COCO_val2014_000000482172.jpg,Confidence,Excitement,0.9,The surfer's dynamic pose and the energetic wave convey thrilling action and exhilaration.,"LABEL: Excitement
CONFIDENCE: 0.9
REASON: The surfer's dynamic pose and the energetic wave convey thrilling action and exhilaration."
mscoco/images/COCO_train2014_000000498702.jpg,Confidence,Anticipation,0.9,"The batter, catcher, and umpire are all focused on the incoming pitch, indicating high anticipation of the play's outcome.","LABEL: Anticipation
CONFIDENCE: 0.9
REASON: The batter, catcher, and umpire are all focused on the incoming pitch, indicating high anticipation of the play's outcome."
mscoco/images/COCO_val2014_000000108758.jpg,Confidence,Disconnection,0.8,"The image shows toothbrushes with a celebrity's face, creating a disconnect between the product and its typical use.","LABEL: Disconnection
CONFIDENCE: 0.8
REASON: The image shows toothbrushes with a celebrity's face, creating a disconnect between the product and its typical use."
mscoco/images/COCO_train2014_000000106596.jpg,Confidence,Confidence,0.85,"The man's upright posture, direct gaze, and relaxed hold of the surfboard convey self-assurance.","LABEL: Confidence
CONFIDENCE: 0.85
REASON: The man's upright posture, direct gaze, and relaxed hold of the surfboard convey self-assurance."
framesdb/images/frame_1cnsgmoppetoruv9.jpg,Confidence,Engagement,0.95,"People are gathered socially, interacting and moving around in a lively outdoor setting.","LABEL: Engagement
CONFIDENCE: 0.95
REASON: People are gathered socially, interacting and moving around in a lively outdoor setting."
mscoco/images/COCO_train2014_000000389772.jpg,Confidence,Happiness,0.95,"The couple is smiling broadly and posing cheerfully with tennis rackets, suggesting joy and contentment.","LABEL: Happiness
CONFIDENCE: 0.95
REASON: The couple is smiling broadly and posing cheerfully with tennis rackets, suggesting joy and contentment."
mscoco/images/COCO_train2014_000000394058.jpg,Confidence,Happiness,0.9,"The skiers are smiling and posing for a photo in a beautiful snowy landscape, indicating enjoyment.","LABEL: Happiness
CONFIDENCE: 0.9
REASON: The skiers are smiling and posing for a photo in a beautiful snowy landscape, indicating enjoyment."
mscoco/images/COCO_train2014_000000367519.jpg,Confidence,Excitement,0.85,"The players are actively engaged in a soccer game, suggesting energetic and enthusiastic participation.","LABEL: Excitement
CONFIDENCE: 0.85
REASON: The players are actively engaged in a soccer game, suggesting energetic and enthusiastic participation."
mscoco/images/COCO_train2014_000000055516.jpg,Confidence,Excitement,0.85,"The snowboarder is mid-air performing a trick, suggesting dynamic action and thrill.","LABEL: Excitement
CONFIDENCE: 0.85
REASON: The snowboarder is mid-air performing a trick, suggesting dynamic action and thrill."
mscoco/images/COCO_val2014_000000097924.jpg,Confidence,Engagement,0.95,"Two people are actively guiding a horse into a trailer, showing focused involvement and interaction.","LABEL: Engagement
CONFIDENCE: 0.95
REASON: Two people are actively guiding a horse into a trailer, showing focused involvement and interaction."
mscoco/images/COCO_val2014_000000075783.jpg,Confidence,Excitement,0.85,The surfer’s dynamic pose and the crashing wave convey thrilling action and energy.,"LABEL: Excitement
CONFIDENCE: 0.85
REASON: The surfer’s dynamic pose and the crashing wave convey thrilling action and energy."
mscoco/images/COCO_train2014_000000552985.jpg,Confidence,Happiness,0.85,"The man’s wide-eyed, eager expression while leaning into a large pizza suggests joyful anticipation and satisfaction.","LABEL: Happiness
CONFIDENCE: 0.85
REASON: The man’s wide-eyed, eager expression while leaning into a large pizza suggests joyful anticipation and satisfaction."
mscoco/images/COCO_train2014_000000480947.jpg,Confidence,Anticipation,0.85,"The players are actively engaged in a soccer game, suggesting they are anticipating the next move or play.","LABEL: Anticipation
CONFIDENCE: 0.85
REASON: The players are actively engaged in a soccer game, suggesting they are anticipating the next move or play."
mscoco/images/COCO_train2014_000000443005.jpg,Confidence,Excitement,0.85,"The motion blur and dynamic pose of the riders suggest high-speed movement, conveying a sense of thrill and exhilaration.","LABEL: Excitement
CONFIDENCE: 0.85
REASON: The motion blur and dynamic pose of the riders suggest high-speed movement, conveying a sense of thrill and exhilaration."
mscoco/images/COCO_train2014_000000145462.jpg,Confidence,Engagement,0.95,"Two people are actively playing frisbee, showing focused involvement in the game.","LABEL: Engagement
CONFIDENCE: 0.95
REASON: Two people are actively playing frisbee, showing focused involvement in the game."
mscoco/images/COCO_train2014_000000399630.jpg,Confidence,Anticipation,0.85,The tennis player’s focused posture and ready stance suggest she is anticipating her opponent’s next move.,"LABEL: Anticipation
CONFIDENCE: 0.85
REASON: The tennis player’s focused posture and ready stance suggest she is anticipating her opponent’s next move."
mscoco/images/COCO_train2014_000000563617.jpg,Confidence,Anticipation,0.85,People carrying surfboards toward the ocean suggest they are looking forward to surfing.,"LABEL: Anticipation
CONFIDENCE: 0.85
REASON: People carrying surfboards toward the ocean suggest they are looking forward to surfing."
mscoco/images/COCO_train2014_000000091642.jpg,Confidence,Happiness,0.95,"The athletes are smiling and raising their arms in celebration on a podium, clearly expressing joy and satisfaction.","LABEL: Happiness
CONFIDENCE: 0.95
REASON: The athletes are smiling and raising their arms in celebration on a podium, clearly expressing joy and satisfaction."
framesdb/images/frame_i1gbq80jq8yd2tjk.jpg,Confidence,Happiness,0.95,The group’s smiling faces and relaxed beach setting convey clear joy.,"LABEL: Happiness
CONFIDENCE: 0.95
REASON: The group’s smiling faces and relaxed beach setting convey clear joy."
framesdb/images/frame_kuq0kdzyl2m9b7eo.jpg,Confidence,Esteem,0.85,"The scene depicts a supportive interaction in a pool, suggesting care and trust, which aligns with esteem.","LABEL: Esteem
CONFIDENCE: 0.85
REASON: The scene depicts a supportive interaction in a pool, suggesting care and trust, which aligns with esteem."
mscoco/images/COCO_train2014_000000211033.jpg,Confidence,Anticipation,0.9,"The batter is poised to swing, creating suspense for the outcome of the pitch.","LABEL: Anticipation
CONFIDENCE: 0.9
REASON: The batter is poised to swing, creating suspense for the outcome of the pitch."
framesdb/images/frame_k7l5mndx4o6fuoat.jpg,Confidence,Happiness,0.85,"The man on the fire escape is smiling broadly, conveying a clear sense of joy or contentment.","LABEL: Happiness
CONFIDENCE: 0.85
REASON: The man on the fire escape is smiling broadly, conveying a clear sense of joy or contentment."
mscoco/images/COCO_train2014_000000385913.jpg,Confidence,Happiness,0.95,The couple cutting the cake together with smiles and the celebratory setting strongly suggest happiness.,"LABEL: Happiness
CONFIDENCE: 0.95
REASON: The couple cutting the cake together with smiles and the celebratory setting strongly suggest happiness."
mscoco/images/COCO_train2014_000000071005.jpg,Confidence,Happiness,0.95,"Both individuals are smiling broadly, suggesting joy or contentment.","LABEL: Happiness
CONFIDENCE: 0.95
REASON: Both individuals are smiling broadly, suggesting joy or contentment."
mscoco/images/COCO_train2014_000000449889.jpg,Confidence,Confidence,0.85,The police officer's upright posture and steady gaze convey authority and self-assurance.,"LABEL: Confidence
CONFIDENCE: 0.85
REASON: The police officer's upright posture and steady gaze convey authority and self-assurance."
mscoco/images/COCO_train2014_000000296257.jpg,Confidence,Happiness,0.85,"The rider is smiling and posing proudly with his motorcycle in a scenic mountain setting, indicating enjoyment.","LABEL: Happiness
CONFIDENCE: 0.85
REASON: The rider is smiling and posing proudly with his motorcycle in a scenic mountain setting, indicating enjoyment."
framesdb/images/frame_7ed6c8al4ihr3zvr.jpg,Confidence,Happiness,0.85,"People are actively playing and enjoying arcade games, suggesting a joyful atmosphere.","LABEL: Happiness
CONFIDENCE: 0.85
REASON: People are actively playing and enjoying arcade games, suggesting a joyful atmosphere."
mscoco/images/COCO_train2014_000000360475.jpg,Confidence,Anticipation,0.85,"The man's focused stance and grip on the bat suggest he is preparing to hit a ball, indicating anticipation of an upcoming action.","LABEL: Anticipation
CONFIDENCE: 0.85
REASON: The man's focused stance and grip on the bat suggest he is preparing to hit a ball, indicating anticipation of an upcoming action."
mscoco/images/COCO_train2014_000000535971.jpg,Confidence,Excitement,0.85,The skier’s dynamic pose and focused expression suggest enjoyment and thrill of skiing.,"LABEL: Excitement
CONFIDENCE: 0.85
REASON: The skier’s dynamic pose and focused expression suggest enjoyment and thrill of skiing."
framesdb/images/frame_jjko64pib60qhjet.jpg,Confidence,Suffering,0.95,"The man is holding a sign that reads ""VOLCANO VICTIM"" and has a distressed expression, strongly suggesting he is experiencing suffering.","LABEL: Suffering
CONFIDENCE: 0.95
REASON: The man is holding a sign that reads ""VOLCANO VICTIM"" and has a distressed expression, strongly suggesting he is experiencing suffering."
mscoco/images/COCO_train2014_000000324882.jpg,Confidence,Excitement,0.85,The skateboarder's focused posture and dynamic movement suggest thrill and enjoyment from performing a trick.,"LABEL: Excitement
CONFIDENCE: 0.85
REASON: The skateboarder's focused posture and dynamic movement suggest thrill and enjoyment from performing a trick."
emodb_small/images/3ehhn46l9yimyuaed8.jpg,Confidence,Esteem,0.95,"A superior is pinning a medal on a soldier, a formal act signifying recognition and respect, which directly conveys esteem.","LABEL: Esteem
CONFIDENCE: 0.95
REASON: A superior is pinning a medal on a soldier, a formal act signifying recognition and respect, which directly conveys esteem."
framesdb/images/frame_iki3j35k80cw0t6v.jpg,Confidence,Happiness,0.85,People are enjoying a recreational canoeing activity in a scenic outdoor setting.,"LABEL: Happiness
CONFIDENCE: 0.85
REASON: People are enjoying a recreational canoeing activity in a scenic outdoor setting."
mscoco/images/COCO_train2014_000000144608.jpg,Happiness,Happiness,0.85,"The child is actively paddling a kayak in a sunny setting, suggesting enjoyment and playful engagement.","LABEL: Happiness
CONFIDENCE: 0.85
REASON: The child is actively paddling a kayak in a sunny setting, suggesting enjoyment and playful engagement."
framesdb/images/frame_dkwhvgj0m40g01gs.jpg,Happiness,Happiness,0.95,The player's open-mouthed smile and energetic running posture strongly indicate joy and happiness after a positive event.,"LABEL: Happiness
CONFIDENCE: 0.95
REASON: The player's open-mouthed smile and energetic running posture strongly indicate joy and happiness after a positive event."
mscoco/images/COCO_train2014_000000140322.jpg,Happiness,Surprise,0.85,The baby’s wide eyes and open mouth suggest astonishment at seeing the money.,"LABEL: Surprise
CONFIDENCE: 0.85
REASON: The baby’s wide eyes and open mouth suggest astonishment at seeing the money."
mscoco/images/COCO_train2014_000000055276.jpg,Happiness,Happiness,0.95,"The person in the foreground is smiling broadly while wearing a funny hat, indicating joy.","LABEL: Happiness
CONFIDENCE: 0.95
REASON: The person in the foreground is smiling broadly while wearing a funny hat, indicating joy."
mscoco/images/COCO_train2014_000000088609.jpg,Happiness,Happiness,0.95,"The child is smiling broadly while eating, indicating joy.","LABEL: Happiness
CONFIDENCE: 0.95
REASON: The child is smiling broadly while eating, indicating joy."
framesdb/images/frame_j44zhny87dief9zp.jpg,Happiness,Happiness,0.85,"The musicians are actively playing instruments with expressive body language, suggesting enjoyment and enthusiasm.","LABEL: Happiness
CONFIDENCE: 0.85
REASON: The musicians are actively playing instruments with expressive body language, suggesting enjoyment and enthusiasm."
mscoco/images/COCO_train2014_000000524651.jpg,Happiness,Happiness,0.95,"Both individuals are smiling broadly while standing in a snowy, scenic environment, indicating joy and contentment.","LABEL: Happiness
CONFIDENCE: 0.95
REASON: Both individuals are smiling broadly while standing in a snowy, scenic environment, indicating joy and contentment."
mscoco/images/COCO_train2014_000000014103.jpg,Happiness,Excitement,0.9,"The snowboarder is mid-air performing a trick, suggesting high energy and thrill.","LABEL: Excitement
CONFIDENCE: 0.9
REASON: The snowboarder is mid-air performing a trick, suggesting high energy and thrill."
framesdb/images/frame_hdepjixs67t3l4zo.jpg,Happiness,Happiness,0.95,"The women are smiling broadly, posing cheerfully with drinks, and wearing festive St. Patrick's Day attire, indicating clear enjoyment.","LABEL: Happiness
CONFIDENCE: 0.95
REASON: The women are smiling broadly, posing cheerfully with drinks, and wearing festive St. Patrick's Day attire, indicating clear enjoyment."
mscoco/images/COCO_train2014_000000377160.jpg,Happiness,Happiness,0.9,"The person is smiling while looking at their reflection in the car mirror, indicating a positive emotional state.","LABEL: Happiness
CONFIDENCE: 0.9
REASON: The person is smiling while looking at their reflection in the car mirror, indicating a positive emotional state."
mscoco/images/COCO_train2014_000000147012.jpg,Happiness,Happiness,0.85,"The group appears relaxed and engaged in a recreational activity, with smiles and casual interaction suggesting enjoyment.","LABEL: Happiness
CONFIDENCE: 0.85
REASON: The group appears relaxed and engaged in a recreational activity, with smiles and casual interaction suggesting enjoyment."
framesdb/images/frame_hqxrmmcc6c2zqzr4.jpg,Happiness,Happiness,0.85,"The woman is smiling warmly while looking out the window, suggesting contentment and joy.","LABEL: Happiness
CONFIDENCE: 0.85
REASON: The woman is smiling warmly while looking out the window, suggesting contentment and joy."
framesdb/images/frame_gfeivpuiazkxf29e.jpg,Happiness,Peace,0.85,"The man appears relaxed and engaged in a calm, leisurely activity by the water.","LABEL: Peace
CONFIDENCE: 0.85
REASON: The man appears relaxed and engaged in a calm, leisurely activity by the water."
mscoco/images/COCO_train2014_000000006692.jpg,Happiness,Happiness,0.85,The man’s relaxed posture and smile suggest contentment and joy while posing with his bicycle.,"LABEL: Happiness
CONFIDENCE: 0.85
REASON: The man’s relaxed posture and smile suggest contentment and joy while posing with his bicycle."
mscoco/images/COCO_train2014_000000360548.jpg,Happiness,Happiness,0.95,"The woman is smiling and posing cheerfully in front of playful, oversized teddy bear figures, suggesting a joyful and lighthearted mood.","LABEL: Happiness
CONFIDENCE: 0.95
REASON: The woman is smiling and posing cheerfully in front of playful, oversized teddy bear figures, suggesting a joyful and lighthearted mood."
framesdb/images/frame_2m658fp3xgkeqkug.jpg,Happiness,Engagement,0.95,"The priest is deeply focused on reading the sacred text, showing active involvement in his ritual.","LABEL: Engagement
CONFIDENCE: 0.95
REASON: The priest is deeply focused on reading the sacred text, showing active involvement in his ritual."
framesdb/images/frame_c9ctv7ctm2dnic4v.jpg,Happiness,Engagement,0.95,"The children are actively examining anatomical models with focused attention, indicating deep engagement with the educational exhibit.","LABEL: Engagement
CONFIDENCE: 0.95
REASON: The children are actively examining anatomical models with focused attention, indicating deep engagement with the educational exhibit."
framesdb/images/frame_k43u0wqy98p0ihaw.jpg,Happiness,Happiness,0.95,"The parents are smiling broadly while holding their newborn, clearly expressing joy and contentment.","LABEL: Happiness
CONFIDENCE: 0.95
REASON: The parents are smiling broadly while holding their newborn, clearly expressing joy and contentment."
mscoco/images/COCO_train2014_000000248403.jpg,Happiness,Disconnection,0.85,"The person's distant gaze and slight frown suggest they are mentally elsewhere, disconnected from their immediate surroundings.","LABEL: Disconnection
CONFIDENCE: 0.85
REASON: The person's distant gaze and slight frown suggest they are mentally elsewhere, disconnected from their immediate surroundings."
mscoco/images/COCO_train2014_000000512854.jpg,Happiness,Excitement,0.85,"The man is actively engaged in playing a video game with an energetic pose, suggesting excitement.","LABEL: Excitement
CONFIDENCE: 0.85
REASON: The man is actively engaged in playing a video game with an energetic pose, suggesting excitement."
framesdb/images/frame_fq5auwuqb7gh7kn6.jpg,Happiness,Happiness,0.95,"The group is smiling and posing joyfully in the water, indicating clear happiness.","LABEL: Happiness
CONFIDENCE: 0.95
REASON: The group is smiling and posing joyfully in the water, indicating clear happiness."
framesdb/images/frame_fq5auwuqb7gh7kn6.jpg,Happiness,Happiness,0.95,The group's wide smiles and open-arm poses convey clear joy and contentment.,"LABEL: Happiness
CONFIDENCE: 0.95
REASON: The group's wide smiles and open-arm poses convey clear joy and contentment."
mscoco/images/COCO_train2014_000000439678.jpg,Happiness,Happiness,0.95,"The group is smiling and posing cheerfully outdoors, indicating joy.","LABEL: Happiness
CONFIDENCE: 0.95
REASON: The group is smiling and posing cheerfully outdoors, indicating joy."
framesdb/images/frame_gko26fo2wzz06i1r.jpg,Happiness,Happiness,0.95,The athlete is celebrating with arms raised and a joyful expression after winning the race.,"LABEL: Happiness
CONFIDENCE: 0.95
REASON: The athlete is celebrating with arms raised and a joyful expression after winning the race."
framesdb/images/frame_dmt5sh6c2mlvoqp0.jpg,Happiness,Happiness,0.95,"The crowd is laughing and cheering with open arms, clearly enjoying a joyful moment.","LABEL: Happiness
CONFIDENCE: 0.95
REASON: The crowd is laughing and cheering with open arms, clearly enjoying a joyful moment."
framesdb/images/frame_hgjcg5y89ooy0gul.jpg,Happiness,Happiness,0.85,"People are preparing for a fun outdoor activity with kayaks and dogs, suggesting enjoyment.","LABEL: Happiness
CONFIDENCE: 0.85
REASON: People are preparing for a fun outdoor activity with kayaks and dogs, suggesting enjoyment."
framesdb/images/frame_hl32tqfwoavgpc0f.jpg,Happiness,Affection,0.85,"The person is kneeling close to the wolf with a gentle expression, suggesting a bond or fondness.","LABEL: Affection
CONFIDENCE: 0.85
REASON: The person is kneeling close to the wolf with a gentle expression, suggesting a bond or fondness."
framesdb/images/frame_i9i87bp5glxa4qgv.jpg,Happiness,Happiness,0.85,"The woman is smiling while applying lipstick, suggesting enjoyment of her self-care routine.","LABEL: Happiness
CONFIDENCE: 0.85
REASON: The woman is smiling while applying lipstick, suggesting enjoyment of her self-care routine."
mscoco/images/COCO_train2014_000000045659.jpg,Happiness,Anticipation,0.85,The batter's intense expression and body posture suggest he is eagerly anticipating the outcome of the pitch.,"LABEL: Anticipation
CONFIDENCE: 0.85
REASON: The batter's intense expression and body posture suggest he is eagerly anticipating the outcome of the pitch."
mscoco/images/COCO_train2014_000000483769.jpg,Happiness,Happiness,0.95,"The group is smiling broadly and posing cheerfully around a celebratory cake, indicating joy.","LABEL: Happiness
CONFIDENCE: 0.95
REASON: The group is smiling broadly and posing cheerfully around a celebratory cake, indicating joy."
mscoco/images/COCO_train2014_000000328676.jpg,Happiness,Happiness,0.9,"The man is smiling while cutting a birthday cake, and the surrounding people appear joyful, indicating a happy occasion.","LABEL: Happiness
CONFIDENCE: 0.9
REASON: The man is smiling while cutting a birthday cake, and the surrounding people appear joyful, indicating a happy occasion."
framesdb/images/frame_egot35ej6dqtyuvz.jpg,Happiness,Esteem,0.85,"The well-dressed couple in a modern elevator suggests confidence and social success, implying esteem.","LABEL: Esteem
CONFIDENCE: 0.85
REASON: The well-dressed couple in a modern elevator suggests confidence and social success, implying esteem."
framesdb/images/frame_egot35ej6dqtyuvz.jpg,Happiness,Happiness,0.85,"The couple is smiling and posing together in a stylish elevator, suggesting a positive, joyful moment.","LABEL: Happiness
CONFIDENCE: 0.85
REASON: The couple is smiling and posing together in a stylish elevator, suggesting a positive, joyful moment."
framesdb/images/frame_3s4re47ibjv2yfmm.jpg,Happiness,Happiness,0.95,"The woman is smiling broadly while holding a jewelry display, indicating joy or satisfaction.","LABEL: Happiness
CONFIDENCE: 0.95
REASON: The woman is smiling broadly while holding a jewelry display, indicating joy or satisfaction."
mscoco/images/COCO_train2014_000000091642.jpg,Happiness,Happiness,0.95,"The athletes are smiling and raising their arms in celebration on a podium, clearly expressing joy and satisfaction.","LABEL: Happiness
CONFIDENCE: 0.95
REASON: The athletes are smiling and raising their arms in celebration on a podium, clearly expressing joy and satisfaction."
mscoco/images/COCO_val2014_000000142620.jpg,Happiness,Pleasure,0.85,"The man is enjoying a relaxed outdoor meal with camping gear, suggesting contentment and pleasure.","LABEL: Pleasure
CONFIDENCE: 0.85
REASON: The man is enjoying a relaxed outdoor meal with camping gear, suggesting contentment and pleasure."
mscoco/images/COCO_train2014_000000216987.jpg,Happiness,Happiness,0.95,"The person is smiling broadly and posing cheerfully in a snowy landscape, indicating joy.","LABEL: Happiness
CONFIDENCE: 0.95
REASON: The person is smiling broadly and posing cheerfully in a snowy landscape, indicating joy."
mscoco/images/COCO_train2014_000000103166.jpg,Happiness,Happiness,0.95,"The child is smiling broadly while skiing, indicating joy and contentment.","LABEL: Happiness
CONFIDENCE: 0.95
REASON: The child is smiling broadly while skiing, indicating joy and contentment."
mscoco/images/COCO_train2014_000000369575.jpg,Pleasure,Affection,0.85,"The child is gently offering a treat to the dog, indicating a caring and affectionate interaction.","LABEL: Affection
CONFIDENCE: 0.85
REASON: The child is gently offering a treat to the dog, indicating a caring and affectionate interaction."
mscoco/images/COCO_train2014_000000334220.jpg,Pleasure,Happiness,0.95,"People are smiling and appear relaxed during a meal together, suggesting enjoyment and contentment.","LABEL: Happiness
CONFIDENCE: 0.95
REASON: People are smiling and appear relaxed during a meal together, suggesting enjoyment and contentment."
mscoco/images/COCO_train2014_000000162177.jpg,Pleasure,Disconnection,0.85,"The chain-link fence between the viewer and the baseball players creates a physical and emotional barrier, suggesting separation or detachment.","LABEL: Disconnection
CONFIDENCE: 0.85
REASON: The chain-link fence between the viewer and the baseball players creates a physical and emotional barrier, suggesting separation or detachment."
mscoco/images/COCO_train2014_000000078550.jpg,Pleasure,Anticipation,0.85,"The tennis player is in a poised, ready stance, suggesting they are anticipating the next move or shot.","LABEL: Anticipation
CONFIDENCE: 0.85
REASON: The tennis player is in a poised, ready stance, suggesting they are anticipating the next move or shot."
emodb_small/images/4xmnrhc7pxoxbv1rjw.jpg,Pleasure,Pleasure,0.95,The woman’s relaxed facial expression and closed eyes suggest she is enjoying the massage.,"LABEL: Pleasure
CONFIDENCE: 0.95
REASON: The woman’s relaxed facial expression and closed eyes suggest she is enjoying the massage."
mscoco/images/COCO_train2014_000000053591.jpg,Pleasure,Disapproval,0.85,"The elephant's raised trunk and the rider's posture suggest discomfort or resistance, implying disapproval of the situation.","LABEL: Disapproval
CONFIDENCE: 0.85
REASON: The elephant's raised trunk and the rider's posture suggest discomfort or resistance, implying disapproval of the situation."
mscoco/images/COCO_val2014_000000179898.jpg,Pleasure,Happiness,0.95,"The child is smiling broadly while proudly showing off hot dogs, conveying clear joy and contentment.","LABEL: Happiness
CONFIDENCE: 0.95
REASON: The child is smiling broadly while proudly showing off hot dogs, conveying clear joy and contentment."
mscoco/images/COCO_train2014_000000279131.jpg,Pleasure,Happiness,0.95,The audience members are smiling and appear engaged in a positive event.,"LABEL: Happiness
CONFIDENCE: 0.95
REASON: The audience members are smiling and appear engaged in a positive event."
mscoco/images/COCO_train2014_000000156084.jpg,Pleasure,Happiness,0.95,"She has a bright, genuine smile and relaxed posture, indicating clear happiness.","LABEL: Happiness
CONFIDENCE: 0.95
REASON: She has a bright, genuine smile and relaxed posture, indicating clear happiness."
mscoco/images/COCO_train2014_000000136316.jpg,Pleasure,Happiness,0.95,"Both individuals are smiling broadly, suggesting positive emotion.","LABEL: Happiness
CONFIDENCE: 0.95
REASON: Both individuals are smiling broadly, suggesting positive emotion."
framesdb/images/frame_2k6cczb6hx4jdrq9.jpg,Pleasure,Engagement,0.95,"Two girls are closely focused on reading a book together, indicating active involvement and interest.","LABEL: Engagement
CONFIDENCE: 0.95
REASON: Two girls are closely focused on reading a book together, indicating active involvement and interest."
mscoco/images/COCO_train2014_000000480851.jpg,Pleasure,Excitement,0.9,"The person is actively water skiing, creating dynamic splashes, which suggests high energy and thrilling activity.","LABEL: Excitement
CONFIDENCE: 0.9
REASON: The person is actively water skiing, creating dynamic splashes, which suggests high energy and thrilling activity."
mscoco/images/COCO_train2014_000000229449.jpg,Pleasure,Excitement,0.85,"The rider's posture and motion suggest thrill-seeking, typical of high-speed motorcycle riding.","LABEL: Excitement
CONFIDENCE: 0.85
REASON: The rider's posture and motion suggest thrill-seeking, typical of high-speed motorcycle riding."
mscoco/images/COCO_val2014_000000096785.jpg,Pleasure,Pleasure,0.85,"The woman holding the child appears to be smiling gently while looking at the shop window, suggesting enjoyment or delight in the moment.","LABEL: Pleasure
CONFIDENCE: 0.85
REASON: The woman holding the child appears to be smiling gently while looking at the shop window, suggesting enjoyment or delight in the moment."
mscoco/images/COCO_train2014_000000553179.jpg,Pleasure,Esteem,0.85,The well-tailored suits and confident posture convey a sense of professional success and personal value.,"LABEL: Esteem
CONFIDENCE: 0.85
REASON: The well-tailored suits and confident posture convey a sense of professional success and personal value."
mscoco/images/COCO_train2014_000000357837.jpg,Pleasure,Happiness,0.95,"The person is smiling warmly while posing playfully in a casual setting, conveying joy and contentment.","LABEL: Happiness
CONFIDENCE: 0.95
REASON: The person is smiling warmly while posing playfully in a casual setting, conveying joy and contentment."
framesdb/images/frame_kx4x2gnb85gubure.jpg,Pleasure,Happiness,0.95,"Children are joyfully playing in water jets, showing clear signs of delight and enjoyment.","LABEL: Happiness
CONFIDENCE: 0.95
REASON: Children are joyfully playing in water jets, showing clear signs of delight and enjoyment."
framesdb/images/frame_a8fbmxdln3g2poie.jpg,Pleasure,Disconnection,0.85,"The man is eating a large burger while working on a laptop, suggesting he is mentally disconnected from his work or surroundings.","LABEL: Disconnection
CONFIDENCE: 0.85
REASON: The man is eating a large burger while working on a laptop, suggesting he is mentally disconnected from his work or surroundings."
mscoco/images/COCO_train2014_000000078977.jpg,Pleasure,Happiness,0.9,"Two children are playfully interacting on the grass, suggesting joyful engagement.","LABEL: Happiness
CONFIDENCE: 0.9
REASON: Two children are playfully interacting on the grass, suggesting joyful engagement."
mscoco/images/COCO_train2014_000000123907.jpg,Pleasure,Anticipation,0.85,"The tennis player is in a ready stance, focused and waiting for the next play, indicating anticipation of the incoming ball.","LABEL: Anticipation
CONFIDENCE: 0.85
REASON: The tennis player is in a ready stance, focused and waiting for the next play, indicating anticipation of the incoming ball."
framesdb/images/frame_l977sym2yk4k1aow.jpg,Pleasure,Disapproval,0.85,The woman's facial expression and body language suggest she is not pleased with the man's lawn mowing activity.,"LABEL: Disapproval
CONFIDENCE: 0.85
REASON: The woman's facial expression and body language suggest she is not pleased with the man's lawn mowing activity."
mscoco/images/COCO_train2014_000000370441.jpg,Pleasure,Happiness,0.95,The jockey's broad smile and joyful expression clearly convey happiness.,"LABEL: Happiness
CONFIDENCE: 0.95
REASON: The jockey's broad smile and joyful expression clearly convey happiness."
framesdb/images/frame_gtjfg923z58plp2f.jpg,Pleasure,Happiness,0.85,"The person is drinking water from a fountain with an engaged, content expression, suggesting enjoyment and refreshment.","LABEL: Happiness
CONFIDENCE: 0.85
REASON: The person is drinking water from a fountain with an engaged, content expression, suggesting enjoyment and refreshment."
mscoco/images/COCO_train2014_000000035707.jpg,Pleasure,Pleasure,0.85,"The boy is happily eating pizza, showing enjoyment through his focused engagement with the food.","LABEL: Pleasure
CONFIDENCE: 0.85
REASON: The boy is happily eating pizza, showing enjoyment through his focused engagement with the food."
mscoco/images/COCO_train2014_000000565360.jpg,Pleasure,Anticipation,0.85,"The players are intensely focused on the ball during a soccer match, suggesting they are anticipating the next move or outcome.","LABEL: Anticipation
CONFIDENCE: 0.85
REASON: The players are intensely focused on the ball during a soccer match, suggesting they are anticipating the next move or outcome."
mscoco/images/COCO_train2014_000000333748.jpg,Pleasure,Happiness,0.85,"The scene depicts a cozy, well-set outdoor table with food and drinks, suggesting a pleasant gathering or relaxing moment.","LABEL: Happiness
CONFIDENCE: 0.85
REASON: The scene depicts a cozy, well-set outdoor table with food and drinks, suggesting a pleasant gathering or relaxing moment."
emodb_small/images/am9j3t9a22e5jzjfp2.jpg,Pleasure,Disapproval,0.85,"Many people in the audience appear bored or annoyed, suggesting they disapprove of the movie's content or pacing.","LABEL: Disapproval
CONFIDENCE: 0.85
REASON: Many people in the audience appear bored or annoyed, suggesting they disapprove of the movie's content or pacing."
framesdb/images/frame_e7klbuacxme075uu.jpg,Pleasure,Happiness,0.9,"People are playfully splashing in water, suggesting joyful activity.","LABEL: Happiness
CONFIDENCE: 0.9
REASON: People are playfully splashing in water, suggesting joyful activity."
mscoco/images/COCO_train2014_000000332135.jpg,Pleasure,Happiness,0.95,"The girl is smiling broadly while looking at her birthday cake, indicating joy.","LABEL: Happiness
CONFIDENCE: 0.95
REASON: The girl is smiling broadly while looking at her birthday cake, indicating joy."
mscoco/images/COCO_val2014_000000129659.jpg,Pleasure,Pleasure,0.85,"The person is enjoying a meal outdoors with beer, suggesting contentment and enjoyment.","LABEL: Pleasure
CONFIDENCE: 0.85
REASON: The person is enjoying a meal outdoors with beer, suggesting contentment and enjoyment."
mscoco/images/COCO_val2014_000000175082.jpg,Pleasure,Happiness,0.95,"Children are smiling and enjoying food at a social gathering, indicating happiness.","LABEL: Happiness
CONFIDENCE: 0.95
REASON: Children are smiling and enjoying food at a social gathering, indicating happiness."
framesdb/images/frame_k56u9ldus0ht2r3w.jpg,Pleasure,Fatigue,0.85,"The woman is slumped over in a car seat, holding a bottle, suggesting exhaustion or weariness after a night out.","LABEL: Fatigue
CONFIDENCE: 0.85
REASON: The woman is slumped over in a car seat, holding a bottle, suggesting exhaustion or weariness after a night out."
mscoco/images/COCO_train2014_000000013278.jpg,Pleasure,Excitement,0.85,"The skateboarder's dynamic pose and the dramatic lighting suggest an exhilarating, high-energy moment.","LABEL: Excitement
CONFIDENCE: 0.85
REASON: The skateboarder's dynamic pose and the dramatic lighting suggest an exhilarating, high-energy moment."
framesdb/images/frame_1c2a9wnx8u1fl4we.jpg,Pleasure,Happiness,0.95,"People are smiling and actively playing in a water park, indicating joy and enjoyment.","LABEL: Happiness
CONFIDENCE: 0.95
REASON: People are smiling and actively playing in a water park, indicating joy and enjoyment."
mscoco/images/COCO_train2014_000000429433.jpg,Pleasure,Anticipation,0.85,"The child is focused on the food, suggesting they are looking forward to eating it.","LABEL: Anticipation
CONFIDENCE: 0.85
REASON: The child is focused on the food, suggesting they are looking forward to eating it."
mscoco/images/COCO_train2014_000000140180.jpg,Pleasure,Happiness,0.9,"The woman is smiling and posing cheerfully next to the pink scooters, conveying a joyful mood.","LABEL: Happiness
CONFIDENCE: 0.9
REASON: The woman is smiling and posing cheerfully next to the pink scooters, conveying a joyful mood."
mscoco/images/COCO_val2014_000000575487.jpg,Pleasure,Anticipation,0.85,"The person is looking into the oven at food cooking, suggesting they are waiting for it to be ready.","LABEL: Anticipation
CONFIDENCE: 0.85
REASON: The person is looking into the oven at food cooking, suggesting they are waiting for it to be ready."
mscoco/images/COCO_val2014_000000180521.jpg,Pleasure,Happiness,0.95,"The woman is smiling broadly with her teeth showing, indicating clear happiness.","LABEL: Happiness
CONFIDENCE: 0.95
REASON: The woman is smiling broadly with her teeth showing, indicating clear happiness."
mscoco/images/COCO_train2014_000000137029.jpg,Excitement,Surprise,0.95,The man's wide eyes and open mouth suggest a startled or surprised reaction to the banana.,"LABEL: Surprise
CONFIDENCE: 0.95
REASON: The man's wide eyes and open mouth suggest a startled or surprised reaction to the banana."
emodb_small/images/4le1bbiky5djx0iuln.jpg,Excitement,Engagement,0.95,"The speaker is actively presenting to an audience, indicating focused involvement and connection with the topic.","LABEL: Engagement
CONFIDENCE: 0.95
REASON: The speaker is actively presenting to an audience, indicating focused involvement and connection with the topic."
framesdb/images/frame_482f0lsguoiv0sk6.jpg,Excitement,Excitement,0.85,The dynamic action of a baseball player sliding into a base conveys high energy and thrilling competition.,"LABEL: Excitement
CONFIDENCE: 0.85
REASON: The dynamic action of a baseball player sliding into a base conveys high energy and thrilling competition."
framesdb/images/frame_4b7yta6mg9sm2x6n.jpg,Excitement,Happiness,0.95,The player's wide smile and celebratory pose indicate joy from a successful play.,"LABEL: Happiness
CONFIDENCE: 0.95
REASON: The player's wide smile and celebratory pose indicate joy from a successful play."
mscoco/images/COCO_train2014_000000319521.jpg,Excitement,Disconnection,0.8,"The man at the table appears isolated and not engaging with the people walking by, suggesting a sense of disconnection from his surroundings.","LABEL: Disconnection
CONFIDENCE: 0.8
REASON: The man at the table appears isolated and not engaging with the people walking by, suggesting a sense of disconnection from his surroundings."
mscoco/images/COCO_train2014_000000095711.jpg,Excitement,Excitement,0.85,"The player’s dynamic pose and celebratory gesture suggest high-energy triumph, typical of excitement in sports.","LABEL: Excitement
CONFIDENCE: 0.85
REASON: The player’s dynamic pose and celebratory gesture suggest high-energy triumph, typical of excitement in sports."
framesdb/images/frame_i2z4j8ih080q3cma.jpg,Excitement,Confidence,0.85,"The orderly, efficient assembly line and workers' focused actions suggest a high level of confidence in the manufacturing process.","LABEL: Confidence
CONFIDENCE: 0.85
REASON: The orderly, efficient assembly line and workers' focused actions suggest a high level of confidence in the manufacturing process."
mscoco/images/COCO_train2014_000000385913.jpg,Excitement,Happiness,0.95,"The couple is smiling broadly while cutting the cake, and the audience appears joyful, indicating a celebratory and happy moment.","LABEL: Happiness
CONFIDENCE: 0.95
REASON: The couple is smiling broadly while cutting the cake, and the audience appears joyful, indicating a celebratory and happy moment."
mscoco/images/COCO_train2014_000000251754.jpg,Excitement,Happiness,0.85,"The individuals are smiling and appear to be enjoying a sunny day out skiing, suggesting positive emotions.","LABEL: Happiness
CONFIDENCE: 0.85
REASON: The individuals are smiling and appear to be enjoying a sunny day out skiing, suggesting positive emotions."
mscoco/images/COCO_val2014_000000529314.jpg,Excitement,Excitement,0.85,"The players are actively engaged in a fast-paced soccer game, suggesting high energy and enthusiasm.","LABEL: Excitement
CONFIDENCE: 0.85
REASON: The players are actively engaged in a fast-paced soccer game, suggesting high energy and enthusiasm."
framesdb/images/frame_3xw8740px7b49km0.jpg,Excitement,Happiness,0.9,The skateboarders are smiling and appear to be enjoying themselves in a lively urban setting.,"LABEL: Happiness
CONFIDENCE: 0.9
REASON: The skateboarders are smiling and appear to be enjoying themselves in a lively urban setting."
mscoco/images/COCO_train2014_000000433715.jpg,Excitement,Excitement,0.95,"The skateboarder is mid-air performing a trick in front of an engaged crowd, conveying high energy and thrill.","LABEL: Excitement
CONFIDENCE: 0.95
REASON: The skateboarder is mid-air performing a trick in front of an engaged crowd, conveying high energy and thrill."
mscoco/images/COCO_train2014_000000351451.jpg,Excitement,Anticipation,0.85,"The players are actively moving and focused on the ball, suggesting they are anticipating the next play or outcome in the game.","LABEL: Anticipation
CONFIDENCE: 0.85
REASON: The players are actively moving and focused on the ball, suggesting they are anticipating the next play or outcome in the game."
emodb_small/images/he3gfq8i7gxouwd8xf.jpg,Excitement,Surprise,0.95,"The woman's wide eyes and open mouth indicate a sudden, unexpected reaction.","LABEL: Surprise
CONFIDENCE: 0.95
REASON: The woman's wide eyes and open mouth indicate a sudden, unexpected reaction."
mscoco/images/COCO_train2014_000000374553.jpg,Excitement,Excitement,0.85,"The catcher's dynamic pose and the runner's motion suggest a high-energy, pivotal moment in the baseball game.","LABEL: Excitement
CONFIDENCE: 0.85
REASON: The catcher's dynamic pose and the runner's motion suggest a high-energy, pivotal moment in the baseball game."
mscoco/images/COCO_train2014_000000112707.jpg,Excitement,Anticipation,0.85,"The batter is poised to swing, suggesting expectation of an upcoming pitch and action.","LABEL: Anticipation
CONFIDENCE: 0.85
REASON: The batter is poised to swing, suggesting expectation of an upcoming pitch and action."
mscoco/images/COCO_train2014_000000554665.jpg,Excitement,Excitement,0.85,"The skateboarder’s dynamic pose mid-trick suggests thrilling action and adrenaline, evoking excitement.","LABEL: Excitement
CONFIDENCE: 0.85
REASON: The skateboarder’s dynamic pose mid-trick suggests thrilling action and adrenaline, evoking excitement."
mscoco/images/COCO_train2014_000000246044.jpg,Excitement,Anticipation,0.85,"The player in orange is crouched low, focused intently on the frisbee, suggesting she is preparing to make a move or intercept, indicating anticipation of the next play.","LABEL: Anticipation
CONFIDENCE: 0.85
REASON: The player in orange is crouched low, focused intently on the frisbee, suggesting she is preparing to make a move or intercept, indicating anticipation of the next play."
mscoco/images/COCO_train2014_000000306913.jpg,Excitement,Disconnection,0.85,"The individuals are seated closely but appear emotionally detached, looking away or not engaging with each other.","LABEL: Disconnection
CONFIDENCE: 0.85
REASON: The individuals are seated closely but appear emotionally detached, looking away or not engaging with each other."
mscoco/images/COCO_train2014_000000179504.jpg,Excitement,Disapproval,0.85,The man’s stern facial expression and focused gaze suggest disapproval of something unseen.,"LABEL: Disapproval
CONFIDENCE: 0.85
REASON: The man’s stern facial expression and focused gaze suggest disapproval of something unseen."
mscoco/images/COCO_val2014_000000580613.jpg,Excitement,Happiness,0.95,"The woman is smiling broadly while riding a motorcycle in what appears to be a lively parade or event, conveying clear joy.","LABEL: Happiness
CONFIDENCE: 0.95
REASON: The woman is smiling broadly while riding a motorcycle in what appears to be a lively parade or event, conveying clear joy."
mscoco/images/COCO_train2014_000000032627.jpg,Excitement,Excitement,0.85,"The person is actively reaching for a flying frisbee in a park, showing engaged and energetic movement typical of excitement.","LABEL: Excitement
CONFIDENCE: 0.85
REASON: The person is actively reaching for a flying frisbee in a park, showing engaged and energetic movement typical of excitement."
mscoco/images/COCO_train2014_000000226378.jpg,Excitement,Happiness,0.85,"The man in the foreground is smiling while holding a controller, suggesting enjoyment during a game or activity with friends.","LABEL: Happiness
CONFIDENCE: 0.85
REASON: The man in the foreground is smiling while holding a controller, suggesting enjoyment during a game or activity with friends."
mscoco/images/COCO_train2014_000000328064.jpg,Excitement,Happiness,0.95,"The child on the left has a wide, joyful smile, clearly expressing happiness.","LABEL: Happiness
CONFIDENCE: 0.95
REASON: The child on the left has a wide, joyful smile, clearly expressing happiness."
mscoco/images/COCO_train2014_000000021983.jpg,Excitement,Excitement,0.85,"The player in yellow is actively running with the ball, showing intense focus and energy typical of excitement during a competitive game.","LABEL: Excitement
CONFIDENCE: 0.85
REASON: The player in yellow is actively running with the ball, showing intense focus and energy typical of excitement during a competitive game."
mscoco/images/COCO_train2014_000000201640.jpg,Excitement,Disapproval,0.85,The child's pursed lips and direct gaze suggest mild disapproval or dissatisfaction with something unseen.,"LABEL: Disapproval
CONFIDENCE: 0.85
REASON: The child's pursed lips and direct gaze suggest mild disapproval or dissatisfaction with something unseen."
mscoco/images/COCO_train2014_000000521218.jpg,Excitement,Anticipation,0.85,"The man is holding a pizza lid and standing near a prepared pizza, suggesting he is about to serve or eat it, creating anticipation for the meal.","LABEL: Anticipation
CONFIDENCE: 0.85
REASON: The man is holding a pizza lid and standing near a prepared pizza, suggesting he is about to serve or eat it, creating anticipation for the meal."
mscoco/images/COCO_train2014_000000406488.jpg,Excitement,Affection,0.85,"The man is gently touching the boy's head while walking across the street, suggesting a caring, affectionate gesture.","LABEL: Affection
CONFIDENCE: 0.85
REASON: The man is gently touching the boy's head while walking across the street, suggesting a caring, affectionate gesture."
mscoco/images/COCO_train2014_000000452500.jpg,Excitement,Happiness,0.85,The people in the image are smiling and appear to be enjoying their time on the snowy slopes.,"LABEL: Happiness
CONFIDENCE: 0.85
REASON: The people in the image are smiling and appear to be enjoying their time on the snowy slopes."
mscoco/images/COCO_train2014_000000289662.jpg,Excitement,Happiness,0.9,"Both the woman and the child are smiling while eating pizza, indicating enjoyment and contentment.","LABEL: Happiness
CONFIDENCE: 0.9
REASON: Both the woman and the child are smiling while eating pizza, indicating enjoyment and contentment."
mscoco/images/COCO_train2014_000000244835.jpg,Excitement,Engagement,0.85,"People are focused on their laptops in a workshop setting, indicating active participation and involvement.","LABEL: Engagement
CONFIDENCE: 0.85
REASON: People are focused on their laptops in a workshop setting, indicating active participation and involvement."
mscoco/images/COCO_train2014_000000510859.jpg,Excitement,Happiness,0.9,"The woman is smiling warmly while enjoying pastries in a cozy cafe setting, conveying contentment and joy.","LABEL: Happiness
CONFIDENCE: 0.9
REASON: The woman is smiling warmly while enjoying pastries in a cozy cafe setting, conveying contentment and joy."
emodb_small/images/e9b5cftu9bwcw29nnh.jpg,Excitement,Suffering,0.95,"The central figure is visibly distressed, crying and being supported, indicating deep emotional pain.","LABEL: Suffering
CONFIDENCE: 0.95
REASON: The central figure is visibly distressed, crying and being supported, indicating deep emotional pain."
mscoco/images/COCO_train2014_000000351749.jpg,Excitement,Anticipation,0.85,"The batter, catcher, and umpire are all focused intently on the incoming pitch, suggesting they are anticipating its outcome.","LABEL: Anticipation
CONFIDENCE: 0.85
REASON: The batter, catcher, and umpire are all focused intently on the incoming pitch, suggesting they are anticipating its outcome."
mscoco/images/COCO_train2014_000000538518.jpg,Excitement,Engagement,0.9,"Multiple people are actively participating in a video game, showing focused involvement.","LABEL: Engagement
CONFIDENCE: 0.9
REASON: Multiple people are actively participating in a video game, showing focused involvement."
framesdb/images/frame_27b7dm1sh1ildgcx.jpg,Excitement,Happiness,0.95,"The child is smiling broadly while sliding down a colorful inflatable slide, indicating clear enjoyment and happiness.","LABEL: Happiness
CONFIDENCE: 0.95
REASON: The child is smiling broadly while sliding down a colorful inflatable slide, indicating clear enjoyment and happiness."
mscoco/images/COCO_train2014_000000014653.jpg,Excitement,Engagement,0.85,"Two children are actively using laptops while lying in bed, showing focused attention and involvement with their devices.","LABEL: Engagement
CONFIDENCE: 0.85
REASON: Two children are actively using laptops while lying in bed, showing focused attention and involvement with their devices."
mscoco/images/COCO_train2014_000000250877.jpg,Excitement,Excitement,0.95,"The skier is performing an impressive aerial trick in front of spectators, conveying high energy and thrilling action.","LABEL: Excitement
CONFIDENCE: 0.95
REASON: The skier is performing an impressive aerial trick in front of spectators, conveying high energy and thrilling action."
framesdb/images/frame_4b7yta6mg9sm2x6n.jpg,Surprise,Happiness,0.95,The player's wide smile and celebratory pose indicate joy from a successful play.,"LABEL: Happiness
CONFIDENCE: 0.95
REASON: The player's wide smile and celebratory pose indicate joy from a successful play."
mscoco/images/COCO_train2014_000000480947.jpg,Surprise,Excitement,0.85,The players' active postures and focused expressions suggest energetic engagement in a competitive game.,"LABEL: Excitement
CONFIDENCE: 0.85
REASON: The players' active postures and focused expressions suggest energetic engagement in a competitive game."
mscoco/images/COCO_train2014_000000469667.jpg,Surprise,Disapproval,0.85,"The child's furrowed brow and direct, serious gaze suggest disapproval or displeasure with something unseen.","LABEL: Disapproval
CONFIDENCE: 0.85
REASON: The child's furrowed brow and direct, serious gaze suggest disapproval or displeasure with something unseen."
emodb_small/images/hh0dlplyw068ttct7q.jpg,Surprise,Disapproval,0.85,The woman’s stance and expression suggest she is disapproving of the intimate scene unfolding in front of her.,"LABEL: Disapproval
CONFIDENCE: 0.85
REASON: The woman’s stance and expression suggest she is disapproving of the intimate scene unfolding in front of her."
emodb_small/images/hh0dlplyw068ttct7q.jpg,Surprise,Disapproval,0.85,The woman’s stance and expression suggest she is disapproving of the intimate scene unfolding in front of her.,"LABEL: Disapproval
CONFIDENCE: 0.85
REASON: The woman’s stance and expression suggest she is disapproving of the intimate scene unfolding in front of her."
emodb_small/images/hh0dlplyw068ttct7q.jpg,Surprise,Disapproval,0.85,The woman in the doorway appears visibly upset and disapproving of the intimate scene unfolding in the bedroom.,"LABEL: Disapproval
CONFIDENCE: 0.85
REASON: The woman in the doorway appears visibly upset and disapproving of the intimate scene unfolding in the bedroom."
framesdb/images/frame_74lkcx21hyahy01y.jpg,Surprise,Disapproval,0.95,The player's facial expression and body language show clear disapproval of the referee's yellow card decision.,"LABEL: Disapproval
CONFIDENCE: 0.95
REASON: The player's facial expression and body language show clear disapproval of the referee's yellow card decision."
mscoco/images/COCO_train2014_000000122250.jpg,Surprise,Anticipation,0.8,"The baby's wide-eyed, focused expression suggests curiosity and expectation about the food in front of them.","LABEL: Anticipation
CONFIDENCE: 0.8
REASON: The baby's wide-eyed, focused expression suggests curiosity and expectation about the food in front of them."
emodb_small/images/c6gt3ckhh65l3ibaha.jpg,Surprise,Fatigue,0.9,The woman's posture and expression suggest exhaustion from dealing with paperwork.,"LABEL: Fatigue
CONFIDENCE: 0.9
REASON: The woman's posture and expression suggest exhaustion from dealing with paperwork."
framesdb/images/frame_0jitkh35z3x11rxv.jpg,Surprise,Anticipation,0.85,"The pitcher is in a ready stance, and the runner is sliding, creating a moment of suspense for the outcome of the play.","LABEL: Anticipation
CONFIDENCE: 0.85
REASON: The pitcher is in a ready stance, and the runner is sliding, creating a moment of suspense for the outcome of the play."
framesdb/images/frame_fiex8y8ohfcn1odt.jpg,Surprise,Surprise,0.85,"The woman in the blue dress has a wide-eyed, open-mouthed expression typical of surprise.","LABEL: Surprise
CONFIDENCE: 0.85
REASON: The woman in the blue dress has a wide-eyed, open-mouthed expression typical of surprise."
framesdb/images/frame_fiex8y8ohfcn1odt.jpg,Surprise,Surprise,0.9,"The woman in the blue dress has a wide-eyed, open-mouthed expression, indicating surprise.","LABEL: Surprise
CONFIDENCE: 0.9
REASON: The woman in the blue dress has a wide-eyed, open-mouthed expression, indicating surprise."
mscoco/images/COCO_train2014_000000513124.jpg,Surprise,Anticipation,0.85,"The pitcher is mid-throw, suggesting the moment before the ball reaches the batter, creating anticipation for the outcome.","LABEL: Anticipation
CONFIDENCE: 0.85
REASON: The pitcher is mid-throw, suggesting the moment before the ball reaches the batter, creating anticipation for the outcome."
mscoco/images/COCO_val2014_000000106113.jpg,Surprise,Happiness,0.85,"The family is gathered at an outdoor restaurant, smiling and enjoying a meal together, which suggests a happy, relaxed atmosphere.","LABEL: Happiness
CONFIDENCE: 0.85
REASON: The family is gathered at an outdoor restaurant, smiling and enjoying a meal together, which suggests a happy, relaxed atmosphere."
emodb_small/images/4jdr4joweoi5dedxky.jpg,Surprise,Disapproval,0.85,The woman’s stern facial expression and direct gaze suggest disapproval of what the man is saying or doing.,"LABEL: Disapproval
CONFIDENCE: 0.85
REASON: The woman’s stern facial expression and direct gaze suggest disapproval of what the man is saying or doing."
emodb_small/images/8u356oxk5s7sgj1hvf.jpg,Surprise,Fatigue,0.95,"The woman is asleep at her desk, indicating exhaustion from work or prolonged activity.","LABEL: Fatigue
CONFIDENCE: 0.95
REASON: The woman is asleep at her desk, indicating exhaustion from work or prolonged activity."
mscoco/images/COCO_val2014_000000269098.jpg,Surprise,Fatigue,0.95,"The person is slumped over with their head down, suggesting exhaustion or tiredness.","LABEL: Fatigue
CONFIDENCE: 0.95
REASON: The person is slumped over with their head down, suggesting exhaustion or tiredness."
framesdb/images/frame_3j8fpei7ais7ioo3.jpg,Surprise,Engagement,0.85,"People are actively viewing and learning about fish in an aquarium, indicating focused interest and involvement.","LABEL: Engagement
CONFIDENCE: 0.85
REASON: People are actively viewing and learning about fish in an aquarium, indicating focused interest and involvement."
emodb_small/images/dkcdoniucgma3ljau4.jpg,Surprise,Fatigue,0.95,"The person is curled up on a couch with their hand over their face, suggesting exhaustion or tiredness.","LABEL: Fatigue
CONFIDENCE: 0.95
REASON: The person is curled up on a couch with their hand over their face, suggesting exhaustion or tiredness."
mscoco/images/COCO_val2014_000000055528.jpg,Surprise,Happiness,0.85,"The person is smiling while holding a pen and paper bag, suggesting enjoyment or satisfaction.","LABEL: Happiness
CONFIDENCE: 0.85
REASON: The person is smiling while holding a pen and paper bag, suggesting enjoyment or satisfaction."
mscoco/images/COCO_train2014_000000002372.jpg,Surprise,Disapproval,0.85,His stern facial expression and focused gaze suggest disapproval of something he's hearing or seeing.,"LABEL: Disapproval
CONFIDENCE: 0.85
REASON: His stern facial expression and focused gaze suggest disapproval of something he's hearing or seeing."
mscoco/images/COCO_train2014_000000031794.jpg,Surprise,Anticipation,0.8,"The snowboarder is preparing to descend, suggesting readiness for an upcoming activity.","LABEL: Anticipation
CONFIDENCE: 0.8
REASON: The snowboarder is preparing to descend, suggesting readiness for an upcoming activity."
mscoco/images/COCO_train2014_000000052897.jpg,Surprise,Disconnection,0.85,"The two tennis players are walking away from the net without interacting, suggesting emotional or physical separation from each other or the game.","LABEL: Disconnection
CONFIDENCE: 0.85
REASON: The two tennis players are walking away from the net without interacting, suggesting emotional or physical separation from each other or the game."
emodb_small/images/h7vpzemgea4y12fi5q.jpg,Surprise,Disapproval,0.85,"The woman outside the shower appears visibly upset and disgusted by what she sees, indicating disapproval.","LABEL: Disapproval
CONFIDENCE: 0.85
REASON: The woman outside the shower appears visibly upset and disgusted by what she sees, indicating disapproval."
emodb_small/images/h7vpzemgea4y12fi5q.jpg,Surprise,Disapproval,0.85,"The woman outside the shower appears visibly upset and disgusted by what she sees, indicating disapproval.","LABEL: Disapproval
CONFIDENCE: 0.85
REASON: The woman outside the shower appears visibly upset and disgusted by what she sees, indicating disapproval."
framesdb/images/frame_chiiybhtwodylpwy.jpg,Surprise,Happiness,0.85,"People are enjoying a sunny day at the pool, smiling and socializing, indicating a happy atmosphere.","LABEL: Happiness
CONFIDENCE: 0.85
REASON: People are enjoying a sunny day at the pool, smiling and socializing, indicating a happy atmosphere."
emodb_small/images/am9j3t9a22e5jzjfp2.jpg,Surprise,Disapproval,0.85,"Many people in the audience appear bored or annoyed, suggesting they disapprove of the movie.","LABEL: Disapproval
CONFIDENCE: 0.85
REASON: Many people in the audience appear bored or annoyed, suggesting they disapprove of the movie."
framesdb/images/frame_14iknyfwkaiybiqi.jpg,Surprise,Engagement,0.95,"Two pilots are actively focused on flying the plane and reviewing documents, showing high involvement in their task.","LABEL: Engagement
CONFIDENCE: 0.95
REASON: Two pilots are actively focused on flying the plane and reviewing documents, showing high involvement in their task."
mscoco/images/COCO_val2014_000000146120.jpg,Surprise,Happiness,0.95,Both the woman and child are smiling and appear to be enjoying their picnic in the park.,"LABEL: Happiness
CONFIDENCE: 0.95
REASON: Both the woman and child are smiling and appear to be enjoying their picnic in the park."
framesdb/images/frame_cbfyiwge4be9on3e.jpg,Surprise,Happiness,0.95,"The family is smiling and interacting joyfully with the tiger, conveying clear happiness.","LABEL: Happiness
CONFIDENCE: 0.95
REASON: The family is smiling and interacting joyfully with the tiger, conveying clear happiness."
framesdb/images/frame_59d8sov4rs6g2xp4.jpg,Surprise,Disconnection,0.85,"The scene depicts individuals in a locker room, each absorbed in their own activities, showing little to no interaction or emotional connection with others.","LABEL: Disconnection
CONFIDENCE: 0.85
REASON: The scene depicts individuals in a locker room, each absorbed in their own activities, showing little to no interaction or emotional connection with others."
emodb_small/images/eyd27i8afqr4hfed0w.jpg,Surprise,Excitement,0.95,The crowd's intense expressions and raised arms indicate high-energy enthusiasm typical of excitement.,"LABEL: Excitement
CONFIDENCE: 0.95
REASON: The crowd's intense expressions and raised arms indicate high-energy enthusiasm typical of excitement."
mscoco/images/COCO_train2014_000000029582.jpg,Surprise,Happiness,0.85,"People are smiling while riding horses in a scenic outdoor setting, suggesting enjoyment and contentment.","LABEL: Happiness
CONFIDENCE: 0.85
REASON: People are smiling while riding horses in a scenic outdoor setting, suggesting enjoyment and contentment."
mscoco/images/COCO_train2014_000000034100.jpg,Surprise,Anticipation,0.85,The group’s focused expressions and held game controllers suggest they are eagerly awaiting the next move in a game.,"LABEL: Anticipation
CONFIDENCE: 0.85
REASON: The group’s focused expressions and held game controllers suggest they are eagerly awaiting the next move in a game."
emodb_small/images/hijg5oi27a7glihvq6.jpg,Surprise,Surprise,0.95,"Both women have wide eyes and open mouths, indicating a strong reaction to something unexpected on the phone.","LABEL: Surprise
CONFIDENCE: 0.95
REASON: Both women have wide eyes and open mouths, indicating a strong reaction to something unexpected on the phone."
emodb_small/images/hijg5oi27a7glihvq6.jpg,Surprise,Surprise,0.95,"Both women have wide eyes and open mouths, indicating a strong reaction to something unexpected on the phone.","LABEL: Surprise
CONFIDENCE: 0.95
REASON: Both women have wide eyes and open mouths, indicating a strong reaction to something unexpected on the phone."
mscoco/images/COCO_val2014_000000222512.jpg,Surprise,Affection,0.95,"The woman is holding the baby close and smiling gently, indicating warmth and care.","LABEL: Affection
CONFIDENCE: 0.95
REASON: The woman is holding the baby close and smiling gently, indicating warmth and care."
mscoco/images/COCO_train2014_000000283303.jpg,Surprise,Engagement,0.85,"The person is actively focused on creating graffiti, showing deep involvement in their task.","LABEL: Engagement
CONFIDENCE: 0.85
REASON: The person is actively focused on creating graffiti, showing deep involvement in their task."
emodb_small/images/ebpsbjqzfhd7efh00i.jpg,Sympathy,Sadness,0.95,"The children are visibly crying and the woman has a distressed expression, indicating strong sadness.","LABEL: Sadness
CONFIDENCE: 0.95
REASON: The children are visibly crying and the woman has a distressed expression, indicating strong sadness."
framesdb/images/frame_belw7xz1lwepxcyq.jpg,Sympathy,Sadness,0.95,"The image depicts a funeral procession with pallbearers carrying a casket, which strongly suggests mourning and sadness.","LABEL: Sadness
CONFIDENCE: 0.95
REASON: The image depicts a funeral procession with pallbearers carrying a casket, which strongly suggests mourning and sadness."
framesdb/images/frame_4tdwa014fryeivdi.jpg,Sympathy,Happiness,0.95,"The flight attendants are smiling warmly, conveying a cheerful and welcoming mood.","LABEL: Happiness
CONFIDENCE: 0.95
REASON: The flight attendants are smiling warmly, conveying a cheerful and welcoming mood."
mscoco/images/COCO_train2014_000000423834.jpg,Sympathy,Happiness,0.85,The person’s upward gaze and relaxed posture suggest enjoyment of the moment and surroundings.,"LABEL: Happiness
CONFIDENCE: 0.85
REASON: The person’s upward gaze and relaxed posture suggest enjoyment of the moment and surroundings."
mscoco/images/COCO_train2014_000000031590.jpg,Sympathy,Happiness,0.9,"The man is smiling and exchanging flowers in a celebratory outdoor setting, suggesting joy.","LABEL: Happiness
CONFIDENCE: 0.9
REASON: The man is smiling and exchanging flowers in a celebratory outdoor setting, suggesting joy."
mscoco/images/COCO_train2014_000000011690.jpg,Sympathy,Anticipation,0.8,"The rider is stopped at an intersection, likely waiting to proceed, showing readiness for the next action.","LABEL: Anticipation
CONFIDENCE: 0.8
REASON: The rider is stopped at an intersection, likely waiting to proceed, showing readiness for the next action."
mscoco/images/COCO_val2014_000000558294.jpg,Sympathy,Happiness,0.85,The group of friends posing with surfboards on a sunny beach suggests enjoyment and positive emotion.,"LABEL: Happiness
CONFIDENCE: 0.85
REASON: The group of friends posing with surfboards on a sunny beach suggests enjoyment and positive emotion."
framesdb/images/frame_77qu28arixwblan1.jpg,Sympathy,Happiness,0.85,The smiling passengers appear pleased and content during the flight service.,"LABEL: Happiness
CONFIDENCE: 0.85
REASON: The smiling passengers appear pleased and content during the flight service."
emodb_small/images/dnz8r16rduh2vxoigq.jpg,Sympathy,Fear,0.95,The man's facial expression and body language strongly indicate he is experiencing fear or severe distress.,"LABEL: Fear
CONFIDENCE: 0.95
REASON: The man's facial expression and body language strongly indicate he is experiencing fear or severe distress."
mscoco/images/COCO_train2014_000000443084.jpg,Sympathy,Happiness,0.9,"The man is smiling broadly while pouring a drink, suggesting joy or amusement in the moment.","LABEL: Happiness
CONFIDENCE: 0.9
REASON: The man is smiling broadly while pouring a drink, suggesting joy or amusement in the moment."
framesdb/images/frame_bdmxcn549kxpgyuz.jpg,Sympathy,Happiness,0.95,"Multiple guests are smiling and laughing, indicating joyous moments at a celebration.","LABEL: Happiness
CONFIDENCE: 0.95
REASON: Multiple guests are smiling and laughing, indicating joyous moments at a celebration."
framesdb/images/frame_8ltmp4v74tu3grzd.jpg,Sympathy,Happiness,0.95,"The couple is smiling warmly while interacting with the doctor, indicating positive emotions.","LABEL: Happiness
CONFIDENCE: 0.95
REASON: The couple is smiling warmly while interacting with the doctor, indicating positive emotions."
mscoco/images/COCO_train2014_000000317349.jpg,Sympathy,Disconnection,0.9,"The two individuals are physically close but engaged in separate phone conversations, suggesting emotional or social disconnection.","LABEL: Disconnection
CONFIDENCE: 0.9
REASON: The two individuals are physically close but engaged in separate phone conversations, suggesting emotional or social disconnection."
emodb_small/images/e6boj6smji3dnyouuj.jpg,Sympathy,Sadness,0.95,"The man is visibly crying with tears streaming down his face, indicating deep sadness.","LABEL: Sadness
CONFIDENCE: 0.95
REASON: The man is visibly crying with tears streaming down his face, indicating deep sadness."
mscoco/images/COCO_val2014_000000118966.jpg,Sympathy,Happiness,0.95,Both individuals are smiling broadly and appear relaxed and joyful in a casual setting.,"LABEL: Happiness
CONFIDENCE: 0.95
REASON: Both individuals are smiling broadly and appear relaxed and joyful in a casual setting."
mscoco/images/COCO_val2014_000000262353.jpg,Sympathy,Happiness,0.85,"The woman at the table is smiling broadly and appears to be enjoying herself, suggesting happiness in a social setting.","LABEL: Happiness
CONFIDENCE: 0.85
REASON: The woman at the table is smiling broadly and appears to be enjoying herself, suggesting happiness in a social setting."
framesdb/images/frame_b3kr0jo6wpi3h6q9.jpg,Sympathy,Happiness,0.95,The children are smiling and appear engaged in a positive activity with an adult.,"LABEL: Happiness
CONFIDENCE: 0.95
REASON: The children are smiling and appear engaged in a positive activity with an adult."
framesdb/images/frame_4nflflpt92cq1v77.jpg,Sympathy,Confidence,0.85,"The text mentions the situation is stable but internal injuries still need investigation, indicating ongoing worry.","LABEL: Concern
CONFIDENCE: 0.85
REASON: The text mentions the situation is stable but internal injuries still need investigation, indicating ongoing worry."
mscoco/images/COCO_val2014_000000541924.jpg,Sympathy,Disconnection,0.85,"The black-and-white palette isolates the red coat, creating visual separation from the surroundings and suggesting emotional or social detachment.","LABEL: Disconnection
CONFIDENCE: 0.85
REASON: The black-and-white palette isolates the red coat, creating visual separation from the surroundings and suggesting emotional or social detachment."
mscoco/images/COCO_train2014_000000366048.jpg,Sympathy,Disapproval,0.85,"The bus inspector is pointing at the driver, suggesting a reprimand or enforcement of rules, indicating disapproval.","LABEL: Disapproval
CONFIDENCE: 0.85
REASON: The bus inspector is pointing at the driver, suggesting a reprimand or enforcement of rules, indicating disapproval."
mscoco/images/COCO_train2014_000000441461.jpg,Sympathy,Happiness,0.85,"People are laughing and enjoying a messy cake event, indicating joy.","LABEL: Happiness
CONFIDENCE: 0.85
REASON: People are laughing and enjoying a messy cake event, indicating joy."
emodb_small/images/e9b5cftu9bwcw29nnh.jpg,Sympathy,Sadness,0.95,"The central figure is visibly crying and being supported, indicating deep sorrow.","LABEL: Sadness
CONFIDENCE: 0.95
REASON: The central figure is visibly crying and being supported, indicating deep sorrow."
emodb_small/images/e9b5cftu9bwcw29nnh.jpg,Sympathy,Sadness,0.95,"The central figure is visibly crying and being supported, indicating deep sorrow.","LABEL: Sadness
CONFIDENCE: 0.95
REASON: The central figure is visibly crying and being supported, indicating deep sorrow."
emodb_small/images/2ldklkk137ks9aufpe.jpg,Sympathy,Affection,0.95,"The couple is shown kissing their dog, indicating strong affection towards their pet.","LABEL: Affection
CONFIDENCE: 0.95
REASON: The couple is shown kissing their dog, indicating strong affection towards their pet."
mscoco/images/COCO_val2014_000000243482.jpg,Sympathy,Disconnection,0.8,"People at the table appear distracted or disengaged from each other, with some looking away or not interacting.","LABEL: Disconnection
CONFIDENCE: 0.8
REASON: People at the table appear distracted or disengaged from each other, with some looking away or not interacting."
mscoco/images/COCO_val2014_000000497002.jpg,Sympathy,Engagement,0.9,"The two people are focused on the phone and each other, indicating active involvement in a shared moment.","LABEL: Engagement
CONFIDENCE: 0.9
REASON: The two people are focused on the phone and each other, indicating active involvement in a shared moment."
emodb_small/images/es1e330nznobcurs4z.jpg,Sympathy,Suffering,0.95,The person's facial expression and body language show intense distress and pain.,"LABEL: Suffering
CONFIDENCE: 0.95
REASON: The person's facial expression and body language show intense distress and pain."
emodb_small/images/es1e330nznobcurs4z.jpg,Sympathy,Suffering,0.95,The person's facial expression and body language strongly indicate intense physical or emotional pain.,"LABEL: Suffering
CONFIDENCE: 0.95
REASON: The person's facial expression and body language strongly indicate intense physical or emotional pain."
mscoco/images/COCO_train2014_000000144620.jpg,Sympathy,Affection,0.9,"The couple is sitting closely on a bench labeled ""LOVE STORY,"" suggesting intimacy and emotional connection.","LABEL: Affection
CONFIDENCE: 0.9
REASON: The couple is sitting closely on a bench labeled ""LOVE STORY,"" suggesting intimacy and emotional connection."
framesdb/images/frame_aniupzjqv88h989h.jpg,Sympathy,Disapproval,0.8,"The woman in the green shirt is gesturing dismissively while looking away from the group, suggesting disapproval of the situation or people around her.","LABEL: Disapproval
CONFIDENCE: 0.8
REASON: The woman in the green shirt is gesturing dismissively while looking away from the group, suggesting disapproval of the situation or people around her."
emodb_small/images/7lj5yqy3a3keo5ptlj.jpg,Sympathy,Fatigue,0.95,"The person is sleeping in a chair, which strongly suggests tiredness or exhaustion.","LABEL: Fatigue
CONFIDENCE: 0.95
REASON: The person is sleeping in a chair, which strongly suggests tiredness or exhaustion."
emodb_small/images/eyd27i8afqr4hfed0w.jpg,Sympathy,Excitement,0.95,The crowd's intense expressions and raised arms suggest high-energy enthusiasm typical of excitement.,"LABEL: Excitement
CONFIDENCE: 0.95
REASON: The crowd's intense expressions and raised arms suggest high-energy enthusiasm typical of excitement."
mscoco/images/COCO_val2014_000000179141.jpg,Sympathy,Happiness,0.95,"The group is smiling and gathered closely around a pizza, conveying joy and shared enjoyment.","LABEL: Happiness
CONFIDENCE: 0.95
REASON: The group is smiling and gathered closely around a pizza, conveying joy and shared enjoyment."
mscoco/images/COCO_val2014_000000190372.jpg,Sympathy,Happiness,0.95,"The family is smiling and appears to be enjoying a meal together, conveying a joyful atmosphere.","LABEL: Happiness
CONFIDENCE: 0.95
REASON: The family is smiling and appears to be enjoying a meal together, conveying a joyful atmosphere."
mscoco/images/COCO_train2014_000000464415.jpg,Sympathy,Happiness,0.9,"The man in the center is smiling broadly while holding a check, suggesting joy or satisfaction.","LABEL: Happiness
CONFIDENCE: 0.9
REASON: The man in the center is smiling broadly while holding a check, suggesting joy or satisfaction."
mscoco/images/COCO_train2014_000000134893.jpg,Sympathy,Happiness,0.85,"People in ski outfits at a resort suggest enjoyment and leisure, indicating happiness.","LABEL: Happiness
CONFIDENCE: 0.85
REASON: People in ski outfits at a resort suggest enjoyment and leisure, indicating happiness."
emodb_small/images/a70o0l552iqxerys7g.jpg,Sympathy,Sadness,0.95,"The man is visibly crying and wiping his tears, indicating emotional distress consistent with sadness.","LABEL: Sadness
CONFIDENCE: 0.95
REASON: The man is visibly crying and wiping his tears, indicating emotional distress consistent with sadness."
mscoco/images/COCO_val2014_000000180521.jpg,Sympathy,Happiness,0.95,"The woman is smiling broadly with her teeth showing, indicating clear happiness.","LABEL: Happiness
CONFIDENCE: 0.95
REASON: The woman is smiling broadly with her teeth showing, indicating clear happiness."
mscoco/images/COCO_val2014_000000562243.jpg,Doubt/Confusion,Disapproval,0.85,His downward gaze and stern expression suggest disapproval or dissatisfaction.,"LABEL: Disapproval
CONFIDENCE: 0.85
REASON: His downward gaze and stern expression suggest disapproval or dissatisfaction."
emodb_small/images/78tk87458zwsmxaoi7.jpg,Doubt/Confusion,Fatigue,0.95,"The person is overwhelmed by books and holding their head, indicating exhaustion from studying.","LABEL: Fatigue
CONFIDENCE: 0.95
REASON: The person is overwhelmed by books and holding their head, indicating exhaustion from studying."
framesdb/images/frame_hdepjixs67t3l4zo.jpg,Doubt/Confusion,Happiness,0.95,"The women are smiling broadly and posing cheerfully in festive attire, suggesting joyous celebration.","LABEL: Happiness
CONFIDENCE: 0.95
REASON: The women are smiling broadly and posing cheerfully in festive attire, suggesting joyous celebration."
mscoco/images/COCO_train2014_000000002842.jpg,Doubt/Confusion,Sympathy,0.8,The man's gesture and expression suggest he is offering comfort or support to the woman.,"LABEL: Sympathy
CONFIDENCE: 0.8
REASON: The man's gesture and expression suggest he is offering comfort or support to the woman."
emodb_small/images/85e4yd4bqerachtx4a.jpg,Doubt/Confusion,Fatigue,0.9,"All three individuals show signs of tiredness, such as rubbing their eyes or resting their heads on their hands while working.","LABEL: Fatigue
CONFIDENCE: 0.9
REASON: All three individuals show signs of tiredness, such as rubbing their eyes or resting their heads on their hands while working."
mscoco/images/COCO_train2014_000000206801.jpg,Doubt/Confusion,Disquietment,0.85,The person's wide eyes and slightly open mouth suggest unease or apprehension.,"LABEL: Disquietment
CONFIDENCE: 0.85
REASON: The person's wide eyes and slightly open mouth suggest unease or apprehension."
mscoco/images/COCO_train2014_000000104888.jpg,Doubt/Confusion,Sadness,0.9,"The child's downturned mouth and wide, melancholic eyes convey clear sadness.","LABEL: Sadness
CONFIDENCE: 0.9
REASON: The child's downturned mouth and wide, melancholic eyes convey clear sadness."
mscoco/images/COCO_train2014_000000183538.jpg,Doubt/Confusion,Disconnection,0.85,"The man appears isolated and absorbed in his laptop, showing emotional detachment from his surroundings.","LABEL: Disconnection
CONFIDENCE: 0.85
REASON: The man appears isolated and absorbed in his laptop, showing emotional detachment from his surroundings."
mscoco/images/COCO_val2014_000000259497.jpg,Doubt/Confusion,Disconnection,0.8,"The two women are physically present but appear emotionally distant, with one focused on the controller and the other looking away, suggesting a lack of connection.","LABEL: Disconnection
CONFIDENCE: 0.8
REASON: The two women are physically present but appear emotionally distant, with one focused on the controller and the other looking away, suggesting a lack of connection."
mscoco/images/COCO_val2014_000000511066.jpg,Doubt/Confusion,Happiness,0.85,"The woman is smiling and laughing while standing in a relaxed pose, suggesting joy or amusement.","LABEL: Happiness
CONFIDENCE: 0.85
REASON: The woman is smiling and laughing while standing in a relaxed pose, suggesting joy or amusement."
framesdb/images/frame_5zvm7jv460br8d5g.jpg,Doubt/Confusion,Anticipation,0.85,"The man looking upward with arms crossed appears to be waiting for something, suggesting anticipation.","LABEL: Anticipation
CONFIDENCE: 0.85
REASON: The man looking upward with arms crossed appears to be waiting for something, suggesting anticipation."
mscoco/images/COCO_val2014_000000102517.jpg,Doubt/Confusion,Disapproval,0.85,The man's furrowed brow and downturned mouth convey a clear expression of disapproval.,"LABEL: Disapproval
CONFIDENCE: 0.85
REASON: The man's furrowed brow and downturned mouth convey a clear expression of disapproval."
emodb_small/images/68ywy6tv3qzjmyl3ip.jpg,Doubt/Confusion,Disquietment,0.9,"The woman's stressed expression and holding her head suggest discomfort or unease, fitting Disquietment.","LABEL: Disquietment
CONFIDENCE: 0.9
REASON: The woman's stressed expression and holding her head suggest discomfort or unease, fitting Disquietment."
emodb_small/images/awm6wf1u8hehkvpl9r.jpg,Doubt/Confusion,Doubt/Confusion,0.9,"The person is standing at a fork in the road, looking uncertain about which path to take, indicating indecision and confusion.","LABEL: Doubt/Confusion
CONFIDENCE: 0.9
REASON: The person is standing at a fork in the road, looking uncertain about which path to take, indicating indecision and confusion."
ade20k/images/sun_avvemgvxatrpclie.jpg,Doubt/Confusion,Disapproval,0.85,"The man in the suit appears to be looking down and away, suggesting disapproval or discomfort with the situation or person across the table.","LABEL: Disapproval
CONFIDENCE: 0.85
REASON: The man in the suit appears to be looking down and away, suggesting disapproval or discomfort with the situation or person across the table."
mscoco/images/COCO_train2014_000000077012.jpg,Doubt/Confusion,Disapproval,0.85,"The woman's furrowed brow and direct, unsmiling gaze toward the man suggest disapproval of his actions or presence.","LABEL: Disapproval
CONFIDENCE: 0.85
REASON: The woman's furrowed brow and direct, unsmiling gaze toward the man suggest disapproval of his actions or presence."
mscoco/images/COCO_val2014_000000247317.jpg,Doubt/Confusion,Disconnection,0.8,"The woman on the left appears detached, with her hands clasped and eyes closed, not engaging with her surroundings or the other person.","LABEL: Disconnection
CONFIDENCE: 0.8
REASON: The woman on the left appears detached, with her hands clasped and eyes closed, not engaging with her surroundings or the other person."
ade20k/images/sun_bcqhfikrglmxqdqc.jpg,Doubt/Confusion,Peace,0.85,"The scene depicts people calmly eating in a quiet, communal dining setting, suggesting a tranquil and undisturbed atmosphere.","LABEL: Peace
CONFIDENCE: 0.85
REASON: The scene depicts people calmly eating in a quiet, communal dining setting, suggesting a tranquil and undisturbed atmosphere."
mscoco/images/COCO_val2014_000000479808.jpg,Doubt/Confusion,Disapproval,0.85,The man's crossed arms and the woman's stern expression suggest mutual disapproval or disagreement.,"LABEL: Disapproval
CONFIDENCE: 0.85
REASON: The man's crossed arms and the woman's stern expression suggest mutual disapproval or disagreement."
mscoco/images/COCO_train2014_000000570738.jpg,Doubt/Confusion,Confidence,0.85,"The batter's head is down and shoulders slumped, suggesting he is dejected after a missed opportunity.","LABEL: Disappointment
CONFIDENCE: 0.85
REASON: The batter's head is down and shoulders slumped, suggesting he is dejected after a missed opportunity."
emodb_small/images/8envv4lus044d68bse.jpg,Doubt/Confusion,Disconnection,0.85,The man’s stressed posture and distant gaze suggest emotional detachment from his task or environment.,"LABEL: Disconnection
CONFIDENCE: 0.85
REASON: The man’s stressed posture and distant gaze suggest emotional detachment from his task or environment."
framesdb/images/frame_7src19u0l6oz4fv2.jpg,Doubt/Confusion,Anticipation,0.85,"The crowd is gathered intently watching the golfers, suggesting they are waiting for a crucial moment to unfold.","LABEL: Anticipation
CONFIDENCE: 0.85
REASON: The crowd is gathered intently watching the golfers, suggesting they are waiting for a crucial moment to unfold."
mscoco/images/COCO_train2014_000000050161.jpg,Doubt/Confusion,Disconnection,0.85,The man in the foreground appears isolated and detached from his surroundings despite being in a busy urban environment.,"LABEL: Disconnection
CONFIDENCE: 0.85
REASON: The man in the foreground appears isolated and detached from his surroundings despite being in a busy urban environment."
mscoco/images/COCO_val2014_000000488086.jpg,Doubt/Confusion,Fatigue,0.9,The man sitting on the floor with his head down and laptop suggests exhaustion or tiredness.,"LABEL: Fatigue
CONFIDENCE: 0.9
REASON: The man sitting on the floor with his head down and laptop suggests exhaustion or tiredness."
mscoco/images/COCO_train2014_000000575133.jpg,Doubt/Confusion,Sadness,0.85,Her posture and downward gaze convey emotional distress typical of sadness.,"LABEL: Sadness
CONFIDENCE: 0.85
REASON: Her posture and downward gaze convey emotional distress typical of sadness."
framesdb/images/frame_h7mbqmbmbdrl7hwp.jpg,Doubt/Confusion,Anticipation,0.95,"People are lined up outside a theater with a poster for Les Misérables, suggesting they are eagerly waiting to buy tickets and see the show.","LABEL: Anticipation
CONFIDENCE: 0.95
REASON: People are lined up outside a theater with a poster for Les Misérables, suggesting they are eagerly waiting to buy tickets and see the show."
framesdb/images/frame_h7mbqmbmbdrl7hwp.jpg,Doubt/Confusion,Anticipation,0.9,"People are lined up outside a theater with a ""Les Misérables"" poster, suggesting they are eagerly waiting to buy tickets for an upcoming show.","LABEL: Anticipation
CONFIDENCE: 0.9
REASON: People are lined up outside a theater with a ""Les Misérables"" poster, suggesting they are eagerly waiting to buy tickets for an upcoming show."
mscoco/images/COCO_train2014_000000552895.jpg,Doubt/Confusion,Anticipation,0.85,"The person is at a subway station with luggage, suggesting they are waiting to travel somewhere, which implies anticipation of a journey.","LABEL: Anticipation
CONFIDENCE: 0.85
REASON: The person is at a subway station with luggage, suggesting they are waiting to travel somewhere, which implies anticipation of a journey."
mscoco/images/COCO_train2014_000000144388.jpg,Doubt/Confusion,Happiness,0.9,"The woman in the center is smiling broadly while eating, and the overall scene depicts people enjoying a relaxed meal outdoors.","LABEL: Happiness
CONFIDENCE: 0.9
REASON: The woman in the center is smiling broadly while eating, and the overall scene depicts people enjoying a relaxed meal outdoors."
framesdb/images/frame_cypxzomjoyjmel85.jpg,Doubt/Confusion,Disconnection,0.85,The child’s solitary posture beside praying adults suggests emotional or social distance from the group activity.,"LABEL: Disconnection
CONFIDENCE: 0.85
REASON: The child’s solitary posture beside praying adults suggests emotional or social distance from the group activity."
framesdb/images/frame_i1b36c5f7mf4oqnm.jpg,Doubt/Confusion,Engagement,0.95,"Children are actively practicing martial arts with focused posture and movement, indicating deep involvement in the activity.","LABEL: Engagement
CONFIDENCE: 0.95
REASON: Children are actively practicing martial arts with focused posture and movement, indicating deep involvement in the activity."
emodb_small/images/6ru9myoiseatt9m1g2.jpg,Doubt/Confusion,Disconnection,0.85,The man's downward gaze and hand on his head suggest he is mentally withdrawn or disconnected from his surroundings.,"LABEL: Disconnection
CONFIDENCE: 0.85
REASON: The man's downward gaze and hand on his head suggest he is mentally withdrawn or disconnected from his surroundings."
mscoco/images/COCO_train2014_000000543201.jpg,Doubt/Confusion,Disapproval,0.85,The child's furrowed brow and downturned mouth suggest disapproval or dissatisfaction with something unseen.,"LABEL: Disapproval
CONFIDENCE: 0.85
REASON: The child's furrowed brow and downturned mouth suggest disapproval or dissatisfaction with something unseen."
mscoco/images/COCO_train2014_000000027307.jpg,Doubt/Confusion,Anticipation,0.85,"The baseball player in the foreground is mid-motion, suggesting he's preparing to throw or swing, creating a sense of pending action.","LABEL: Anticipation
CONFIDENCE: 0.85
REASON: The baseball player in the foreground is mid-motion, suggesting he's preparing to throw or swing, creating a sense of pending action."
framesdb/images/frame_h5s6co5aguuad887.jpg,Doubt/Confusion,Happiness,0.8,"The bright, bustling shopping mall environment with people walking and smiling suggests a positive, joyful atmosphere.","LABEL: Happiness
CONFIDENCE: 0.8
REASON: The bright, bustling shopping mall environment with people walking and smiling suggests a positive, joyful atmosphere."
mscoco/images/COCO_train2014_000000488138.jpg,Doubt/Confusion,Sadness,0.95,"The person's posture, downward gaze, and holding a teddy bear suggest emotional distress or sorrow.","LABEL: Sadness
CONFIDENCE: 0.95
REASON: The person's posture, downward gaze, and holding a teddy bear suggest emotional distress or sorrow."
mscoco/images/COCO_train2014_000000197503.jpg,Doubt/Confusion,Anticipation,0.85,"The children are focused on the game and holding controllers, suggesting they are eagerly waiting for the next move or outcome.","LABEL: Anticipation
CONFIDENCE: 0.85
REASON: The children are focused on the game and holding controllers, suggesting they are eagerly waiting for the next move or outcome."
mscoco/images/COCO_train2014_000000569889.jpg,Doubt/Confusion,Anticipation,0.85,"People are gathered near a bus, likely waiting to board, suggesting they are anticipating their journey.","LABEL: Anticipation
CONFIDENCE: 0.85
REASON: People are gathered near a bus, likely waiting to board, suggesting they are anticipating their journey."
framesdb/images/frame_95x221h7yj814qxc.jpg,Disconnection,Peace,0.85,The lush garden scene with vibrant flowers and calm visitors evokes tranquility and serenity.,"LABEL: Peace
CONFIDENCE: 0.85
REASON: The lush garden scene with vibrant flowers and calm visitors evokes tranquility and serenity."
mscoco/images/COCO_train2014_000000022683.jpg,Disconnection,Disapproval,0.85,"The presence of police on a motorcycle at a protest suggests authority intervening, which often evokes disapproval from protesters or observers.","LABEL: Disapproval
CONFIDENCE: 0.85
REASON: The presence of police on a motorcycle at a protest suggests authority intervening, which often evokes disapproval from protesters or observers."
mscoco/images/COCO_val2014_000000508538.jpg,Disconnection,Engagement,0.85,"People are actively interacting with skateboards and each other in a social setting, indicating involvement and focus.","LABEL: Engagement
CONFIDENCE: 0.85
REASON: People are actively interacting with skateboards and each other in a social setting, indicating involvement and focus."
framesdb/images/frame_8bcjgl84a80cguy5.jpg,Disconnection,Engagement,0.95,"The couple is actively selecting and handling peaches at a market stall, showing focused attention and participation in the activity.","LABEL: Engagement
CONFIDENCE: 0.95
REASON: The couple is actively selecting and handling peaches at a market stall, showing focused attention and participation in the activity."
framesdb/images/frame_fvot32utqi78m926.jpg,Disconnection,Peace,0.85,"The serene bamboo forest and soft light evoke a calm, tranquil atmosphere.","LABEL: Peace
CONFIDENCE: 0.85
REASON: The serene bamboo forest and soft light evoke a calm, tranquil atmosphere."
mscoco/images/COCO_train2014_000000202906.jpg,Disconnection,Happiness,0.85,"People are enjoying meals and socializing in a sunny, relaxed outdoor setting.","LABEL: Happiness
CONFIDENCE: 0.85
REASON: People are enjoying meals and socializing in a sunny, relaxed outdoor setting."
framesdb/images/frame_8add2r7r1w3oj417.jpg,Disconnection,Peace,0.85,"The quiet, orderly lobby with calm lighting and people engaged in relaxed activities suggests a tranquil atmosphere.","LABEL: Peace
CONFIDENCE: 0.85
REASON: The quiet, orderly lobby with calm lighting and people engaged in relaxed activities suggests a tranquil atmosphere."
mscoco/images/COCO_val2014_000000505818.jpg,Disconnection,Happiness,0.85,"People are laughing and enjoying a game together in a relaxed, social setting.","LABEL: Happiness
CONFIDENCE: 0.85
REASON: People are laughing and enjoying a game together in a relaxed, social setting."
framesdb/images/frame_e2f1a6s2780ils40.jpg,Disconnection,Happiness,0.85,"People are socializing outdoors under bright umbrellas at night, suggesting enjoyment and relaxation.","LABEL: Happiness
CONFIDENCE: 0.85
REASON: People are socializing outdoors under bright umbrellas at night, suggesting enjoyment and relaxation."
mscoco/images/COCO_train2014_000000205131.jpg,Disconnection,Happiness,0.9,"The woman is smiling while flying a colorful kite, indicating enjoyment and positive emotion.","LABEL: Happiness
CONFIDENCE: 0.9
REASON: The woman is smiling while flying a colorful kite, indicating enjoyment and positive emotion."
framesdb/images/frame_7diuhdr9mxx153xs.jpg,Disconnection,Happiness,0.85,"People are dining and socializing in a lively, well-lit restaurant, suggesting enjoyment and contentment.","LABEL: Happiness
CONFIDENCE: 0.85
REASON: People are dining and socializing in a lively, well-lit restaurant, suggesting enjoyment and contentment."
mscoco/images/COCO_train2014_000000046473.jpg,Disconnection,Disapproval,0.85,"The police officer’s posture and interaction suggest a formal, possibly authoritative or disapproving engagement with the group.","LABEL: Disapproval
CONFIDENCE: 0.85
REASON: The police officer’s posture and interaction suggest a formal, possibly authoritative or disapproving engagement with the group."
framesdb/images/frame_dqx3pak8cayina6c.jpg,Disconnection,Anticipation,0.85,"People are queuing at a box office, likely waiting to purchase tickets for an upcoming movie or event, indicating excitement and expectation.","LABEL: Anticipation
CONFIDENCE: 0.85
REASON: People are queuing at a box office, likely waiting to purchase tickets for an upcoming movie or event, indicating excitement and expectation."
emodb_small/images/85e4yd4bqerachtx4a.jpg,Disconnection,Fatigue,0.9,"All three individuals show signs of tiredness, such as rubbing their eyes or resting their heads on hands, suggesting exhaustion from work.","LABEL: Fatigue
CONFIDENCE: 0.9
REASON: All three individuals show signs of tiredness, such as rubbing their eyes or resting their heads on hands, suggesting exhaustion from work."
framesdb/images/frame_cmwvbpa676fz8xne.jpg,Disconnection,Happiness,0.95,The bride and groom are smiling and appear joyful during their wedding procession.,"LABEL: Happiness
CONFIDENCE: 0.95
REASON: The bride and groom are smiling and appear joyful during their wedding procession."
framesdb/images/frame_eqqloog40nrqm6m0.jpg,Disconnection,Happiness,0.85,"The children appear to be enjoying their walk through the garden, suggesting a happy mood.","LABEL: Happiness
CONFIDENCE: 0.85
REASON: The children appear to be enjoying their walk through the garden, suggesting a happy mood."
framesdb/images/frame_d998hookcg6inu0j.jpg,Disconnection,Disapproval,0.85,"The man speaking with the sign has a stern expression and is gesturing emphatically, suggesting he is expressing strong disapproval of the situation or the people around him.","LABEL: Disapproval
CONFIDENCE: 0.85
REASON: The man speaking with the sign has a stern expression and is gesturing emphatically, suggesting he is expressing strong disapproval of the situation or the people around him."
mscoco/images/COCO_val2014_000000531061.jpg,Disconnection,Happiness,0.85,"The couple is riding a motorcycle together, suggesting enjoyment and shared experience.","LABEL: Happiness
CONFIDENCE: 0.85
REASON: The couple is riding a motorcycle together, suggesting enjoyment and shared experience."
framesdb/images/frame_d8e8zt0xx79rhd3a.jpg,Disconnection,Happiness,0.95,"The person is smiling broadly while holding a product, indicating joy or satisfaction.","LABEL: Happiness
CONFIDENCE: 0.95
REASON: The person is smiling broadly while holding a product, indicating joy or satisfaction."
framesdb/images/frame_dy0xnq4fy1sn1ra8.jpg,Disconnection,Engagement,0.95,"People are actively browsing and interacting with merchandise at a busy market stall, indicating focused involvement.","LABEL: Engagement
CONFIDENCE: 0.95
REASON: People are actively browsing and interacting with merchandise at a busy market stall, indicating focused involvement."
framesdb/images/frame_dy0xnq4fy1sn1ra8.jpg,Disconnection,Engagement,0.95,"People are actively browsing and interacting with merchandise at a busy market stall, showing clear engagement.","LABEL: Engagement
CONFIDENCE: 0.95
REASON: People are actively browsing and interacting with merchandise at a busy market stall, showing clear engagement."
framesdb/images/frame_dy0xnq4fy1sn1ra8.jpg,Disconnection,Engagement,0.95,"People are actively browsing and interacting with merchandise at a busy market stall, showing focused involvement.","LABEL: Engagement
CONFIDENCE: 0.95
REASON: People are actively browsing and interacting with merchandise at a busy market stall, showing focused involvement."
framesdb/images/frame_kz4qbgr5rna0vfaf.jpg,Disconnection,Engagement,0.85,"The audience is focused on the speaker and presentation, indicating active engagement.","LABEL: Engagement
CONFIDENCE: 0.85
REASON: The audience is focused on the speaker and presentation, indicating active engagement."
framesdb/images/frame_7s5y7yti09w5wwo4.jpg,Disconnection,Disconnection,0.8,"The image shows people moving through a public space without clear interaction, suggesting a lack of connection.","LABEL: Disconnection
CONFIDENCE: 0.8
REASON: The image shows people moving through a public space without clear interaction, suggesting a lack of connection."
framesdb/images/frame_5trqiebh1s6h9lg6.jpg,Disconnection,Engagement,0.85,"People are gathered and viewing art, indicating active involvement and interest in the environment.","LABEL: Engagement
CONFIDENCE: 0.85
REASON: People are gathered and viewing art, indicating active involvement and interest in the environment."
framesdb/images/frame_5trqiebh1s6h9lg6.jpg,Disconnection,Engagement,0.85,"People are gathered and viewing art, indicating active involvement and interest in the environment.","LABEL: Engagement
CONFIDENCE: 0.85
REASON: People are gathered and viewing art, indicating active involvement and interest in the environment."
mscoco/images/COCO_train2014_000000033631.jpg,Disconnection,Fatigue,0.95,"The person in the red sweater is asleep on the bench, indicating tiredness.","LABEL: Fatigue
CONFIDENCE: 0.95
REASON: The person in the red sweater is asleep on the bench, indicating tiredness."
framesdb/images/frame_78cvnjrqof09ixds.jpg,Disconnection,Disconnection,0.85,"The man is seated alone in a quiet, rustic room with no visible interaction or engagement, suggesting emotional or social disconnection.","LABEL: Disconnection
CONFIDENCE: 0.85
REASON: The man is seated alone in a quiet, rustic room with no visible interaction or engagement, suggesting emotional or social disconnection."
mscoco/images/COCO_train2014_000000499425.jpg,Disconnection,Disapproval,0.8,The man's facial expression and the unusual sombrero suggest he is not pleased with the situation or his appearance.,"LABEL: Disapproval
CONFIDENCE: 0.8
REASON: The man's facial expression and the unusual sombrero suggest he is not pleased with the situation or his appearance."
framesdb/images/frame_9931k2p1ko1u30qy.jpg,Disconnection,Peace,0.9,"The man is relaxed in a comfortable chair, suggesting calmness and tranquility.","LABEL: Peace
CONFIDENCE: 0.9
REASON: The man is relaxed in a comfortable chair, suggesting calmness and tranquility."
mscoco/images/COCO_val2014_000000168491.jpg,Disconnection,Anticipation,0.85,"People are gathered around gaming stations, focused on gameplay, suggesting excitement and waiting for outcomes.","LABEL: Anticipation
CONFIDENCE: 0.85
REASON: People are gathered around gaming stations, focused on gameplay, suggesting excitement and waiting for outcomes."
framesdb/images/frame_746ku2c3z5y835ti.jpg,Disconnection,Esteem,0.95,"The act of awarding a medal signifies recognition and respect, reflecting high esteem for the recipient's service.","LABEL: Esteem
CONFIDENCE: 0.95
REASON: The act of awarding a medal signifies recognition and respect, reflecting high esteem for the recipient's service."
emodb_small/images/ahn1gc4jxzwx0a6s13.jpg,Disconnection,Disconnection,0.85,"The student appears detached and bored, not engaged with the class or surroundings.","LABEL: Disconnection
CONFIDENCE: 0.85
REASON: The student appears detached and bored, not engaged with the class or surroundings."
framesdb/images/frame_77qu28arixwblan1.jpg,Disconnection,Happiness,0.85,The smiling passengers appear pleased and content during the flight service.,"LABEL: Happiness
CONFIDENCE: 0.85
REASON: The smiling passengers appear pleased and content during the flight service."
ade20k/images/sun_avvemgvxatrpclie.jpg,Disconnection,Disapproval,0.85,"The man in the suit appears to be looking down and away, suggesting disapproval or discomfort with the situation or person across the table.","LABEL: Disapproval
CONFIDENCE: 0.85
REASON: The man in the suit appears to be looking down and away, suggesting disapproval or discomfort with the situation or person across the table."
framesdb/images/frame_6fdrr65sbgvhbs0o.jpg,Disconnection,Disconnection,0.85,The blurred motion and reflective surfaces create a sense of detachment from the environment and people.,"LABEL: Disconnection
CONFIDENCE: 0.85
REASON: The blurred motion and reflective surfaces create a sense of detachment from the environment and people."
framesdb/images/frame_cirbkrxk7gfqdi0x.jpg,Disconnection,Anger,0.85,"People are climbing over a fence, suggesting frustration or defiance against restrictions.","LABEL: Anger
CONFIDENCE: 0.85
REASON: People are climbing over a fence, suggesting frustration or defiance against restrictions."
mscoco/images/COCO_val2014_000000198154.jpg,Disconnection,Happiness,0.85,"The vibrant, colorful display of fresh produce in neat rows evokes a cheerful and satisfying shopping experience.","LABEL: Happiness
CONFIDENCE: 0.85
REASON: The vibrant, colorful display of fresh produce in neat rows evokes a cheerful and satisfying shopping experience."
mscoco/images/COCO_train2014_000000261879.jpg,Fatigue,Disconnection,0.8,"The two men are physically close but appear mentally disengaged, each absorbed in their own activities.","LABEL: Disconnection
CONFIDENCE: 0.8
REASON: The two men are physically close but appear mentally disengaged, each absorbed in their own activities."
mscoco/images/COCO_train2014_000000162177.jpg,Fatigue,Disconnection,0.85,"The chain-link fence between the viewer and the baseball players creates a physical and emotional barrier, suggesting separation or detachment.","LABEL: Disconnection
CONFIDENCE: 0.85
REASON: The chain-link fence between the viewer and the baseball players creates a physical and emotional barrier, suggesting separation or detachment."
emodb_small/images/edknfl4d7l58nt06sm.jpg,Fatigue,Pain,0.95,"The person's facial expression, with clenched teeth and hands pressed to the head, strongly suggests physical pain.","LABEL: Pain
CONFIDENCE: 0.95
REASON: The person's facial expression, with clenched teeth and hands pressed to the head, strongly suggests physical pain."
mscoco/images/COCO_val2014_000000553443.jpg,Fatigue,Disapproval,0.85,"The woman in the background has a stern, unimpressed expression, suggesting disapproval of the situation or the man in the foreground.","LABEL: Disapproval
CONFIDENCE: 0.85
REASON: The woman in the background has a stern, unimpressed expression, suggesting disapproval of the situation or the man in the foreground."
emodb_small/images/8w9mab5ujnmma506e1.jpg,Fatigue,Fatigue,0.95,The woman's posture and closed eyes suggest exhaustion from prolonged computer work.,"LABEL: Fatigue
CONFIDENCE: 0.95
REASON: The woman's posture and closed eyes suggest exhaustion from prolonged computer work."
ade20k/images/sun_deeiqqckmjalhvyj.jpg,Fatigue,Engagement,0.85,"The workers are actively involved in handling large blocks of cheese, showing focused participation in their task.","LABEL: Engagement
CONFIDENCE: 0.85
REASON: The workers are actively involved in handling large blocks of cheese, showing focused participation in their task."
mscoco/images/COCO_val2014_000000523953.jpg,Fatigue,Disconnection,0.85,The boy’s distant gaze and cluttered surroundings suggest emotional detachment from the busy environment.,"LABEL: Disconnection
CONFIDENCE: 0.85
REASON: The boy’s distant gaze and cluttered surroundings suggest emotional detachment from the busy environment."
mscoco/images/COCO_train2014_000000241265.jpg,Fatigue,Disconnection,0.8,"People are physically present but seem absorbed in their own activities, showing little social connection or interaction with others.","LABEL: Disconnection
CONFIDENCE: 0.8
REASON: People are physically present but seem absorbed in their own activities, showing little social connection or interaction with others."
emodb_small/images/c3ezirejabm4sgyzix.jpg,Fatigue,Fatigue,0.95,"The woman is rubbing her eye and appears tired, suggesting physical or mental exhaustion.","LABEL: Fatigue
CONFIDENCE: 0.95
REASON: The woman is rubbing her eye and appears tired, suggesting physical or mental exhaustion."
mscoco/images/COCO_train2014_000000205299.jpg,Fatigue,Disconnection,0.8,"People are physically present but appear absorbed in their own activities, showing little engagement with each other.","LABEL: Disconnection
CONFIDENCE: 0.8
REASON: People are physically present but appear absorbed in their own activities, showing little engagement with each other."
emodb_small/images/6vd6w47myjp3fuod1j.jpg,Fatigue,Pain,0.85,"The man is bent over with a strained posture, suggesting physical discomfort or injury.","LABEL: Pain
CONFIDENCE: 0.85
REASON: The man is bent over with a strained posture, suggesting physical discomfort or injury."
mscoco/images/COCO_val2014_000000069356.jpg,Fatigue,Engagement,0.85,"The vendor and customer are actively interacting at the fruit stall, indicating mutual engagement in a transaction or conversation.","LABEL: Engagement
CONFIDENCE: 0.85
REASON: The vendor and customer are actively interacting at the fruit stall, indicating mutual engagement in a transaction or conversation."
mscoco/images/COCO_val2014_000000016959.jpg,Fatigue,Anticipation,0.85,The surfer’s focused gaze toward the ocean suggests he is preparing for or looking forward to riding waves.,"LABEL: Anticipation
CONFIDENCE: 0.85
REASON: The surfer’s focused gaze toward the ocean suggests he is preparing for or looking forward to riding waves."
mscoco/images/COCO_train2014_000000264197.jpg,Fatigue,Peace,0.8,"The two people walking calmly with umbrellas in a city setting suggests a tranquil, unhurried moment.","LABEL: Peace
CONFIDENCE: 0.8
REASON: The two people walking calmly with umbrellas in a city setting suggests a tranquil, unhurried moment."
emodb_small/images/7izh0beosiq1gwvw2h.jpg,Fatigue,Pain,0.95,The person is holding their knee in a way that suggests physical discomfort or injury.,"LABEL: Pain
CONFIDENCE: 0.95
REASON: The person is holding their knee in a way that suggests physical discomfort or injury."
mscoco/images/COCO_train2014_000000154462.jpg,Fatigue,Disconnection,0.8,"People are absorbed in their own devices or activities, showing little engagement with others around them.","LABEL: Disconnection
CONFIDENCE: 0.8
REASON: People are absorbed in their own devices or activities, showing little engagement with others around them."
emodb_small/images/8xdy7wkwjf8cye47vf.jpg,Fatigue,Fatigue,0.95,"The woman is sitting on an exercise ball with her hand on her head, holding a water bottle, suggesting exhaustion from physical activity.","LABEL: Fatigue
CONFIDENCE: 0.95
REASON: The woman is sitting on an exercise ball with her hand on her head, holding a water bottle, suggesting exhaustion from physical activity."
mscoco/images/COCO_train2014_000000157194.jpg,Fatigue,Happiness,0.95,"The person sitting is laughing openly, indicating clear happiness.","LABEL: Happiness
CONFIDENCE: 0.95
REASON: The person sitting is laughing openly, indicating clear happiness."
emodb_small/images/7yfw4gdcdak0kdvqu2.jpg,Fatigue,Fatigue,0.95,"The person is yawning widely and has a tired expression, which strongly indicates fatigue.","LABEL: Fatigue
CONFIDENCE: 0.95
REASON: The person is yawning widely and has a tired expression, which strongly indicates fatigue."
emodb_small/images/7ra2q7lp16or6suhp5.jpg,Fatigue,Fatigue,0.95,The man's closed eyes and hand on his forehead suggest exhaustion from prolonged work or stress.,"LABEL: Fatigue
CONFIDENCE: 0.95
REASON: The man's closed eyes and hand on his forehead suggest exhaustion from prolonged work or stress."
emodb_small/images/am9j3t9a22e5jzjfp2.jpg,Fatigue,Disapproval,0.85,"Many people in the audience appear bored or annoyed, suggesting they disapprove of the movie.","LABEL: Disapproval
CONFIDENCE: 0.85
REASON: Many people in the audience appear bored or annoyed, suggesting they disapprove of the movie."
emodb_small/images/am9j3t9a22e5jzjfp2.jpg,Fatigue,Disapproval,0.85,"Many people in the audience appear bored or annoyed, suggesting they disapprove of the movie's content or pacing.","LABEL: Disapproval
CONFIDENCE: 0.85
REASON: Many people in the audience appear bored or annoyed, suggesting they disapprove of the movie's content or pacing."
emodb_small/images/7wkw1c1nde6b0u2gqr.jpg,Fatigue,Fatigue,0.95,"The man is slumped over, breathing heavily, and appears exhausted after physical exertion in the gym.","LABEL: Fatigue
CONFIDENCE: 0.95
REASON: The man is slumped over, breathing heavily, and appears exhausted after physical exertion in the gym."
mscoco/images/COCO_val2014_000000491689.jpg,Fatigue,Happiness,0.85,"The woman is smiling warmly while managing her luggage in a busy airport, suggesting contentment or happiness with her travel situation.","LABEL: Happiness
CONFIDENCE: 0.85
REASON: The woman is smiling warmly while managing her luggage in a busy airport, suggesting contentment or happiness with her travel situation."
emodb_small/images/7hogfrr8pgo4xd9uza.jpg,Fatigue,Fatigue,0.95,The man's slumped posture and hand on his head suggest exhaustion from work.,"LABEL: Fatigue
CONFIDENCE: 0.95
REASON: The man's slumped posture and hand on his head suggest exhaustion from work."
mscoco/images/COCO_train2014_000000155417.jpg,Fatigue,Engagement,0.9,"The soldier is actively focused on refueling the aircraft, showing concentration and involvement in a task.","LABEL: Engagement
CONFIDENCE: 0.9
REASON: The soldier is actively focused on refueling the aircraft, showing concentration and involvement in a task."
emodb_small/images/8ivunqxoi7to4qvg43.jpg,Fatigue,Fatigue,0.95,"The person is asleep at their desk, indicating exhaustion from work.","LABEL: Fatigue
CONFIDENCE: 0.95
REASON: The person is asleep at their desk, indicating exhaustion from work."
mscoco/images/COCO_train2014_000000256431.jpg,Fatigue,Disconnection,0.8,"The person is walking alone under an overpass, creating a sense of isolation from surroundings.","LABEL: Disconnection
CONFIDENCE: 0.8
REASON: The person is walking alone under an overpass, creating a sense of isolation from surroundings."
emodb_small/images/8v2pdcpemnwcnqhrlt.jpg,Fatigue,Fatigue,0.85,The woman’s posture and gaze suggest she is tired or mentally drained after working.,"LABEL: Fatigue
CONFIDENCE: 0.85
REASON: The woman’s posture and gaze suggest she is tired or mentally drained after working."
mscoco/images/COCO_val2014_000000573819.jpg,Fatigue,Disconnection,0.8,"The young person appears frustrated or overwhelmed, possibly disconnected from the task or environment, while the man leans in closely, suggesting a lack of shared understanding or engagement.","LABEL: Disconnection
CONFIDENCE: 0.8
REASON: The young person appears frustrated or overwhelmed, possibly disconnected from the task or environment, while the man leans in closely, suggesting a lack of shared understanding or engagement."
mscoco/images/COCO_train2014_000000019375.jpg,Fatigue,Happiness,0.85,"The scene depicts people interacting warmly at an outdoor event, with smiles and engaged body language suggesting joy and contentment.","LABEL: Happiness
CONFIDENCE: 0.85
REASON: The scene depicts people interacting warmly at an outdoor event, with smiles and engaged body language suggesting joy and contentment."
mscoco/images/COCO_train2014_000000091465.jpg,Fatigue,Affection,0.85,"The cat is calmly resting on the bed near a sleeping person, suggesting comfort and companionship.","LABEL: Affection
CONFIDENCE: 0.85
REASON: The cat is calmly resting on the bed near a sleeping person, suggesting comfort and companionship."
mscoco/images/COCO_val2014_000000055223.jpg,Fatigue,Disconnection,0.85,"The individuals are physically present in the same room but appear absorbed in their own activities, showing minimal interaction or shared engagement.","LABEL: Disconnection
CONFIDENCE: 0.85
REASON: The individuals are physically present in the same room but appear absorbed in their own activities, showing minimal interaction or shared engagement."
mscoco/images/COCO_train2014_000000112124.jpg,Fatigue,Confidence,0.85,"The jockey's focused posture and the calm, controlled environment suggest readiness and self-assurance.","LABEL: Confidence
CONFIDENCE: 0.85
REASON: The jockey's focused posture and the calm, controlled environment suggest readiness and self-assurance."
emodb_small/images/84ylr78s2vu1x66mau.jpg,Fatigue,Fatigue,0.95,"The person is holding their head in apparent exhaustion, surrounded by cluttered work materials, indicating mental or physical fatigue.","LABEL: Fatigue
CONFIDENCE: 0.95
REASON: The person is holding their head in apparent exhaustion, surrounded by cluttered work materials, indicating mental or physical fatigue."
mscoco/images/COCO_train2014_000000168763.jpg,Fatigue,Disapproval,0.85,"The presence of police on horseback in front of a closed shop suggests an authoritative or controlling presence, which may evoke disapproval from viewers.","LABEL: Disapproval
CONFIDENCE: 0.85
REASON: The presence of police on horseback in front of a closed shop suggests an authoritative or controlling presence, which may evoke disapproval from viewers."
emodb_small/images/dffd0x4aalsu45395f.jpg,Fatigue,Pain,0.95,"The man is clutching his chest and grimacing, suggesting physical discomfort or pain.","LABEL: Pain
CONFIDENCE: 0.95
REASON: The man is clutching his chest and grimacing, suggesting physical discomfort or pain."
mscoco/images/COCO_train2014_000000493439.jpg,Fatigue,Fatigue,0.85,The man’s relaxed posture with feet up and closed eyes suggests tiredness after travel or waiting.,"LABEL: Fatigue
CONFIDENCE: 0.85
REASON: The man’s relaxed posture with feet up and closed eyes suggests tiredness after travel or waiting."
framesdb/images/frame_63mtckpdjfc0y9q8.jpg,Embarrassment,Confidence,0.85,The Dutch players' body language and expressions suggest they are dejected after a missed opportunity or loss.,"LABEL: Disappointment
CONFIDENCE: 0.85
REASON: The Dutch players' body language and expressions suggest they are dejected after a missed opportunity or loss."
mscoco/images/COCO_train2014_000000296153.jpg,Embarrassment,Embarrassment,0.95,"The person is covering their face with hands, a common gesture indicating embarrassment, especially in response to a visible error message on the laptop screen.","LABEL: Embarrassment
CONFIDENCE: 0.95
REASON: The person is covering their face with hands, a common gesture indicating embarrassment, especially in response to a visible error message on the laptop screen."
mscoco/images/COCO_train2014_000000485224.jpg,Embarrassment,Esteem,0.8,The man’s direct gaze and relaxed posture suggest self-assurance and pride in his work.,"LABEL: Esteem
CONFIDENCE: 0.8
REASON: The man’s direct gaze and relaxed posture suggest self-assurance and pride in his work."
mscoco/images/COCO_train2014_000000472266.jpg,Embarrassment,Happiness,0.95,"The dog is joyfully catching a frisbee, and the man appears delighted, indicating shared happiness.","LABEL: Happiness
CONFIDENCE: 0.95
REASON: The dog is joyfully catching a frisbee, and the man appears delighted, indicating shared happiness."
emodb_small/images/b3kg3dju8rmaxpf4ia.jpg,Embarrassment,Disapproval,0.9,The woman's angry facial expression and use of a pillow to block the man indicate strong disapproval of his snoring.,"LABEL: Disapproval
CONFIDENCE: 0.9
REASON: The woman's angry facial expression and use of a pillow to block the man indicate strong disapproval of his snoring."
mscoco/images/COCO_train2014_000000387299.jpg,Embarrassment,Excitement,0.85,"The skateboarder is mid-air in a skatepark at night, suggesting an adrenaline-filled, thrilling moment.","LABEL: Excitement
CONFIDENCE: 0.85
REASON: The skateboarder is mid-air in a skatepark at night, suggesting an adrenaline-filled, thrilling moment."
mscoco/images/COCO_train2014_000000033272.jpg,Embarrassment,Excitement,0.85,"The skier’s dynamic pose and the steep, snowy terrain suggest thrilling, adrenaline-fueled activity.","LABEL: Excitement
CONFIDENCE: 0.85
REASON: The skier’s dynamic pose and the steep, snowy terrain suggest thrilling, adrenaline-fueled activity."
mscoco/images/COCO_val2014_000000555538.jpg,Embarrassment,Anticipation,0.9,"The catcher is in a ready stance, suggesting he's anticipating the pitch or play.","LABEL: Anticipation
CONFIDENCE: 0.9
REASON: The catcher is in a ready stance, suggesting he's anticipating the pitch or play."
mscoco/images/COCO_train2014_000000502508.jpg,Embarrassment,Engagement,0.85,"Multiple people are focused on their laptops in a shared space, indicating active involvement or engagement with their tasks.","LABEL: Engagement
CONFIDENCE: 0.85
REASON: Multiple people are focused on their laptops in a shared space, indicating active involvement or engagement with their tasks."
ade20k/images/labelme_uxykffazxuuosbb.jpg,Embarrassment,Peace,0.85,The calm evening light and relaxed crowd suggest a tranquil atmosphere.,"LABEL: Peace
CONFIDENCE: 0.85
REASON: The calm evening light and relaxed crowd suggest a tranquil atmosphere."
mscoco/images/COCO_train2014_000000005471.jpg,Embarrassment,Happiness,0.85,"The woman is actively playing frisbee on a beach, suggesting enjoyment and positive emotion.","LABEL: Happiness
CONFIDENCE: 0.85
REASON: The woman is actively playing frisbee on a beach, suggesting enjoyment and positive emotion."
emodb_small/images/eicizjamovv03k3xcj.jpg,Embarrassment,Sadness,0.95,"The person is sitting alone on steps, head bowed and hands clutching hair, conveying deep sorrow.","LABEL: Sadness
CONFIDENCE: 0.95
REASON: The person is sitting alone on steps, head bowed and hands clutching hair, conveying deep sorrow."
emodb_small/images/h7vpzemgea4y12fi5q.jpg,Embarrassment,Disapproval,0.85,"The woman outside the shower appears visibly upset and disgusted by what she sees, indicating disapproval.","LABEL: Disapproval
CONFIDENCE: 0.85
REASON: The woman outside the shower appears visibly upset and disgusted by what she sees, indicating disapproval."
mscoco/images/COCO_train2014_000000018396.jpg,Embarrassment,Disquietment,0.85,The man's pensive expression and unusual sitting position suggest unease or discomfort.,"LABEL: Disquietment
CONFIDENCE: 0.85
REASON: The man's pensive expression and unusual sitting position suggest unease or discomfort."
framesdb/images/frame_k9xzbwxfy48vd3uw.jpg,Embarrassment,Affection,0.9,"The woman is gently securing the child in the car seat, showing care and tenderness.","LABEL: Affection
CONFIDENCE: 0.9
REASON: The woman is gently securing the child in the car seat, showing care and tenderness."
mscoco/images/COCO_train2014_000000247068.jpg,Embarrassment,Happiness,0.95,"The baby on the left is smiling broadly while looking at the dog, indicating clear happiness.","LABEL: Happiness
CONFIDENCE: 0.95
REASON: The baby on the left is smiling broadly while looking at the dog, indicating clear happiness."
mscoco/images/COCO_train2014_000000487458.jpg,Embarrassment,Anticipation,0.85,The player's focused stance and ready position suggest he is anticipating the next shot in the tennis match.,"LABEL: Anticipation
CONFIDENCE: 0.85
REASON: The player's focused stance and ready position suggest he is anticipating the next shot in the tennis match."
mscoco/images/COCO_train2014_000000499396.jpg,Embarrassment,Excitement,0.9,"The snowboarder is mid-air performing a trick, suggesting high energy and thrill.","LABEL: Excitement
CONFIDENCE: 0.9
REASON: The snowboarder is mid-air performing a trick, suggesting high energy and thrill."
mscoco/images/COCO_val2014_000000561491.jpg,Embarrassment,Happiness,0.95,"The woman is smiling while holding a positive pregnancy test, indicating joy and happiness.","LABEL: Happiness
CONFIDENCE: 0.95
REASON: The woman is smiling while holding a positive pregnancy test, indicating joy and happiness."
mscoco/images/COCO_train2014_000000489107.jpg,Embarrassment,Happiness,0.85,The cyclist’s smile and relaxed posture suggest enjoyment of the ride.,"LABEL: Happiness
CONFIDENCE: 0.85
REASON: The cyclist’s smile and relaxed posture suggest enjoyment of the ride."
ade20k/images/sun_aclothkttyccszmc.jpg,Embarrassment,Happiness,0.85,"People are smiling and waving, showing positive emotions.","LABEL: Happiness
CONFIDENCE: 0.85
REASON: People are smiling and waving, showing positive emotions."
mscoco/images/COCO_val2014_000000487338.jpg,Embarrassment,Disconnection,0.85,"The person is hiding their face with paper, suggesting a desire to withdraw or disconnect from the environment or viewer.","LABEL: Disconnection
CONFIDENCE: 0.85
REASON: The person is hiding their face with paper, suggesting a desire to withdraw or disconnect from the environment or viewer."
framesdb/images/frame_0ldz88bmoxvgqove.jpg,Embarrassment,Engagement,0.95,"The veterinary team is intensely focused and actively involved in treating the cat, showing high engagement in their professional task.","LABEL: Engagement
CONFIDENCE: 0.95
REASON: The veterinary team is intensely focused and actively involved in treating the cat, showing high engagement in their professional task."
mscoco/images/COCO_train2014_000000021747.jpg,Embarrassment,Happiness,0.95,"The child is smiling broadly while eating pizza, showing clear enjoyment.","LABEL: Happiness
CONFIDENCE: 0.95
REASON: The child is smiling broadly while eating pizza, showing clear enjoyment."
mscoco/images/COCO_train2014_000000512458.jpg,Embarrassment,Excitement,0.85,"The blurred motion and active postures suggest energetic, playful engagement typical of excitement during a game.","LABEL: Excitement
CONFIDENCE: 0.85
REASON: The blurred motion and active postures suggest energetic, playful engagement typical of excitement during a game."
mscoco/images/COCO_train2014_000000015678.jpg,Embarrassment,Disconnection,0.8,"The black-and-white photo shows people in uniforms and formal wear standing around a kitchen table, suggesting a moment of work or service rather than personal connection or shared emotion.","LABEL: Disconnection
CONFIDENCE: 0.8
REASON: The black-and-white photo shows people in uniforms and formal wear standing around a kitchen table, suggesting a moment of work or service rather than personal connection or shared emotion."
emodb_small/images/6ypnlgwpdwm4cxhzyq.jpg,Embarrassment,Sadness,0.95,The woman's posture and covering her face suggest emotional distress or sorrow.,"LABEL: Sadness
CONFIDENCE: 0.95
REASON: The woman's posture and covering her face suggest emotional distress or sorrow."
mscoco/images/COCO_train2014_000000506735.jpg,Embarrassment,Happiness,0.85,"The group appears relaxed and engaged in a snowy outdoor setting, suggesting enjoyment and positive emotion.","LABEL: Happiness
CONFIDENCE: 0.85
REASON: The group appears relaxed and engaged in a snowy outdoor setting, suggesting enjoyment and positive emotion."
emodb_small/images/gssths0kyu8ulve7sg.jpg,Embarrassment,Suffering,0.95,"The person's facial expression and body language convey intense distress, indicating suffering.","LABEL: Suffering
CONFIDENCE: 0.95
REASON: The person's facial expression and body language convey intense distress, indicating suffering."
mscoco/images/COCO_train2014_000000504492.jpg,Embarrassment,Anticipation,0.85,"The child is holding a glove and standing near a base, suggesting readiness for an upcoming play in baseball.","LABEL: Anticipation
CONFIDENCE: 0.85
REASON: The child is holding a glove and standing near a base, suggesting readiness for an upcoming play in baseball."
emodb_small/images/ga228xx0ev5bzcwwik.jpg,Embarrassment,Doubt/Confusion,0.95,The man's furrowed brow and hand on his head indicate mental confusion or uncertainty.,"LABEL: Doubt/Confusion
CONFIDENCE: 0.95
REASON: The man's furrowed brow and hand on his head indicate mental confusion or uncertainty."
framesdb/images/frame_fhk5svb2ww1s6v9s.jpg,Embarrassment,Happiness,0.95,"The victorious boxer is raising his arms in celebration with an ecstatic expression, clearly indicating happiness.","LABEL: Happiness
CONFIDENCE: 0.95
REASON: The victorious boxer is raising his arms in celebration with an ecstatic expression, clearly indicating happiness."
emodb_small/images/e21mn5q3qdfpnalcek.jpg,Embarrassment,Sadness,0.9,"The man's downturned mouth and distant, pensive gaze convey a clear sense of sorrow or melancholy.","LABEL: Sadness
CONFIDENCE: 0.9
REASON: The man's downturned mouth and distant, pensive gaze convey a clear sense of sorrow or melancholy."
mscoco/images/COCO_train2014_000000381377.jpg,Embarrassment,Excitement,0.85,"The players are actively engaged in a dynamic soccer game, showing focused energy and movement typical of excitement.","LABEL: Excitement
CONFIDENCE: 0.85
REASON: The players are actively engaged in a dynamic soccer game, showing focused energy and movement typical of excitement."
emodb_small/images/gsdbbh55557mi0cas4.jpg,Embarrassment,Disapproval,0.95,The man's angry expression and aggressive hand gestures strongly indicate disapproval of the woman's actions or behavior.,"LABEL: Disapproval
CONFIDENCE: 0.95
REASON: The man's angry expression and aggressive hand gestures strongly indicate disapproval of the woman's actions or behavior."
mscoco/images/COCO_train2014_000000084801.jpg,Embarrassment,Disapproval,0.8,The men standing behind the handler appear to be observing with stern or disapproving expressions.,"LABEL: Disapproval
CONFIDENCE: 0.8
REASON: The men standing behind the handler appear to be observing with stern or disapproving expressions."
mscoco/images/COCO_train2014_000000419249.jpg,Embarrassment,Disconnection,0.85,"The man is absorbed in his phone call, seemingly disconnected from his surroundings and the public space he occupies.","LABEL: Disconnection
CONFIDENCE: 0.85
REASON: The man is absorbed in his phone call, seemingly disconnected from his surroundings and the public space he occupies."
framesdb/images/frame_cwyxahgbij3estub.jpg,Embarrassment,Disconnection,0.85,"The man is physically separated by bars and appears isolated, disconnected from the mural or surroundings.","LABEL: Disconnection
CONFIDENCE: 0.85
REASON: The man is physically separated by bars and appears isolated, disconnected from the mural or surroundings."
mscoco/images/COCO_train2014_000000179164.jpg,Yearning,Anticipation,0.85,"People are gathered near a bus, suggesting they are waiting to board and heading somewhere, implying anticipation.","LABEL: Anticipation
CONFIDENCE: 0.85
REASON: People are gathered near a bus, suggesting they are waiting to board and heading somewhere, implying anticipation."
mscoco/images/COCO_train2014_000000326320.jpg,Yearning,Peace,0.8,"The man appears relaxed and calm while using the phone booth, suggesting a state of peace.","LABEL: Peace
CONFIDENCE: 0.8
REASON: The man appears relaxed and calm while using the phone booth, suggesting a state of peace."
mscoco/images/COCO_train2014_000000233526.jpg,Yearning,Fatigue,0.8,"The boy lounging on the couch has his head resting on his hand, suggesting tiredness or boredom from watching TV.","LABEL: Fatigue
CONFIDENCE: 0.8
REASON: The boy lounging on the couch has his head resting on his hand, suggesting tiredness or boredom from watching TV."
mscoco/images/COCO_train2014_000000159225.jpg,Yearning,Anticipation,0.85,"Jockeys and horses are lined up at the start of a race, suggesting imminent action and excitement.","LABEL: Anticipation
CONFIDENCE: 0.85
REASON: Jockeys and horses are lined up at the start of a race, suggesting imminent action and excitement."
mscoco/images/COCO_train2014_000000385744.jpg,Yearning,Disconnection,0.8,"The woman on the left is focused on her phone, seemingly disconnected from her surroundings and the other diners.","LABEL: Disconnection
CONFIDENCE: 0.8
REASON: The woman on the left is focused on her phone, seemingly disconnected from her surroundings and the other diners."
framesdb/images/frame_hgjcg5y89ooy0gul.jpg,Yearning,Happiness,0.85,"People are preparing for a fun outdoor activity with kayaks and dogs, suggesting enjoyment and anticipation.","LABEL: Happiness
CONFIDENCE: 0.85
REASON: People are preparing for a fun outdoor activity with kayaks and dogs, suggesting enjoyment and anticipation."
mscoco/images/COCO_train2014_000000383452.jpg,Yearning,Excitement,0.85,"The person is standing on a snowy mountain with a snowboard, suggesting anticipation and excitement for snowboarding.","LABEL: Excitement
CONFIDENCE: 0.85
REASON: The person is standing on a snowy mountain with a snowboard, suggesting anticipation and excitement for snowboarding."
mscoco/images/COCO_train2014_000000392055.jpg,Yearning,Pleasure,0.85,"The person is eating a snack while sitting comfortably on a rug, suggesting enjoyment of the moment.","LABEL: Pleasure
CONFIDENCE: 0.85
REASON: The person is eating a snack while sitting comfortably on a rug, suggesting enjoyment of the moment."
mscoco/images/COCO_train2014_000000258853.jpg,Yearning,Disconnection,0.85,"The woman appears isolated and absorbed in her phone, disconnected from her surroundings and others.","LABEL: Disconnection
CONFIDENCE: 0.85
REASON: The woman appears isolated and absorbed in her phone, disconnected from her surroundings and others."
mscoco/images/COCO_train2014_000000258094.jpg,Yearning,Anticipation,0.8,"The person standing by the plane appears to be preparing for or waiting for takeoff, suggesting a sense of anticipation.","LABEL: Anticipation
CONFIDENCE: 0.8
REASON: The person standing by the plane appears to be preparing for or waiting for takeoff, suggesting a sense of anticipation."
mscoco/images/COCO_train2014_000000333684.jpg,Yearning,Peace,0.85,"The person is sitting calmly on a bench in a relaxed posture, with a serene expression, suggesting a state of tranquility.","LABEL: Peace
CONFIDENCE: 0.85
REASON: The person is sitting calmly on a bench in a relaxed posture, with a serene expression, suggesting a state of tranquility."
mscoco/images/COCO_train2014_000000350939.jpg,Yearning,Esteem,0.85,"The sign reading ""Campeão"" (Champion) implies the horse is admired and respected, suggesting esteem.","LABEL: Esteem
CONFIDENCE: 0.85
REASON: The sign reading ""Campeão"" (Champion) implies the horse is admired and respected, suggesting esteem."
mscoco/images/COCO_train2014_000000159768.jpg,Yearning,Happiness,0.85,Both women are smiling and appear to be enjoying their meal and each other's company.,"LABEL: Happiness
CONFIDENCE: 0.85
REASON: Both women are smiling and appear to be enjoying their meal and each other's company."
mscoco/images/COCO_train2014_000000431400.jpg,Yearning,Excitement,0.85,"The crowd of motorcyclists and spectators suggests a lively, energetic event like a parade or rally.","LABEL: Excitement
CONFIDENCE: 0.85
REASON: The crowd of motorcyclists and spectators suggests a lively, energetic event like a parade or rally."
mscoco/images/COCO_train2014_000000516474.jpg,Yearning,Happiness,0.95,"The child is smiling broadly while eating food, conveying clear joy.","LABEL: Happiness
CONFIDENCE: 0.95
REASON: The child is smiling broadly while eating food, conveying clear joy."
mscoco/images/COCO_train2014_000000430205.jpg,Yearning,Anticipation,0.85,"The person is kneeling on a snowboard at the top of a slope, suggesting they are preparing to descend and are likely anticipating the ride ahead.","LABEL: Anticipation
CONFIDENCE: 0.85
REASON: The person is kneeling on a snowboard at the top of a slope, suggesting they are preparing to descend and are likely anticipating the ride ahead."
mscoco/images/COCO_train2014_000000309873.jpg,Yearning,Disconnection,0.85,"The couple appears bored and disengaged, looking away from each other and not interacting, suggesting emotional disconnection.","LABEL: Disconnection
CONFIDENCE: 0.85
REASON: The couple appears bored and disengaged, looking away from each other and not interacting, suggesting emotional disconnection."
mscoco/images/COCO_train2014_000000403567.jpg,Yearning,Esteem,0.85,"The formal uniforms and disciplined formation of the riders convey a sense of authority and respect, suggesting esteem for their role or status.","LABEL: Esteem
CONFIDENCE: 0.85
REASON: The formal uniforms and disciplined formation of the riders convey a sense of authority and respect, suggesting esteem for their role or status."
mscoco/images/COCO_train2014_000000298160.jpg,Yearning,Confidence,0.8,"The man is dressed in ceremonial attire and leading a highly decorated horse, suggesting he takes pride in his role or appearance.","LABEL: Pride
CONFIDENCE: 0.8
REASON: The man is dressed in ceremonial attire and leading a highly decorated horse, suggesting he takes pride in his role or appearance."
mscoco/images/COCO_train2014_000000226350.jpg,Yearning,Esteem,0.85,"The person is posing confidently on a motorcycle, suggesting pride or self-worth.","LABEL: Esteem
CONFIDENCE: 0.85
REASON: The person is posing confidently on a motorcycle, suggesting pride or self-worth."
mscoco/images/COCO_train2014_000000224230.jpg,Yearning,Peace,0.85,"The person is calmly standing by a river with their bike, suggesting a tranquil, reflective moment.","LABEL: Peace
CONFIDENCE: 0.85
REASON: The person is calmly standing by a river with their bike, suggesting a tranquil, reflective moment."
mscoco/images/COCO_train2014_000000331278.jpg,Yearning,Happiness,0.85,"The relaxed, smiling expressions and casual, comfortable poses of the people on the bed suggest a joyful, contented mood.","LABEL: Happiness
CONFIDENCE: 0.85
REASON: The relaxed, smiling expressions and casual, comfortable poses of the people on the bed suggest a joyful, contented mood."
mscoco/images/COCO_train2014_000000399922.jpg,Yearning,Engagement,0.85,"People are actively browsing and interacting with vendors at a lively outdoor market, indicating involvement and interest.","LABEL: Engagement
CONFIDENCE: 0.85
REASON: People are actively browsing and interacting with vendors at a lively outdoor market, indicating involvement and interest."
mscoco/images/COCO_train2014_000000160152.jpg,Yearning,Happiness,0.95,"The woman is smiling broadly and giving a thumbs-up, indicating clear joy and satisfaction.","LABEL: Happiness
CONFIDENCE: 0.95
REASON: The woman is smiling broadly and giving a thumbs-up, indicating clear joy and satisfaction."
emodb_small/images/3wj2x6ifpqruktlzo3.jpg,Yearning,Sadness,0.85,The woman’s downward gaze and resting head convey a sense of melancholy or sorrow.,"LABEL: Sadness
CONFIDENCE: 0.85
REASON: The woman’s downward gaze and resting head convey a sense of melancholy or sorrow."
mscoco/images/COCO_train2014_000000225508.jpg,Yearning,Engagement,0.85,"The three individuals are focused on examining phones and interacting with each other, indicating active involvement in a shared activity.","LABEL: Engagement
CONFIDENCE: 0.85
REASON: The three individuals are focused on examining phones and interacting with each other, indicating active involvement in a shared activity."
mscoco/images/COCO_train2014_000000127073.jpg,Yearning,Peace,0.85,"The person is sitting calmly in a serene outdoor setting with soft lighting, suggesting tranquility.","LABEL: Peace
CONFIDENCE: 0.85
REASON: The person is sitting calmly in a serene outdoor setting with soft lighting, suggesting tranquility."
mscoco/images/COCO_train2014_000000184201.jpg,Yearning,Peace,0.85,"The scene depicts a calm, everyday moment in a floating market with people going about their business in a tranquil waterway.","LABEL: Peace
CONFIDENCE: 0.85
REASON: The scene depicts a calm, everyday moment in a floating market with people going about their business in a tranquil waterway."
mscoco/images/COCO_train2014_000000369478.jpg,Yearning,Disapproval,0.8,The man's facial expression and posture suggest he is frustrated or critical about the situation.,"LABEL: Disapproval
CONFIDENCE: 0.8
REASON: The man's facial expression and posture suggest he is frustrated or critical about the situation."
mscoco/images/COCO_train2014_000000332913.jpg,Yearning,Disconnection,0.8,"The two people are standing apart in the kitchen with no visible interaction or shared focus, suggesting emotional or physical distance.","LABEL: Disconnection
CONFIDENCE: 0.8
REASON: The two people are standing apart in the kitchen with no visible interaction or shared focus, suggesting emotional or physical distance."
mscoco/images/COCO_train2014_000000321291.jpg,Yearning,Engagement,0.95,"The man is focused and actively painting a detailed design on the train, showing deep involvement in his task.","LABEL: Engagement
CONFIDENCE: 0.95
REASON: The man is focused and actively painting a detailed design on the train, showing deep involvement in his task."
mscoco/images/COCO_train2014_000000254562.jpg,Yearning,Disconnection,0.85,The man’s downward gaze and solitary posture suggest emotional detachment from his surroundings.,"LABEL: Disconnection
CONFIDENCE: 0.85
REASON: The man’s downward gaze and solitary posture suggest emotional detachment from his surroundings."
mscoco/images/COCO_train2014_000000220790.jpg,Yearning,Disconnection,0.85,"The woman is walking away from the camera with a focused gaze, creating emotional distance from the viewer and surroundings.","LABEL: Disconnection
CONFIDENCE: 0.85
REASON: The woman is walking away from the camera with a focused gaze, creating emotional distance from the viewer and surroundings."
mscoco/images/COCO_train2014_000000268428.jpg,Yearning,Happiness,0.85,"People are smiling and enjoying themselves at a motorcycle rally, indicating joy and contentment.","LABEL: Happiness
CONFIDENCE: 0.85
REASON: People are smiling and enjoying themselves at a motorcycle rally, indicating joy and contentment."
mscoco/images/COCO_train2014_000000292351.jpg,Yearning,Disconnection,0.8,"The scene depicts a busy urban environment with people and equipment, but no clear emotional connection or interaction between individuals, suggesting a sense of detachment.","LABEL: Disconnection
CONFIDENCE: 0.8
REASON: The scene depicts a busy urban environment with people and equipment, but no clear emotional connection or interaction between individuals, suggesting a sense of detachment."
emodb_small/images/d85m8vhgppaj2t6i68.jpg,Yearning,Anticipation,0.8,"One boy is looking at the other with a curious expression, suggesting he's waiting for something or anticipating a reaction.","LABEL: Anticipation
CONFIDENCE: 0.8
REASON: One boy is looking at the other with a curious expression, suggesting he's waiting for something or anticipating a reaction."
emodb_small/images/d85m8vhgppaj2t6i68.jpg,Yearning,Anticipation,0.85,The boy looking at the cookie with his mouth open suggests he is eagerly waiting for his turn to eat it.,"LABEL: Anticipation
CONFIDENCE: 0.85
REASON: The boy looking at the cookie with his mouth open suggests he is eagerly waiting for his turn to eat it."
mscoco/images/COCO_train2014_000000337882.jpg,Yearning,Disconnection,0.8,"The man adjusting his tie appears detached from the surrounding activity, focused inward rather than engaging with others.","LABEL: Disconnection
CONFIDENCE: 0.8
REASON: The man adjusting his tie appears detached from the surrounding activity, focused inward rather than engaging with others."
emodb_small/images/gs84txnh5el02zkbp9.jpg,Disapproval,Disapproval,0.85,The man's crossed arms and stern facial expression convey disapproval.,"LABEL: Disapproval
CONFIDENCE: 0.85
REASON: The man's crossed arms and stern facial expression convey disapproval."
emodb_small/images/6h85d8d0rrvntefpkq.jpg,Disapproval,Suffering,0.9,"The man's posture and facial expression convey distress and discomfort, suggesting he is experiencing suffering.","LABEL: Suffering
CONFIDENCE: 0.9
REASON: The man's posture and facial expression convey distress and discomfort, suggesting he is experiencing suffering."
emodb_small/images/gfyoe3zypsw0svkvot.jpg,Disapproval,Anger,0.95,"The girl's furrowed brow, tight lips, and crossed arms strongly indicate anger.","LABEL: Anger
CONFIDENCE: 0.95
REASON: The girl's furrowed brow, tight lips, and crossed arms strongly indicate anger."
framesdb/images/frame_74lkcx21hyahy01y.jpg,Disapproval,Disapproval,0.95,The player's facial expression and body language show clear disapproval of the referee's yellow card decision.,"LABEL: Disapproval
CONFIDENCE: 0.95
REASON: The player's facial expression and body language show clear disapproval of the referee's yellow card decision."
mscoco/images/COCO_train2014_000000419391.jpg,Disapproval,Confidence,0.85,"The text ""left waiting again, because..."" implies repeated unfulfilled expectations, which strongly suggests disappointment.","LABEL: Disappointment
CONFIDENCE: 0.85
REASON: The text ""left waiting again, because..."" implies repeated unfulfilled expectations, which strongly suggests disappointment."
emodb_small/images/bt2t3ffx032msr1kac.jpg,Disapproval,Disapproval,0.95,The man's stern facial expression and pointing down with his thumb clearly convey disapproval.,"LABEL: Disapproval
CONFIDENCE: 0.95
REASON: The man's stern facial expression and pointing down with his thumb clearly convey disapproval."
framesdb/images/frame_lcs8pku339ipaanw.jpg,Disapproval,Disapproval,0.95,"The man is yelling aggressively and gesturing toward the woman, while she covers her ears in distress, indicating strong disapproval from him.","LABEL: Disapproval
CONFIDENCE: 0.95
REASON: The man is yelling aggressively and gesturing toward the woman, while she covers her ears in distress, indicating strong disapproval from him."
ade20k/images/sun_atvptssfhfcmrtub.jpg,Disapproval,Disconnection,0.85,"The passengers appear isolated and not interacting, conveying emotional distance.","LABEL: Disconnection
CONFIDENCE: 0.85
REASON: The passengers appear isolated and not interacting, conveying emotional distance."
framesdb/images/frame_5yw3n4e7oif2n5io.jpg,Disapproval,Esteem,0.85,"The chef’s proud expression and neatly plated dishes suggest satisfaction with his work, indicating esteem for his craft or achievements.","LABEL: Esteem
CONFIDENCE: 0.85
REASON: The chef’s proud expression and neatly plated dishes suggest satisfaction with his work, indicating esteem for his craft or achievements."
mscoco/images/COCO_val2014_000000061175.jpg,Disapproval,Happiness,0.85,"The woman in the foreground is smiling while watching the baseball players, indicating enjoyment and happiness.","LABEL: Happiness
CONFIDENCE: 0.85
REASON: The woman in the foreground is smiling while watching the baseball players, indicating enjoyment and happiness."
mscoco/images/COCO_train2014_000000127339.jpg,Disapproval,Happiness,0.95,"The child has a wide, joyful smile while eating a treat, indicating clear happiness.","LABEL: Happiness
CONFIDENCE: 0.95
REASON: The child has a wide, joyful smile while eating a treat, indicating clear happiness."
mscoco/images/COCO_train2014_000000460095.jpg,Disapproval,Disapproval,0.85,His furrowed brow and stern facial expression suggest disapproval while looking at his phone.,"LABEL: Disapproval
CONFIDENCE: 0.85
REASON: His furrowed brow and stern facial expression suggest disapproval while looking at his phone."
framesdb/images/frame_59d8sov4rs6g2xp4.jpg,Disapproval,Disconnection,0.85,The solitary male figure standing apart from the group of women creates a visual sense of isolation and emotional distance.,"LABEL: Disconnection
CONFIDENCE: 0.85
REASON: The solitary male figure standing apart from the group of women creates a visual sense of isolation and emotional distance."
emodb_small/images/cl5sn4ab7c511e353h.jpg,Disapproval,Anger,0.95,"The girl's furrowed brow, clenched teeth, and sticking out tongue convey clear frustration or rage.","LABEL: Anger
CONFIDENCE: 0.95
REASON: The girl's furrowed brow, clenched teeth, and sticking out tongue convey clear frustration or rage."
emodb_small/images/cogxwvj6pdb8surbrg.jpg,Disapproval,Pain,0.95,"The person's facial expression shows clear signs of physical distress or agony, consistent with experiencing pain.","LABEL: Pain
CONFIDENCE: 0.95
REASON: The person's facial expression shows clear signs of physical distress or agony, consistent with experiencing pain."
emodb_small/images/eyd27i8afqr4hfed0w.jpg,Disapproval,Excitement,0.95,The crowd's intense expressions and raised arms suggest high energy and enthusiasm typical of excitement.,"LABEL: Excitement
CONFIDENCE: 0.95
REASON: The crowd's intense expressions and raised arms suggest high energy and enthusiasm typical of excitement."
emodb_small/images/gtsc9876oqghvxobog.jpg,Disapproval,Surprise,0.95,The person's wide eyes and open mouth indicate a startled or surprised reaction.,"LABEL: Surprise
CONFIDENCE: 0.95
REASON: The person's wide eyes and open mouth indicate a startled or surprised reaction."
emodb_small/images/f1k0purilsyt1kz7c1.jpg,Disapproval,Sadness,0.95,"The woman is visibly crying with a distressed facial expression while being comforted, indicating deep sadness.","LABEL: Sadness
CONFIDENCE: 0.95
REASON: The woman is visibly crying with a distressed facial expression while being comforted, indicating deep sadness."
mscoco/images/COCO_train2014_000000024939.jpg,Disapproval,Happiness,0.9,"The man is actively engaged in a fun video game, showing enjoyment through his posture and the lively setting.","LABEL: Happiness
CONFIDENCE: 0.9
REASON: The man is actively engaged in a fun video game, showing enjoyment through his posture and the lively setting."
mscoco/images/COCO_train2014_000000114326.jpg,Disapproval,Disapproval,0.85,The adult's hand gesture and facial expression suggest disapproval of the child's behavior.,"LABEL: Disapproval
CONFIDENCE: 0.85
REASON: The adult's hand gesture and facial expression suggest disapproval of the child's behavior."
framesdb/images/frame_l6modb9jnif0xn55.jpg,Disapproval,Disapproval,0.95,"The man is standing beside a sign that explicitly states dumping waste is illegal, indicating strong disapproval of the activity.","LABEL: Disapproval
CONFIDENCE: 0.95
REASON: The man is standing beside a sign that explicitly states dumping waste is illegal, indicating strong disapproval of the activity."
emodb_small/images/gr0n9z2if2cr0v5rch.jpg,Disapproval,Anger,0.95,"The person's facial expression shows clear signs of anger, including furrowed brows, narrowed eyes, and gritted teeth.","LABEL: Anger
CONFIDENCE: 0.95
REASON: The person's facial expression shows clear signs of anger, including furrowed brows, narrowed eyes, and gritted teeth."
framesdb/images/frame_lwdfk9rw0eug2k0v.jpg,Disapproval,Pleasure,0.85,"The person is relaxing in a bubble pool, suggesting enjoyment and contentment.","LABEL: Pleasure
CONFIDENCE: 0.85
REASON: The person is relaxing in a bubble pool, suggesting enjoyment and contentment."
emodb_small/images/csi7rxvd0jef22jdm8.jpg,Disapproval,Disapproval,0.85,His furrowed brow and tight lips suggest displeasure or disagreement.,"LABEL: Disapproval
CONFIDENCE: 0.85
REASON: His furrowed brow and tight lips suggest displeasure or disagreement."
mscoco/images/COCO_train2014_000000116210.jpg,Disapproval,Anger,0.95,The man's facial expression and open-mouthed yell strongly indicate anger.,"LABEL: Anger
CONFIDENCE: 0.95
REASON: The man's facial expression and open-mouthed yell strongly indicate anger."
framesdb/images/frame_hutlyzubgxn7n7fu.jpg,Disapproval,Disquietment,0.85,"The person is standing before a wall of human bones, which typically evokes unease or discomfort.","LABEL: Disquietment
CONFIDENCE: 0.85
REASON: The person is standing before a wall of human bones, which typically evokes unease or discomfort."
framesdb/images/frame_6d26bxsf1nhujj90.jpg,Disapproval,Engagement,0.85,"People are focused on the screen, eating popcorn, and interacting with each other in a movie theater setting.","LABEL: Engagement
CONFIDENCE: 0.85
REASON: People are focused on the screen, eating popcorn, and interacting with each other in a movie theater setting."
mscoco/images/COCO_train2014_000000261541.jpg,Disapproval,Disconnection,0.85,"The boy in the pinstripe suit appears isolated and detached from the surrounding people and environment, suggesting emotional or social disconnection.","LABEL: Disconnection
CONFIDENCE: 0.85
REASON: The boy in the pinstripe suit appears isolated and detached from the surrounding people and environment, suggesting emotional or social disconnection."
emodb_small/images/9t80q48ur4oculxto4.jpg,Disapproval,Sadness,0.9,"The woman's posture and facial expression convey emotional distress, suggesting sadness.","LABEL: Sadness
CONFIDENCE: 0.9
REASON: The woman's posture and facial expression convey emotional distress, suggesting sadness."
framesdb/images/frame_dtvdd4wtgpvcro5i.jpg,Disapproval,Disapproval,0.85,The man's stern facial expression and posture suggest disapproval of the situation or action.,"LABEL: Disapproval
CONFIDENCE: 0.85
REASON: The man's stern facial expression and posture suggest disapproval of the situation or action."
emodb_small/images/avimupn5tfrqqw9mgv.jpg,Disapproval,Disapproval,0.85,Her furrowed brow and tight-lipped expression convey strong disapproval or frustration.,"LABEL: Disapproval
CONFIDENCE: 0.85
REASON: Her furrowed brow and tight-lipped expression convey strong disapproval or frustration."
mscoco/images/COCO_train2014_000000011801.jpg,Disapproval,Happiness,0.85,"The children are smiling and posing proudly with the horse, suggesting joy and contentment.","LABEL: Happiness
CONFIDENCE: 0.85
REASON: The children are smiling and posing proudly with the horse, suggesting joy and contentment."
emodb_small/images/g0mrubg1xve67hngnq.jpg,Disapproval,Disapproval,0.9,"The woman is gesturing and speaking with a stern expression while looking down at the man, suggesting disapproval.","LABEL: Disapproval
CONFIDENCE: 0.9
REASON: The woman is gesturing and speaking with a stern expression while looking down at the man, suggesting disapproval."
emodb_small/images/gf1hzzo5a6sefs7cjo.jpg,Disapproval,Anger,0.95,"One woman is yelling aggressively while the other recoils, indicating intense anger from the speaker.","LABEL: Anger
CONFIDENCE: 0.95
REASON: One woman is yelling aggressively while the other recoils, indicating intense anger from the speaker."
framesdb/images/frame_g2m7m29qa583iyrw.jpg,Disapproval,Disapproval,0.85,"Players are arguing and gesturing angrily, suggesting disagreement or disapproval of a play or decision.","LABEL: Disapproval
CONFIDENCE: 0.85
REASON: Players are arguing and gesturing angrily, suggesting disagreement or disapproval of a play or decision."
framesdb/images/frame_fujao5vwetu3plpx.jpg,Disapproval,Disapproval,0.85,The man’s arms are crossed and his expression shows clear disapproval of the movie or situation.,"LABEL: Disapproval
CONFIDENCE: 0.85
REASON: The man’s arms are crossed and his expression shows clear disapproval of the movie or situation."
emodb_small/images/fzvmccnhhau1ov7qhd.jpg,Disapproval,Anger,0.95,The child's furrowed brow and tightened lips indicate clear anger.,"LABEL: Anger
CONFIDENCE: 0.95
REASON: The child's furrowed brow and tightened lips indicate clear anger."
emodb_small/images/gsdbbh55557mi0cas4.jpg,Disapproval,Disapproval,0.95,The man's intense facial expression and gestures suggest strong disapproval toward the woman.,"LABEL: Disapproval
CONFIDENCE: 0.95
REASON: The man's intense facial expression and gestures suggest strong disapproval toward the woman."
mscoco/images/COCO_train2014_000000171729.jpg,Aversion,Happiness,0.95,The two people are smiling broadly and appear relaxed and joyful in a comfortable setting.,"LABEL: Happiness
CONFIDENCE: 0.95
REASON: The two people are smiling broadly and appear relaxed and joyful in a comfortable setting."
emodb_small/images/eh6fo5xazcnas1fxvw.jpg,Aversion,Sadness,0.95,The woman's downturned mouth and teary eyes strongly indicate sadness.,"LABEL: Sadness
CONFIDENCE: 0.95
REASON: The woman's downturned mouth and teary eyes strongly indicate sadness."
framesdb/images/frame_ljbegaqddjfg1rwb.jpg,Aversion,Happiness,0.85,"People are actively building a snow fort, suggesting playful enjoyment and positive emotions.","LABEL: Happiness
CONFIDENCE: 0.85
REASON: People are actively building a snow fort, suggesting playful enjoyment and positive emotions."
emodb_small/images/d7gmvr6bmurwcfacvk.jpg,Aversion,Disapproval,0.85,The blonde woman's furrowed brow and downturned mouth suggest she disapproves of the smiling woman's action or expression.,"LABEL: Disapproval
CONFIDENCE: 0.85
REASON: The blonde woman's furrowed brow and downturned mouth suggest she disapproves of the smiling woman's action or expression."
mscoco/images/COCO_train2014_000000050274.jpg,Aversion,Happiness,0.85,"The children are actively playing with a frisbee, showing joyful engagement and playful energy.","LABEL: Happiness
CONFIDENCE: 0.85
REASON: The children are actively playing with a frisbee, showing joyful engagement and playful energy."
mscoco/images/COCO_val2014_000000575921.jpg,Aversion,Disapproval,0.85,"The man's furrowed brow and direct, intense gaze suggest he is expressing disapproval during the phone call.","LABEL: Disapproval
CONFIDENCE: 0.85
REASON: The man's furrowed brow and direct, intense gaze suggest he is expressing disapproval during the phone call."
emodb_small/images/eyd27i8afqr4hfed0w.jpg,Aversion,Excitement,0.95,The crowd's intense expressions and raised arms suggest high energy and enthusiasm typical of excitement.,"LABEL: Excitement
CONFIDENCE: 0.95
REASON: The crowd's intense expressions and raised arms suggest high energy and enthusiasm typical of excitement."
framesdb/images/frame_ltqxqx3ws4i7v779.jpg,Aversion,Fatigue,0.9,The man’s posture and expression suggest physical exhaustion from carrying the heavy log.,"LABEL: Fatigue
CONFIDENCE: 0.9
REASON: The man’s posture and expression suggest physical exhaustion from carrying the heavy log."
emodb_small/images/gmpjvx38elyg0cye0d.jpg,Aversion,Anger,0.95,"The person's clenched fists, furrowed brow, and tense facial expression strongly indicate anger.","LABEL: Anger
CONFIDENCE: 0.95
REASON: The person's clenched fists, furrowed brow, and tense facial expression strongly indicate anger."
emodb_small/images/cra80zwyyunnl2d281.jpg,Aversion,Surprise,0.95,"The person's wide eyes, open mouth, and raised hands convey a strong, startled reaction.","LABEL: Surprise
CONFIDENCE: 0.95
REASON: The person's wide eyes, open mouth, and raised hands convey a strong, startled reaction."
mscoco/images/COCO_train2014_000000126356.jpg,Aversion,Disapproval,0.85,The photographer's intense gaze and the police officer's presence suggest a critical or disapproving stance toward the situation.,"LABEL: Disapproval
CONFIDENCE: 0.85
REASON: The photographer's intense gaze and the police officer's presence suggest a critical or disapproving stance toward the situation."
emodb_small/images/fdeaetzik3g6nc3p82.jpg,Aversion,Fear,0.95,"The character is being held by a masked, monstrous figure in a dark setting, evoking terror.","LABEL: Fear
CONFIDENCE: 0.95
REASON: The character is being held by a masked, monstrous figure in a dark setting, evoking terror."
emodb_small/images/fzrt5bqlrcjap7ahqp.jpg,Aversion,Disapproval,0.95,"The boy's furrowed brow, downturned mouth, and crossed arms convey clear disapproval.","LABEL: Disapproval
CONFIDENCE: 0.95
REASON: The boy's furrowed brow, downturned mouth, and crossed arms convey clear disapproval."
emodb_small/images/e21tabvvmz4ngj0vol.jpg,Aversion,Sadness,0.95,"Multiple individuals are visibly crying and showing signs of grief, indicating collective sadness.","LABEL: Sadness
CONFIDENCE: 0.95
REASON: Multiple individuals are visibly crying and showing signs of grief, indicating collective sadness."
framesdb/images/frame_30ikw9t15c2xc0mh.jpg,Aversion,Pleasure,0.85,The woman's gentle smile and relaxed posture suggest contentment and enjoyment while looking at her clothes.,"LABEL: Pleasure
CONFIDENCE: 0.85
REASON: The woman's gentle smile and relaxed posture suggest contentment and enjoyment while looking at her clothes."
emodb_small/images/gf1hzzo5a6sefs7cjo.jpg,Aversion,Anger,0.95,"One woman is yelling aggressively while the other is recoiling, indicating strong anger.","LABEL: Anger
CONFIDENCE: 0.95
REASON: One woman is yelling aggressively while the other is recoiling, indicating strong anger."
emodb_small/images/fl8ljzsyeha72tbjky.jpg,Aversion,Anger,0.95,"One person is yelling with a furious expression while the other looks away with a displeased expression, indicating strong anger.","LABEL: Anger
CONFIDENCE: 0.95
REASON: One person is yelling with a furious expression while the other looks away with a displeased expression, indicating strong anger."
mscoco/images/COCO_train2014_000000532457.jpg,Aversion,Disapproval,0.95,"The protesters are holding signs with religiously-based condemnations of homosexuality, indicating strong disapproval of the subject.","LABEL: Disapproval
CONFIDENCE: 0.95
REASON: The protesters are holding signs with religiously-based condemnations of homosexuality, indicating strong disapproval of the subject."
mscoco/images/COCO_train2014_000000032829.jpg,Aversion,Happiness,0.85,"The woman is smiling warmly while standing with her luggage, suggesting a positive, happy mood.","LABEL: Happiness
CONFIDENCE: 0.85
REASON: The woman is smiling warmly while standing with her luggage, suggesting a positive, happy mood."
framesdb/images/frame_32y0gudn65d2bh73.jpg,Aversion,Disconnection,0.85,"The woman is on the phone but appears detached from her surroundings, suggesting emotional or physical disconnection.","LABEL: Disconnection
CONFIDENCE: 0.85
REASON: The woman is on the phone but appears detached from her surroundings, suggesting emotional or physical disconnection."
emodb_small/images/g43dpf7iroibvwtjit.jpg,Aversion,Disapproval,0.95,The person's furrowed brow and downturned mouth convey strong disapproval.,"LABEL: Disapproval
CONFIDENCE: 0.95
REASON: The person's furrowed brow and downturned mouth convey strong disapproval."
mscoco/images/COCO_train2014_000000402083.jpg,Aversion,Engagement,0.85,"The man in the blue cap is actively gesturing and speaking, indicating he is engaged in a conversation or presentation.","LABEL: Engagement
CONFIDENCE: 0.85
REASON: The man in the blue cap is actively gesturing and speaking, indicating he is engaged in a conversation or presentation."
emodb_small/images/d15eucuofmneliy6bh.jpg,Aversion,Surprise,0.9,The unexpected splash of liquid on the face of the person in the blue shirt is a visually shocking and surprising moment.,"LABEL: Surprise
CONFIDENCE: 0.9
REASON: The unexpected splash of liquid on the face of the person in the blue shirt is a visually shocking and surprising moment."
framesdb/images/frame_8h6ethm0i6kfifjf.jpg,Aversion,Happiness,0.95,The team members are smiling and appear joyful while interacting with the lion.,"LABEL: Happiness
CONFIDENCE: 0.95
REASON: The team members are smiling and appear joyful while interacting with the lion."
emodb_small/images/g6ic2rihk9g63m51h7.jpg,Aversion,Disapproval,0.85,"The coach is pointing his finger and has a stern expression while talking to the player, indicating disapproval of his behavior or performance.","LABEL: Disapproval
CONFIDENCE: 0.85
REASON: The coach is pointing his finger and has a stern expression while talking to the player, indicating disapproval of his behavior or performance."
emodb_small/images/3eaojdwymok8ol28m2.jpg,Aversion,Esteem,0.85,"The act of washing another person's feet, especially in a religious context, often signifies humility and respect, implying esteem for the person being served.","LABEL: Esteem
CONFIDENCE: 0.85
REASON: The act of washing another person's feet, especially in a religious context, often signifies humility and respect, implying esteem for the person being served."
emodb_small/images/ctvx2pmqvdocr6c228.jpg,Aversion,Disapproval,0.95,The woman's furrowed brow and tight lips convey strong disapproval or displeasure.,"LABEL: Disapproval
CONFIDENCE: 0.95
REASON: The woman's furrowed brow and tight lips convey strong disapproval or displeasure."
mscoco/images/COCO_train2014_000000189491.jpg,Aversion,Happiness,0.95,The athlete's wide smile and energetic posture convey joy and enthusiasm during the tennis match.,"LABEL: Happiness
CONFIDENCE: 0.95
REASON: The athlete's wide smile and energetic posture convey joy and enthusiasm during the tennis match."
mscoco/images/COCO_train2014_000000327338.jpg,Aversion,Peace,0.85,The relaxed postures and calm setting suggest tranquility and contentment.,"LABEL: Peace
CONFIDENCE: 0.85
REASON: The relaxed postures and calm setting suggest tranquility and contentment."
emodb_small/images/bukcaslufs4nfqrt66.jpg,Aversion,Disapproval,0.95,"The woman is pointing her finger and has a stern, frowning expression, clearly indicating disapproval.","LABEL: Disapproval
CONFIDENCE: 0.95
REASON: The woman is pointing her finger and has a stern, frowning expression, clearly indicating disapproval."
mscoco/images/COCO_train2014_000000000326.jpg,Aversion,Anticipation,0.85,"The man is holding a wine glass up to light, likely examining the wine's color and clarity before tasting, suggesting he is looking forward to evaluating or enjoying it.","LABEL: Anticipation
CONFIDENCE: 0.85
REASON: The man is holding a wine glass up to light, likely examining the wine's color and clarity before tasting, suggesting he is looking forward to evaluating or enjoying it."
framesdb/images/frame_gsfqvymchkcr2mle.jpg,Aversion,Affection,0.9,"The woman is gently securing the child in the car seat, showing care and tenderness.","LABEL: Affection
CONFIDENCE: 0.9
REASON: The woman is gently securing the child in the car seat, showing care and tenderness."
framesdb/images/frame_5sdd0eev2iyqefto.jpg,Aversion,Disapproval,0.95,"The protest sign explicitly says ""NO ❤️ FOR BUSH,"" indicating strong opposition to Bush.","LABEL: Disapproval
CONFIDENCE: 0.95
REASON: The protest sign explicitly says ""NO ❤️ FOR BUSH,"" indicating strong opposition to Bush."
mscoco/images/COCO_train2014_000000340292.jpg,Aversion,Happiness,0.85,"The group appears relaxed and engaged in conversation over food, suggesting a pleasant social experience.","LABEL: Happiness
CONFIDENCE: 0.85
REASON: The group appears relaxed and engaged in conversation over food, suggesting a pleasant social experience."
mscoco/images/COCO_train2014_000000489827.jpg,Aversion,Pleasure,0.95,"The girl is happily eating pizza, showing clear enjoyment.","LABEL: Pleasure
CONFIDENCE: 0.95
REASON: The girl is happily eating pizza, showing clear enjoyment."
mscoco/images/COCO_train2014_000000332544.jpg,Aversion,Disconnection,0.85,"The individuals appear isolated under harsh lighting, suggesting emotional or social detachment.","LABEL: Disconnection
CONFIDENCE: 0.85
REASON: The individuals appear isolated under harsh lighting, suggesting emotional or social detachment."
emodb_small/images/etm3bw4d2bbe1eo8pl.jpg,Aversion,Suffering,0.95,"The individuals show extreme distress with open mouths and hands covering faces, indicating deep emotional pain.","LABEL: Suffering
CONFIDENCE: 0.95
REASON: The individuals show extreme distress with open mouths and hands covering faces, indicating deep emotional pain."
ade20k/images/labelme_wqnscyafmdgxnwn.jpg,Aversion,Peace,0.85,The calm outdoor setting with soft lighting and quiet architecture suggests tranquility.,"LABEL: Peace
CONFIDENCE: 0.85
REASON: The calm outdoor setting with soft lighting and quiet architecture suggests tranquility."
framesdb/images/frame_erwzk3npaleubsqm.jpg,Annoyance,Anticipation,0.8,"People are waiting in lines at an airport, likely anticipating their flights or next steps.","LABEL: Anticipation
CONFIDENCE: 0.8
REASON: People are waiting in lines at an airport, likely anticipating their flights or next steps."
emodb_small/images/h705hnfsvdwf6mh2xw.jpg,Annoyance,Anger,0.95,"The women are yelling and grabbing each other's hair, indicating intense hostile emotion.","LABEL: Anger
CONFIDENCE: 0.95
REASON: The women are yelling and grabbing each other's hair, indicating intense hostile emotion."
mscoco/images/COCO_train2014_000000510594.jpg,Annoyance,Happiness,0.85,"The scene depicts a cheerful parade with a Dalmatian dog and uniformed handlers, suggesting festive joy.","LABEL: Happiness
CONFIDENCE: 0.85
REASON: The scene depicts a cheerful parade with a Dalmatian dog and uniformed handlers, suggesting festive joy."
emodb_small/images/fa5r3o08nkixvkvo74.jpg,Annoyance,Fear,0.95,The person's wide-open mouth and intense facial expression convey extreme fear or terror.,"LABEL: Fear
CONFIDENCE: 0.95
REASON: The person's wide-open mouth and intense facial expression convey extreme fear or terror."
mscoco/images/COCO_train2014_000000054173.jpg,Annoyance,Excitement,0.85,"The tennis player is in mid-action, suggesting intense focus and energy typical of an exciting match moment.","LABEL: Excitement
CONFIDENCE: 0.85
REASON: The tennis player is in mid-action, suggesting intense focus and energy typical of an exciting match moment."
emodb_small/images/fkl4w4mjuvmk0vhorj.jpg,Annoyance,Anger,0.95,The man's facial expression and pointing gesture convey strong frustration or rage.,"LABEL: Anger
CONFIDENCE: 0.95
REASON: The man's facial expression and pointing gesture convey strong frustration or rage."
mscoco/images/COCO_train2014_000000179504.jpg,Annoyance,Disapproval,0.85,The man’s stern facial expression and focused gaze suggest disapproval of something unseen.,"LABEL: Disapproval
CONFIDENCE: 0.85
REASON: The man’s stern facial expression and focused gaze suggest disapproval of something unseen."
ade20k/images/sun_atvptssfhfcmrtub.jpg,Annoyance,Disconnection,0.85,"The passengers appear isolated and not interacting, suggesting emotional or social disconnection.","LABEL: Disconnection
CONFIDENCE: 0.85
REASON: The passengers appear isolated and not interacting, suggesting emotional or social disconnection."
emodb_small/images/8trv21y6vlghpsvsqw.jpg,Annoyance,Fatigue,0.95,The man’s closed eyes and hand pressing against his forehead strongly suggest tiredness or exhaustion.,"LABEL: Fatigue
CONFIDENCE: 0.95
REASON: The man’s closed eyes and hand pressing against his forehead strongly suggest tiredness or exhaustion."
framesdb/images/frame_00czuq3vnu5xvmr4.jpg,Annoyance,Disapproval,0.85,The man's stern facial expression and pointed gestures suggest he is expressing disagreement or disapproval.,"LABEL: Disapproval
CONFIDENCE: 0.85
REASON: The man's stern facial expression and pointed gestures suggest he is expressing disagreement or disapproval."
framesdb/images/frame_b3kr0jo6wpi3h6q9.jpg,Annoyance,Happiness,0.95,"The children are smiling broadly while interacting with the technology, indicating joy and positive emotion.","LABEL: Happiness
CONFIDENCE: 0.95
REASON: The children are smiling broadly while interacting with the technology, indicating joy and positive emotion."
framesdb/images/frame_dk3kihbe49vq2jdg.jpg,Annoyance,Anticipation,0.85,"The person in the mask is gesturing toward the car, suggesting an imminent action or event.","LABEL: Anticipation
CONFIDENCE: 0.85
REASON: The person in the mask is gesturing toward the car, suggesting an imminent action or event."
mscoco/images/COCO_train2014_000000211071.jpg,Annoyance,Anticipation,0.85,The players' focused postures and active engagement suggest they are anticipating the next move in their game.,"LABEL: Anticipation
CONFIDENCE: 0.85
REASON: The players' focused postures and active engagement suggest they are anticipating the next move in their game."
emodb_small/images/g60siq9z3hzyu7zb3o.jpg,Annoyance,Disapproval,0.95,"The man's furrowed brow, tight lips, and pointing finger convey strong disapproval.","LABEL: Disapproval
CONFIDENCE: 0.95
REASON: The man's furrowed brow, tight lips, and pointing finger convey strong disapproval."
mscoco/images/COCO_train2014_000000394766.jpg,Annoyance,Disapproval,0.85,The woman’s facial expression and posture suggest she is not pleased with what the man is saying or doing.,"LABEL: Disapproval
CONFIDENCE: 0.85
REASON: The woman’s facial expression and posture suggest she is not pleased with what the man is saying or doing."
framesdb/images/frame_j940nf7k1rdhkejk.jpg,Annoyance,Peace,0.85,"The child sits calmly on the dock, gazing at the serene water and distant hills under a bright sky, conveying tranquility.","LABEL: Peace
CONFIDENCE: 0.85
REASON: The child sits calmly on the dock, gazing at the serene water and distant hills under a bright sky, conveying tranquility."
emodb_small/images/gdli6adbasjcw7uvim.jpg,Annoyance,Disapproval,0.95,"The man on the left is gesturing aggressively toward the distressed man, suggesting disapproval or frustration.","LABEL: Disapproval
CONFIDENCE: 0.95
REASON: The man on the left is gesturing aggressively toward the distressed man, suggesting disapproval or frustration."
mscoco/images/COCO_val2014_000000187852.jpg,Annoyance,Disapproval,0.85,The man’s downturned mouth and sidelong glance suggest he is not pleased with the situation around him.,"LABEL: Disapproval
CONFIDENCE: 0.85
REASON: The man’s downturned mouth and sidelong glance suggest he is not pleased with the situation around him."
mscoco/images/COCO_train2014_000000453686.jpg,Annoyance,Disapproval,0.8,The man with arms crossed appears skeptical or disapproving of the standing person.,"LABEL: Disapproval
CONFIDENCE: 0.8
REASON: The man with arms crossed appears skeptical or disapproving of the standing person."
emodb_small/images/fxsau4v0k656gnk6k0.jpg,Annoyance,Anger,0.95,The person's facial expression and body language show clear signs of rage and frustration.,"LABEL: Anger
CONFIDENCE: 0.95
REASON: The person's facial expression and body language show clear signs of rage and frustration."
framesdb/images/frame_l9h5xrw2hjq6eato.jpg,Annoyance,Disquietment,0.85,"The cramped elevator filled with strangers and their tense, staring expressions convey unease and discomfort.","LABEL: Disquietment
CONFIDENCE: 0.85
REASON: The cramped elevator filled with strangers and their tense, staring expressions convey unease and discomfort."
mscoco/images/COCO_train2014_000000530745.jpg,Annoyance,Sadness,0.9,"The tennis player is sitting on the court with his racket nearby, suggesting disappointment or defeat, which aligns with sadness.","LABEL: Sadness
CONFIDENCE: 0.9
REASON: The tennis player is sitting on the court with his racket nearby, suggesting disappointment or defeat, which aligns with sadness."
framesdb/images/frame_j0s89681xd0y9c22.jpg,Annoyance,Fatigue,0.95,"The worker is sitting on the ground with his head down and hand on his face, a posture strongly suggesting exhaustion or tiredness.","LABEL: Fatigue
CONFIDENCE: 0.95
REASON: The worker is sitting on the ground with his head down and hand on his face, a posture strongly suggesting exhaustion or tiredness."
framesdb/images/frame_cdiw8wrcis87vk42.jpg,Annoyance,Excitement,0.95,"The women are actively protesting with energetic signs and festive headpieces, conveying enthusiasm and passion for their cause.","LABEL: Excitement
CONFIDENCE: 0.95
REASON: The women are actively protesting with energetic signs and festive headpieces, conveying enthusiasm and passion for their cause."
mscoco/images/COCO_train2014_000000351890.jpg,Annoyance,Happiness,0.85,"Several people are smiling and appear engaged in a social gathering, suggesting positive emotions.","LABEL: Happiness
CONFIDENCE: 0.85
REASON: Several people are smiling and appear engaged in a social gathering, suggesting positive emotions."
mscoco/images/COCO_train2014_000000039911.jpg,Annoyance,Happiness,0.95,The player's wide smile and celebratory gesture indicate joy after successfully making a play.,"LABEL: Happiness
CONFIDENCE: 0.95
REASON: The player's wide smile and celebratory gesture indicate joy after successfully making a play."
mscoco/images/COCO_train2014_000000250295.jpg,Annoyance,Excitement,0.85,"The person raising their arm and the photographer capturing the moment suggest an enthusiastic, lively interaction with the elephant.","LABEL: Excitement
CONFIDENCE: 0.85
REASON: The person raising their arm and the photographer capturing the moment suggest an enthusiastic, lively interaction with the elephant."
emodb_small/images/dyw69dfugp42oekh3p.jpg,Annoyance,Pain,0.95,"The man is clutching his lower back with a grimace, clearly indicating physical discomfort or pain.","LABEL: Pain
CONFIDENCE: 0.95
REASON: The man is clutching his lower back with a grimace, clearly indicating physical discomfort or pain."
mscoco/images/COCO_train2014_000000023287.jpg,Annoyance,Disconnection,0.8,"The player appears isolated and focused inward, disconnected from the immediate surroundings or teammates.","LABEL: Disconnection
CONFIDENCE: 0.8
REASON: The player appears isolated and focused inward, disconnected from the immediate surroundings or teammates."
emodb_small/images/gfv420vao1ad716x4t.jpg,Annoyance,Disapproval,0.95,"The man's furrowed brow, narrowed eyes, and crossed arms convey strong disapproval or disagreement.","LABEL: Disapproval
CONFIDENCE: 0.95
REASON: The man's furrowed brow, narrowed eyes, and crossed arms convey strong disapproval or disagreement."
mscoco/images/COCO_train2014_000000164142.jpg,Annoyance,Happiness,0.85,"The man is smiling broadly while holding food, suggesting enjoyment at an outdoor event.","LABEL: Happiness
CONFIDENCE: 0.85
REASON: The man is smiling broadly while holding food, suggesting enjoyment at an outdoor event."
emodb_small/images/g7re4c8l05kbqqh5mg.jpg,Annoyance,Anger,0.95,The woman's facial expression and gesturing show clear anger directed at the man.,"LABEL: Anger
CONFIDENCE: 0.95
REASON: The woman's facial expression and gesturing show clear anger directed at the man."
emodb_small/images/cq38jnhwg7y15250lx.jpg,Annoyance,Aversion,0.95,"The person's wrinkled nose, squinted eyes, and downturned mouth strongly indicate disgust or aversion.","LABEL: Aversion
CONFIDENCE: 0.95
REASON: The person's wrinkled nose, squinted eyes, and downturned mouth strongly indicate disgust or aversion."
mscoco/images/COCO_train2014_000000510979.jpg,Annoyance,Happiness,0.85,"People are gathered around a table, smiling and eating, suggesting a positive, social atmosphere.","LABEL: Happiness
CONFIDENCE: 0.85
REASON: People are gathered around a table, smiling and eating, suggesting a positive, social atmosphere."
framesdb/images/frame_ej6entpaadewgc9y.jpg,Annoyance,Anticipation,0.85,The man checking his watch suggests he is waiting for something important to happen.,"LABEL: Anticipation
CONFIDENCE: 0.85
REASON: The man checking his watch suggests he is waiting for something important to happen."
emodb_small/images/fiz5xorzz2wg3f6mjw.jpg,Annoyance,Anger,0.95,"The man's wide-open mouth, intense facial expression, and surrounded crowd suggest a strong emotional outburst consistent with anger.","LABEL: Anger
CONFIDENCE: 0.95
REASON: The man's wide-open mouth, intense facial expression, and surrounded crowd suggest a strong emotional outburst consistent with anger."
mscoco/images/COCO_val2014_000000136285.jpg,Annoyance,Esteem,0.85,"The formal attire and composed posture of both the adult and child suggest a dignified, proud moment, implying mutual respect and esteem.","LABEL: Esteem
CONFIDENCE: 0.85
REASON: The formal attire and composed posture of both the adult and child suggest a dignified, proud moment, implying mutual respect and esteem."
emodb_small/images/grdh6brx51v3xinvrb.jpg,Annoyance,Anger,0.95,"The man's facial expression, with a furrowed brow, wide eyes, and open mouth as if shouting, strongly indicates anger.","LABEL: Anger
CONFIDENCE: 0.95
REASON: The man's facial expression, with a furrowed brow, wide eyes, and open mouth as if shouting, strongly indicates anger."
framesdb/images/frame_jbtqq5ahai9ylby3.jpg,Anger,Happiness,0.95,"The central player is shouting with a wide smile and open arms, clearly celebrating a goal with teammates, indicating strong happiness.","LABEL: Happiness
CONFIDENCE: 0.95
REASON: The central player is shouting with a wide smile and open arms, clearly celebrating a goal with teammates, indicating strong happiness."
framesdb/images/frame_jho43ngrz6irqpgk.jpg,Anger,Disconnection,0.85,"The individuals are physically close but appear emotionally detached, focused on their devices rather than engaging with each other.","LABEL: Disconnection
CONFIDENCE: 0.85
REASON: The individuals are physically close but appear emotionally detached, focused on their devices rather than engaging with each other."
framesdb/images/frame_lcs8pku339ipaanw.jpg,Anger,Anger,0.95,"The man is yelling with an aggressive posture, and the woman is covering her ears with a distressed expression, indicating anger from both parties.","LABEL: Anger
CONFIDENCE: 0.95
REASON: The man is yelling with an aggressive posture, and the woman is covering her ears with a distressed expression, indicating anger from both parties."
framesdb/images/frame_img70kzyxcwpcep2.jpg,Anger,Excitement,0.85,The crowded toy store entrance with festive decorations suggests joyful anticipation and excitement among shoppers.,"LABEL: Excitement
CONFIDENCE: 0.85
REASON: The crowded toy store entrance with festive decorations suggests joyful anticipation and excitement among shoppers."
framesdb/images/frame_akualqxsncjvgeyg.jpg,Anger,Disapproval,0.85,"The man in the blue shirt is gesturing emphatically toward another man while speaking, suggesting a confrontational or disapproving interaction.","LABEL: Disapproval
CONFIDENCE: 0.85
REASON: The man in the blue shirt is gesturing emphatically toward another man while speaking, suggesting a confrontational or disapproving interaction."
emodb_small/images/gi0gp6m7tkndd6f112.jpg,Anger,Anger,0.95,"The woman's wide-open mouth, intense facial expression, and tense posture strongly indicate she is shouting in anger.","LABEL: Anger
CONFIDENCE: 0.95
REASON: The woman's wide-open mouth, intense facial expression, and tense posture strongly indicate she is shouting in anger."
framesdb/images/frame_liajpv2rrkm20bo1.jpg,Anger,Disconnection,0.85,"The image depicts prisoners in a stark, impersonal environment with no visible personal interaction or emotional connection, conveying a sense of isolation and detachment.","LABEL: Disconnection
CONFIDENCE: 0.85
REASON: The image depicts prisoners in a stark, impersonal environment with no visible personal interaction or emotional connection, conveying a sense of isolation and detachment."
mscoco/images/COCO_train2014_000000517487.jpg,Anger,Disapproval,0.85,The man's stern facial expression and formal attire convey disapproval.,"LABEL: Disapproval
CONFIDENCE: 0.85
REASON: The man's stern facial expression and formal attire convey disapproval."
emodb_small/images/gs2trkwi7hos146z4w.jpg,Anger,Disapproval,0.85,The man's furrowed brow and downturned mouth suggest disapproval.,"LABEL: Disapproval
CONFIDENCE: 0.85
REASON: The man's furrowed brow and downturned mouth suggest disapproval."
framesdb/images/frame_im5arsnyxuzoyvyh.jpg,Anger,Happiness,0.95,"The boxer is celebrating a victory with arms raised, a universally recognized expression of happiness.","LABEL: Happiness
CONFIDENCE: 0.95
REASON: The boxer is celebrating a victory with arms raised, a universally recognized expression of happiness."
mscoco/images/COCO_val2014_000000579056.jpg,Anger,Excitement,0.85,"The dynamic action of swinging a bat with a colorful splash suggests energetic, thrilling activity.","LABEL: Excitement
CONFIDENCE: 0.85
REASON: The dynamic action of swinging a bat with a colorful splash suggests energetic, thrilling activity."
emodb_small/images/fw2kgcy7ce4buvo7d3.jpg,Anger,Anger,0.95,The person's facial expression and body language strongly indicate intense anger.,"LABEL: Anger
CONFIDENCE: 0.95
REASON: The person's facial expression and body language strongly indicate intense anger."
framesdb/images/frame_dy9lbeqikdu279x7.jpg,Anger,Disapproval,0.85,"The man's stern facial expression and body language suggest disapproval of something, possibly his own situation or attire.","LABEL: Disapproval
CONFIDENCE: 0.85
REASON: The man's stern facial expression and body language suggest disapproval of something, possibly his own situation or attire."
emodb_small/images/ge1jkzh3eo6k6dkb2v.jpg,Anger,Anger,0.95,"The person's facial expression, with furrowed brows, wide-open mouth, and hands on head, strongly indicates intense anger.","LABEL: Anger
CONFIDENCE: 0.95
REASON: The person's facial expression, with furrowed brows, wide-open mouth, and hands on head, strongly indicates intense anger."
mscoco/images/COCO_train2014_000000222977.jpg,Anger,Surprise,0.85,"The man in the center is striking a dramatic, theatrical pose with fencing foils, suggesting an unexpected or exaggerated performance.","LABEL: Surprise
CONFIDENCE: 0.85
REASON: The man in the center is striking a dramatic, theatrical pose with fencing foils, suggesting an unexpected or exaggerated performance."
emodb_small/images/g7upq9trwmhf1oetgg.jpg,Anger,Anger,0.95,"The person's facial expression, with furrowed brows, gritted teeth, and an intense stare, clearly indicates anger.","LABEL: Anger
CONFIDENCE: 0.95
REASON: The person's facial expression, with furrowed brows, gritted teeth, and an intense stare, clearly indicates anger."
mscoco/images/COCO_train2014_000000509931.jpg,Anger,Anticipation,0.85,"The elephant is adorned with ceremonial decorations and being attended to by people, suggesting a ritual or event is about to happen.","LABEL: Anticipation
CONFIDENCE: 0.85
REASON: The elephant is adorned with ceremonial decorations and being attended to by people, suggesting a ritual or event is about to happen."
emodb_small/images/ftn81xo2oyd3t7wncr.jpg,Anger,Disapproval,0.95,"The girl's furrowed brow, narrowed eyes, and crossed arms indicate strong disapproval of something or someone.","LABEL: Disapproval
CONFIDENCE: 0.95
REASON: The girl's furrowed brow, narrowed eyes, and crossed arms indicate strong disapproval of something or someone."
emodb_small/images/gog1i3qqqj2cm5jiuc.jpg,Anger,Happiness,0.95,The man's triumphant pose and facial expression indicate strong joy or happiness.,"LABEL: Happiness
CONFIDENCE: 0.95
REASON: The man's triumphant pose and facial expression indicate strong joy or happiness."
mscoco/images/COCO_val2014_000000542755.jpg,Anger,Happiness,0.95,The tennis player's wide smile and celebratory pose indicate joy after a successful point.,"LABEL: Happiness
CONFIDENCE: 0.95
REASON: The tennis player's wide smile and celebratory pose indicate joy after a successful point."
emodb_small/images/gyxnznvc0hjr3l6tt6.jpg,Anger,Anger,0.95,"The person's facial expression, with a wide-open mouth, bared teeth, and furrowed brows, strongly indicates intense anger.","LABEL: Anger
CONFIDENCE: 0.95
REASON: The person's facial expression, with a wide-open mouth, bared teeth, and furrowed brows, strongly indicates intense anger."
framesdb/images/frame_iqljg96xr2wha50c.jpg,Anger,Disapproval,0.85,"The scene depicts a dirty, chaotic landfill with workers in hazardous conditions, which likely evokes disapproval of environmental neglect or poor waste management.","LABEL: Disapproval
CONFIDENCE: 0.85
REASON: The scene depicts a dirty, chaotic landfill with workers in hazardous conditions, which likely evokes disapproval of environmental neglect or poor waste management."
emodb_small/images/gooprha47vibt86u4g.jpg,Anger,Anger,0.95,"The person's facial expression shows clear signs of anger, including furrowed brows, wide eyes, and a grimace with bared teeth.","LABEL: Anger
CONFIDENCE: 0.95
REASON: The person's facial expression shows clear signs of anger, including furrowed brows, wide eyes, and a grimace with bared teeth."
mscoco/images/COCO_val2014_000000084447.jpg,Anger,Confidence,0.8,"The rider is lying on the ground next to the motorcycle, suggesting a crash or failure, which implies disappointment.","LABEL: Disappointment
CONFIDENCE: 0.8
REASON: The rider is lying on the ground next to the motorcycle, suggesting a crash or failure, which implies disappointment."
emodb_small/images/g913ioe8wwg2ej06h0.jpg,Anger,Anger,0.95,The man's facial expression and aggressive posture strongly indicate anger.,"LABEL: Anger
CONFIDENCE: 0.95
REASON: The man's facial expression and aggressive posture strongly indicate anger."
emodb_small/images/ga5g0gjbgz2zct7vnb.jpg,Anger,Disapproval,0.95,The couple's body language and facial expressions show clear disagreement and mutual disapproval.,"LABEL: Disapproval
CONFIDENCE: 0.95
REASON: The couple's body language and facial expressions show clear disagreement and mutual disapproval."
framesdb/images/frame_louk50k9uo2p3lq1.jpg,Anger,Anger,0.95,"The man is forcefully tearing a flag while being restrained, indicating intense anger.","LABEL: Anger
CONFIDENCE: 0.95
REASON: The man is forcefully tearing a flag while being restrained, indicating intense anger."
emodb_small/images/ft7cx0rkhwxj2tycj0.jpg,Anger,Happiness,0.95,"The man’s wide stance, raised arms, and celebratory gesture with the bottle strongly suggest joy or happiness.","LABEL: Happiness
CONFIDENCE: 0.95
REASON: The man’s wide stance, raised arms, and celebratory gesture with the bottle strongly suggest joy or happiness."
emodb_small/images/ft7cx0rkhwxj2tycj0.jpg,Anger,Happiness,0.95,"The man’s wide stance, raised arms, and celebratory gesture strongly suggest joyous excitement.","LABEL: Happiness
CONFIDENCE: 0.95
REASON: The man’s wide stance, raised arms, and celebratory gesture strongly suggest joyous excitement."
framesdb/images/frame_fr35rcsskco53ibw.jpg,Anger,Disapproval,0.85,The man's intense facial expression and gesturing toward the flight attendant suggest disagreement or disapproval.,"LABEL: Disapproval
CONFIDENCE: 0.85
REASON: The man's intense facial expression and gesturing toward the flight attendant suggest disagreement or disapproval."
framesdb/images/frame_ivvwnayhg9ervnpz.jpg,Anger,Disconnection,0.85,"People are physically separated by the escalator and railings, showing a lack of connection or interaction among them.","LABEL: Disconnection
CONFIDENCE: 0.85
REASON: People are physically separated by the escalator and railings, showing a lack of connection or interaction among them."
mscoco/images/COCO_train2014_000000141668.jpg,Anger,Esteem,0.8,"The adult male figure appears to be a coach or mentor, standing proudly with his young tennis players, suggesting a sense of pride and respect for their abilities.","LABEL: Esteem
CONFIDENCE: 0.8
REASON: The adult male figure appears to be a coach or mentor, standing proudly with his young tennis players, suggesting a sense of pride and respect for their abilities."
framesdb/images/frame_lra8o7zw204q54hf.jpg,Anger,Surprise,0.85,"The soldiers' wide-eyed, open-mouthed expressions indicate shock or astonishment at what they are experiencing.","LABEL: Surprise
CONFIDENCE: 0.85
REASON: The soldiers' wide-eyed, open-mouthed expressions indicate shock or astonishment at what they are experiencing."
mscoco/images/COCO_train2014_000000249086.jpg,Anger,Engagement,0.95,"Two children are actively participating in making a pizza together, showing focused involvement.","LABEL: Engagement
CONFIDENCE: 0.95
REASON: Two children are actively participating in making a pizza together, showing focused involvement."
framesdb/images/frame_jrtyqpp6eibyqoa8.jpg,Anger,Disquietment,0.85,"The person sitting down with their head in their hands on a rocky, foggy mountain suggests distress or unease.","LABEL: Disquietment
CONFIDENCE: 0.85
REASON: The person sitting down with their head in their hands on a rocky, foggy mountain suggests distress or unease."
framesdb/images/frame_ivfv1x55yo7e35rb.jpg,Anger,Engagement,0.9,"The students are focused on the teacher, showing active attention and involvement in the lesson.","LABEL: Engagement
CONFIDENCE: 0.9
REASON: The students are focused on the teacher, showing active attention and involvement in the lesson."
framesdb/images/frame_ivfv1x55yo7e35rb.jpg,Anger,Engagement,0.85,"The children are focused on the teacher, indicating active attention and involvement in the lesson.","LABEL: Engagement
CONFIDENCE: 0.85
REASON: The children are focused on the teacher, indicating active attention and involvement in the lesson."
framesdb/images/frame_ivfv1x55yo7e35rb.jpg,Anger,Engagement,0.85,"The students are focused on the teacher, indicating active attention and involvement in the lesson.","LABEL: Engagement
CONFIDENCE: 0.85
REASON: The students are focused on the teacher, indicating active attention and involvement in the lesson."
emodb_small/images/ebpsbjqzfhd7efh00i.jpg,Sensitivity,Sadness,0.95,"All three individuals in the image are visibly crying, indicating strong emotional distress consistent with sadness.","LABEL: Sadness
CONFIDENCE: 0.95
REASON: All three individuals in the image are visibly crying, indicating strong emotional distress consistent with sadness."
mscoco/images/COCO_train2014_000000274108.jpg,Sensitivity,Engagement,0.95,"The older child is actively reading to the baby, showing focused involvement and connection.","LABEL: Engagement
CONFIDENCE: 0.95
REASON: The older child is actively reading to the baby, showing focused involvement and connection."
mscoco/images/COCO_train2014_000000274642.jpg,Sensitivity,Happiness,0.95,"The woman is smiling broadly while watching the baby interact with the birthday cake, conveying clear joy.","LABEL: Happiness
CONFIDENCE: 0.95
REASON: The woman is smiling broadly while watching the baby interact with the birthday cake, conveying clear joy."
mscoco/images/COCO_train2014_000000233143.jpg,Sensitivity,Happiness,0.85,"The child is smiling and appears content while sitting in a suitcase, suggesting joy.","LABEL: Happiness
CONFIDENCE: 0.85
REASON: The child is smiling and appears content while sitting in a suitcase, suggesting joy."
mscoco/images/COCO_train2014_000000417446.jpg,Sensitivity,Happiness,0.85,"The woman and child are smiling and enjoying the view together, suggesting joy.","LABEL: Happiness
CONFIDENCE: 0.85
REASON: The woman and child are smiling and enjoying the view together, suggesting joy."
mscoco/images/COCO_train2014_000000319388.jpg,Sensitivity,Engagement,0.9,"The child is focused and actively interacting with the skateboard, showing deep involvement in the activity.","LABEL: Engagement
CONFIDENCE: 0.9
REASON: The child is focused and actively interacting with the skateboard, showing deep involvement in the activity."
emodb_small/images/dnz8r16rduh2vxoigq.jpg,Sensitivity,Fear,0.95,The man’s facial expression and posture strongly suggest he is experiencing fear or severe discomfort.,"LABEL: Fear
CONFIDENCE: 0.95
REASON: The man’s facial expression and posture strongly suggest he is experiencing fear or severe discomfort."
mscoco/images/COCO_train2014_000000379294.jpg,Sensitivity,Affection,0.85,"The man is gently holding the horse's lead rope and smiling while looking at it, suggesting a caring and fond relationship.","LABEL: Affection
CONFIDENCE: 0.85
REASON: The man is gently holding the horse's lead rope and smiling while looking at it, suggesting a caring and fond relationship."
mscoco/images/COCO_train2014_000000241945.jpg,Sensitivity,Happiness,0.95,"The baby has a bright, engaging smile and appears content while sitting next to a teddy bear.","LABEL: Happiness
CONFIDENCE: 0.95
REASON: The baby has a bright, engaging smile and appears content while sitting next to a teddy bear."
framesdb/images/frame_isgnogq2h0n1sop7.jpg,Sensitivity,Disapproval,0.8,The doctor's stern facial expression and posture suggest disapproval of the situation or someone's actions.,"LABEL: Disapproval
CONFIDENCE: 0.8
REASON: The doctor's stern facial expression and posture suggest disapproval of the situation or someone's actions."
mscoco/images/COCO_train2014_000000231719.jpg,Sensitivity,Surprise,0.85,A person carrying a dog in a backpack on a crowded train is an unexpected and unusual sight.,"LABEL: Surprise
CONFIDENCE: 0.85
REASON: A person carrying a dog in a backpack on a crowded train is an unexpected and unusual sight."
mscoco/images/COCO_train2014_000000276639.jpg,Sensitivity,Engagement,0.95,The children actively handling the sheep and the audience watching suggest focused involvement and interest in the event.,"LABEL: Engagement
CONFIDENCE: 0.95
REASON: The children actively handling the sheep and the audience watching suggest focused involvement and interest in the event."
mscoco/images/COCO_train2014_000000242712.jpg,Sensitivity,Sadness,0.95,"The person is sitting alone on the grass with head down, suggesting disappointment or sadness after a game.","LABEL: Sadness
CONFIDENCE: 0.95
REASON: The person is sitting alone on the grass with head down, suggesting disappointment or sadness after a game."
mscoco/images/COCO_train2014_000000348680.jpg,Sensitivity,Anticipation,0.85,"People are boarding a ferry, suggesting they are looking forward to a journey.","LABEL: Anticipation
CONFIDENCE: 0.85
REASON: People are boarding a ferry, suggesting they are looking forward to a journey."
mscoco/images/COCO_train2014_000000260838.jpg,Sensitivity,Affection,0.85,"The handler's gentle touch on the elephant's shoulder suggests a caring, affectionate bond.","LABEL: Affection
CONFIDENCE: 0.85
REASON: The handler's gentle touch on the elephant's shoulder suggests a caring, affectionate bond."
emodb_small/images/ejg01p8jo4cvofip7t.jpg,Sensitivity,Embarrassment,0.85,The person covering their mouth while standing outdoors suggests a reaction to something awkward or socially uncomfortable.,"LABEL: Embarrassment
CONFIDENCE: 0.85
REASON: The person covering their mouth while standing outdoors suggests a reaction to something awkward or socially uncomfortable."
mscoco/images/COCO_train2014_000000236295.jpg,Sensitivity,Engagement,0.95,"The woman is actively grooming the sheep, indicating focused involvement in the task.","LABEL: Engagement
CONFIDENCE: 0.95
REASON: The woman is actively grooming the sheep, indicating focused involvement in the task."
mscoco/images/COCO_train2014_000000250978.jpg,Sensitivity,Happiness,0.95,"The child is smiling and hugging a teddy bear, conveying joy and contentment.","LABEL: Happiness
CONFIDENCE: 0.95
REASON: The child is smiling and hugging a teddy bear, conveying joy and contentment."
mscoco/images/COCO_train2014_000000222206.jpg,Sensitivity,Disapproval,0.85,"The child's stern facial expression and the way she holds the bat suggest disapproval or seriousness, not playfulness.","LABEL: Disapproval
CONFIDENCE: 0.85
REASON: The child's stern facial expression and the way she holds the bat suggest disapproval or seriousness, not playfulness."
mscoco/images/COCO_train2014_000000321206.jpg,Sensitivity,Happiness,0.95,"The woman is smiling and interacting joyfully with the giraffe, indicating happiness.","LABEL: Happiness
CONFIDENCE: 0.95
REASON: The woman is smiling and interacting joyfully with the giraffe, indicating happiness."
mscoco/images/COCO_train2014_000000399556.jpg,Sensitivity,Happiness,0.85,"The woman is smiling warmly and the man is holding a baby, suggesting a joyful family moment.","LABEL: Happiness
CONFIDENCE: 0.85
REASON: The woman is smiling warmly and the man is holding a baby, suggesting a joyful family moment."
mscoco/images/COCO_train2014_000000270202.jpg,Sensitivity,Happiness,0.95,"The child’s wide-open mouth and joyful expression, along with the celebratory cake and party setting, strongly indicate happiness.","LABEL: Happiness
CONFIDENCE: 0.95
REASON: The child’s wide-open mouth and joyful expression, along with the celebratory cake and party setting, strongly indicate happiness."
emodb_small/images/es1szlkoa1bc6u318b.jpg,Sensitivity,Sadness,0.95,"The woman's facial expression shows clear signs of crying and emotional distress, strongly indicating sadness.","LABEL: Sadness
CONFIDENCE: 0.95
REASON: The woman's facial expression shows clear signs of crying and emotional distress, strongly indicating sadness."
emodb_small/images/c97lzdd2nbl8ttcsvb.jpg,Sensitivity,Sadness,0.95,"The woman's downturned mouth, teary eyes, and hand on her forehead strongly indicate sadness.","LABEL: Sadness
CONFIDENCE: 0.95
REASON: The woman's downturned mouth, teary eyes, and hand on her forehead strongly indicate sadness."
mscoco/images/COCO_train2014_000000367792.jpg,Sensitivity,Happiness,0.95,"The woman is smiling warmly and the child is engaged with a birthday cake, suggesting a joyful celebration.","LABEL: Happiness
CONFIDENCE: 0.95
REASON: The woman is smiling warmly and the child is engaged with a birthday cake, suggesting a joyful celebration."
emodb_small/images/dh2n32n6sa7z4dxzgb.jpg,Sensitivity,Pain,0.95,"One player is lying on the court appearing injured while the other attends to them, suggesting physical discomfort or pain.","LABEL: Pain
CONFIDENCE: 0.95
REASON: One player is lying on the court appearing injured while the other attends to them, suggesting physical discomfort or pain."
mscoco/images/COCO_train2014_000000376907.jpg,Sensitivity,Happiness,0.85,"The woman is smiling while feeding the cows, indicating contentment and joy in her work.","LABEL: Happiness
CONFIDENCE: 0.85
REASON: The woman is smiling while feeding the cows, indicating contentment and joy in her work."
mscoco/images/COCO_train2014_000000385283.jpg,Sensitivity,Affection,0.95,"The adult is gently helping the child brush teeth, showing care and tenderness.","LABEL: Affection
CONFIDENCE: 0.95
REASON: The adult is gently helping the child brush teeth, showing care and tenderness."
mscoco/images/COCO_train2014_000000415492.jpg,Sensitivity,Affection,0.85,"The person is carefully grooming the horse, showing care and tenderness.","LABEL: Affection
CONFIDENCE: 0.85
REASON: The person is carefully grooming the horse, showing care and tenderness."
emodb_small/images/8ze4iuoys263mhil2v.jpg,Sensitivity,Fatigue,0.95,"The person is slumped against a tree with eyes closed and hand on forehead, indicating exhaustion or tiredness.","LABEL: Fatigue
CONFIDENCE: 0.95
REASON: The person is slumped against a tree with eyes closed and hand on forehead, indicating exhaustion or tiredness."
mscoco/images/COCO_train2014_000000286306.jpg,Sensitivity,Happiness,0.85,"The couple is smiling and relaxed, suggesting contentment and joy in their moment together.","LABEL: Happiness
CONFIDENCE: 0.85
REASON: The couple is smiling and relaxed, suggesting contentment and joy in their moment together."
mscoco/images/COCO_train2014_000000234467.jpg,Sensitivity,Affection,0.9,"The woman is smiling warmly while looking at the dog, indicating affection.","LABEL: Affection
CONFIDENCE: 0.9
REASON: The woman is smiling warmly while looking at the dog, indicating affection."
mscoco/images/COCO_train2014_000000381856.jpg,Sensitivity,Happiness,0.95,"The elderly woman is smiling broadly at her birthday cake, and the caption ""Happy 90th Birthday Grandma"" indicates a joyful celebration.","LABEL: Happiness
CONFIDENCE: 0.95
REASON: The elderly woman is smiling broadly at her birthday cake, and the caption ""Happy 90th Birthday Grandma"" indicates a joyful celebration."
mscoco/images/COCO_train2014_000000391678.jpg,Sensitivity,Happiness,0.9,The children are smiling and appear to be enjoying brushing their teeth together.,"LABEL: Happiness
CONFIDENCE: 0.9
REASON: The children are smiling and appear to be enjoying brushing their teeth together."
framesdb/images/frame_j0xzsnmfh9k2uxkr.jpg,Sensitivity,Happiness,0.85,People in the church appear joyful and engaged during a religious ceremony.,"LABEL: Happiness
CONFIDENCE: 0.85
REASON: People in the church appear joyful and engaged during a religious ceremony."
mscoco/images/COCO_train2014_000000342965.jpg,Sensitivity,Confidence,0.8,"The child is actively exploring and interacting with the toilet, showing interest in its function.","LABEL: Curiosity
CONFIDENCE: 0.8
REASON: The child is actively exploring and interacting with the toilet, showing interest in its function."
mscoco/images/COCO_train2014_000000340633.jpg,Sensitivity,Happiness,0.85,"The scene depicts a lively, social gathering with people enjoying meals and interacting, suggesting a positive, joyful atmosphere.","LABEL: Happiness
CONFIDENCE: 0.85
REASON: The scene depicts a lively, social gathering with people enjoying meals and interacting, suggesting a positive, joyful atmosphere."
mscoco/images/COCO_train2014_000000381967.jpg,Sensitivity,Happiness,0.85,"The child is smiling and actively playing inside the suitcase, indicating joyful engagement.","LABEL: Happiness
CONFIDENCE: 0.85
REASON: The child is smiling and actively playing inside the suitcase, indicating joyful engagement."
emodb_small/images/ebpsbjqzfhd7efh00i.jpg,Sadness,Sadness,0.95,"All three individuals in the image are visibly crying, indicating strong emotional distress consistent with sadness.","LABEL: Sadness
CONFIDENCE: 0.95
REASON: All three individuals in the image are visibly crying, indicating strong emotional distress consistent with sadness."
mscoco/images/COCO_train2014_000000360271.jpg,Sadness,Disconnection,0.8,"The woman in the foreground is looking away from the group, suggesting she is not emotionally engaged with the others at the table.","LABEL: Disconnection
CONFIDENCE: 0.8
REASON: The woman in the foreground is looking away from the group, suggesting she is not emotionally engaged with the others at the table."
framesdb/images/frame_i257k79i9orxw84k.jpg,Sadness,Disapproval,0.9,"The image shows a chaotic and messy airplane cabin with passengers and crew in disarray, which strongly suggests disapproval of the situation.","LABEL: Disapproval
CONFIDENCE: 0.9
REASON: The image shows a chaotic and messy airplane cabin with passengers and crew in disarray, which strongly suggests disapproval of the situation."
framesdb/images/frame_i257k79i9orxw84k.jpg,Sadness,Disapproval,0.85,"The image shows a chaotic and messy airplane cabin with passengers and crew in disarray, which likely evokes a sense of disapproval for the poor condition.","LABEL: Disapproval
CONFIDENCE: 0.85
REASON: The image shows a chaotic and messy airplane cabin with passengers and crew in disarray, which likely evokes a sense of disapproval for the poor condition."
emodb_small/images/fdx9496bahencoj0s8.jpg,Sadness,Fear,0.85,"Her wide eyes, tense posture, and the dark, ominous railway setting suggest she is scared or threatened.","LABEL: Fear
CONFIDENCE: 0.85
REASON: Her wide eyes, tense posture, and the dark, ominous railway setting suggest she is scared or threatened."
framesdb/images/frame_im9sv2qvbq8n1qob.jpg,Sadness,Engagement,0.9,"The women are actively reading newspapers while sitting on a bench, indicating focused attention and involvement in their activity.","LABEL: Engagement
CONFIDENCE: 0.9
REASON: The women are actively reading newspapers while sitting on a bench, indicating focused attention and involvement in their activity."
mscoco/images/COCO_train2014_000000086934.jpg,Sadness,Sadness,0.85,The woman's posture and hand-to-face gesture suggest emotional distress or sadness.,"LABEL: Sadness
CONFIDENCE: 0.85
REASON: The woman's posture and hand-to-face gesture suggest emotional distress or sadness."
emodb_small/images/eh6fo5xazcnas1fxvw.jpg,Sadness,Sadness,0.95,The woman's downturned mouth and teary eyes strongly indicate sadness.,"LABEL: Sadness
CONFIDENCE: 0.95
REASON: The woman's downturned mouth and teary eyes strongly indicate sadness."
mscoco/images/COCO_train2014_000000246318.jpg,Sadness,Confidence,0.8,"The person is sitting on the snow with a snowboard, suggesting a fall or failed attempt, which typically conveys disappointment.","LABEL: Disappointment
CONFIDENCE: 0.8
REASON: The person is sitting on the snow with a snowboard, suggesting a fall or failed attempt, which typically conveys disappointment."
mscoco/images/COCO_val2014_000000062068.jpg,Sadness,Disapproval,0.85,"The statue depicts a stern-looking man holding a pitchfork while standing beside a woman, suggesting disapproval or authority.","LABEL: Disapproval
CONFIDENCE: 0.85
REASON: The statue depicts a stern-looking man holding a pitchfork while standing beside a woman, suggesting disapproval or authority."
emodb_small/images/ciab2zf1pb72gnx8fe.jpg,Sadness,Doubt/Confusion,0.85,The man's furrowed brow and hand-on-chin pose suggest deep thought or uncertainty.,"LABEL: Doubt/Confusion
CONFIDENCE: 0.85
REASON: The man's furrowed brow and hand-on-chin pose suggest deep thought or uncertainty."
emodb_small/images/e9b5cftu9bwcw29nnh.jpg,Sadness,Sadness,0.95,"The central figure is visibly crying and being supported, indicating deep sorrow.","LABEL: Sadness
CONFIDENCE: 0.95
REASON: The central figure is visibly crying and being supported, indicating deep sorrow."
emodb_small/images/9yd3n97r8lj2incfap.jpg,Sadness,Sadness,0.95,"The person is curled up with their head down, appearing distressed and alone, which strongly suggests sadness.","LABEL: Sadness
CONFIDENCE: 0.95
REASON: The person is curled up with their head down, appearing distressed and alone, which strongly suggests sadness."
mscoco/images/COCO_train2014_000000130816.jpg,Sadness,Anticipation,0.85,"The players are walking toward the field with focused expressions, suggesting they are preparing for an upcoming game or moment.","LABEL: Anticipation
CONFIDENCE: 0.85
REASON: The players are walking toward the field with focused expressions, suggesting they are preparing for an upcoming game or moment."
emodb_small/images/9bxt4vwyaytxtt5bgk.jpg,Sadness,Embarrassment,0.95,The girl covering her face while others laugh suggests she feels embarrassed by a social situation.,"LABEL: Embarrassment
CONFIDENCE: 0.95
REASON: The girl covering her face while others laugh suggests she feels embarrassed by a social situation."
framesdb/images/frame_408eff12kggcdmhx.jpg,Sadness,Sadness,0.95,"Police officers solemnly carry a coffin draped in a flag, indicating a funeral procession and deep sorrow.","LABEL: Sadness
CONFIDENCE: 0.95
REASON: Police officers solemnly carry a coffin draped in a flag, indicating a funeral procession and deep sorrow."
emodb_small/images/eys7tccuzr3mzxxrmx.jpg,Sadness,Sadness,0.95,"The woman is visibly crying and covering her mouth, holding a yellow rose, indicating deep sorrow.","LABEL: Sadness
CONFIDENCE: 0.95
REASON: The woman is visibly crying and covering her mouth, holding a yellow rose, indicating deep sorrow."
framesdb/images/frame_8y6k5miqg5zyyb17.jpg,Sadness,Sympathy,0.95,"The woman is holding the patient's hand in a comforting gesture, suggesting concern and compassion.","LABEL: Sympathy
CONFIDENCE: 0.95
REASON: The woman is holding the patient's hand in a comforting gesture, suggesting concern and compassion."
framesdb/images/frame_gxvu6rgtprnbptcd.jpg,Sadness,Sadness,0.95,"The image depicts a funeral procession with mourners displaying somber expressions, indicating grief and sadness.","LABEL: Sadness
CONFIDENCE: 0.95
REASON: The image depicts a funeral procession with mourners displaying somber expressions, indicating grief and sadness."
framesdb/images/frame_gxvu6rgtprnbptcd.jpg,Sadness,Sadness,0.95,"The image depicts a funeral procession with a child's coffin, indicating a loss and associated grief.","LABEL: Sadness
CONFIDENCE: 0.95
REASON: The image depicts a funeral procession with a child's coffin, indicating a loss and associated grief."
framesdb/images/frame_82lhqgaakcbkookb.jpg,Sadness,Peace,0.85,"The woman’s calm expression and relaxed posture while preparing food suggest a tranquil, peaceful moment.","LABEL: Peace
CONFIDENCE: 0.85
REASON: The woman’s calm expression and relaxed posture while preparing food suggest a tranquil, peaceful moment."
framesdb/images/frame_hj0k5ry8gg38vm8y.jpg,Sadness,Happiness,0.95,"The audience members are visibly smiling and laughing, indicating enjoyment and positive emotion.","LABEL: Happiness
CONFIDENCE: 0.95
REASON: The audience members are visibly smiling and laughing, indicating enjoyment and positive emotion."
framesdb/images/frame_f8avxp8wf4ouhf32.jpg,Sadness,Suffering,0.95,"The image depicts a person laboring in a hazardous, trash-filled environment, conveying visible hardship and distress.","LABEL: Suffering
CONFIDENCE: 0.95
REASON: The image depicts a person laboring in a hazardous, trash-filled environment, conveying visible hardship and distress."
framesdb/images/frame_66ob1dorv8d4sqdm.jpg,Sadness,Anticipation,0.85,"The man is preparing to bowl, suggesting he is looking forward to his turn and the outcome.","LABEL: Anticipation
CONFIDENCE: 0.85
REASON: The man is preparing to bowl, suggesting he is looking forward to his turn and the outcome."
emodb_small/images/a2x107ip2c875c7l3v.jpg,Sadness,Sympathy,0.9,"The man in the suit is comforting the distressed man, indicating empathy and concern.","LABEL: Sympathy
CONFIDENCE: 0.9
REASON: The man in the suit is comforting the distressed man, indicating empathy and concern."
emodb_small/images/f1k0purilsyt1kz7c1.jpg,Sadness,Sadness,0.95,"The woman is visibly crying with a distressed facial expression while being comforted, indicating deep sadness.","LABEL: Sadness
CONFIDENCE: 0.95
REASON: The woman is visibly crying with a distressed facial expression while being comforted, indicating deep sadness."
emodb_small/images/30nuw6i66lmickmbly.jpg,Sadness,Affection,0.95,The intimate embrace and kiss on the cheek clearly convey affection.,"LABEL: Affection
CONFIDENCE: 0.95
REASON: The intimate embrace and kiss on the cheek clearly convey affection."
framesdb/images/frame_j0s89681xd0y9c22.jpg,Sadness,Fatigue,0.95,"The worker is sitting on the ground with his head down and hand on his face, a posture strongly suggesting exhaustion from physical labor.","LABEL: Fatigue
CONFIDENCE: 0.95
REASON: The worker is sitting on the ground with his head down and hand on his face, a posture strongly suggesting exhaustion from physical labor."
emodb_small/images/ekhtdcez1lztslt6z1.jpg,Sadness,Sadness,0.85,The person's downturned gaze and subdued expression convey a sense of melancholy.,"LABEL: Sadness
CONFIDENCE: 0.85
REASON: The person's downturned gaze and subdued expression convey a sense of melancholy."
emodb_small/images/1ggg1cxv951z7z3yjo.jpg,Sadness,Affection,0.95,"The man is embracing the woman warmly, with a gentle smile, indicating strong affection.","LABEL: Affection
CONFIDENCE: 0.95
REASON: The man is embracing the woman warmly, with a gentle smile, indicating strong affection."
emodb_small/images/1ggg1cxv951z7z3yjo.jpg,Sadness,Affection,0.95,"The man is embracing the woman warmly, with a gentle smile, indicating a strong emotional connection and care.","LABEL: Affection
CONFIDENCE: 0.95
REASON: The man is embracing the woman warmly, with a gentle smile, indicating a strong emotional connection and care."
framesdb/images/frame_l64wl8vyo60wkowq.jpg,Sadness,Sadness,0.9,"People lying on foil blankets in a crowded, institutional setting suggest deprivation and hardship, evoking sadness.","LABEL: Sadness
CONFIDENCE: 0.9
REASON: People lying on foil blankets in a crowded, institutional setting suggest deprivation and hardship, evoking sadness."
framesdb/images/frame_guioy8i4w963fztm.jpg,Sadness,Suffering,0.9,"The crowded, chaotic scene with people carrying heavy luggage suggests physical and emotional strain.","LABEL: Suffering
CONFIDENCE: 0.9
REASON: The crowded, chaotic scene with people carrying heavy luggage suggests physical and emotional strain."
emodb_small/images/ew7m8bfr7dwtrcztca.jpg,Sadness,Sadness,0.95,"The person is crying with a sorrowful expression, indicating sadness.","LABEL: Sadness
CONFIDENCE: 0.95
REASON: The person is crying with a sorrowful expression, indicating sadness."
framesdb/images/frame_2qqy8icj4xthx9zm.jpg,Sadness,Suffering,0.95,"The person on the stretcher appears to be in distress, with their hand on their head, suggesting physical or emotional pain.","LABEL: Suffering
CONFIDENCE: 0.95
REASON: The person on the stretcher appears to be in distress, with their hand on their head, suggesting physical or emotional pain."
mscoco/images/COCO_val2014_000000126583.jpg,Sadness,Fatigue,0.85,"The player is wiping his face with a towel, suggesting exhaustion from physical exertion.","LABEL: Fatigue
CONFIDENCE: 0.85
REASON: The player is wiping his face with a towel, suggesting exhaustion from physical exertion."
emodb_small/images/cz6xpybqfvn7pmad1a.jpg,Sadness,Disapproval,0.85,The person's furrowed brow and hand over mouth suggest disapproval or distaste for something unpleasant.,"LABEL: Disapproval
CONFIDENCE: 0.85
REASON: The person's furrowed brow and hand over mouth suggest disapproval or distaste for something unpleasant."
emodb_small/images/9vpkzp9mlx7d9ws9g8.jpg,Sadness,Affection,0.95,"The image shows a person embracing another from behind in a comforting, caring gesture, strongly suggesting affection.","LABEL: Affection
CONFIDENCE: 0.95
REASON: The image shows a person embracing another from behind in a comforting, caring gesture, strongly suggesting affection."
mscoco/images/COCO_train2014_000000497759.jpg,Disquietment,Confidence,0.85,"The man is leaning in closely to inspect the oven, suggesting focused interest or investigation.","LABEL: Curiosity
CONFIDENCE: 0.85
REASON: The man is leaning in closely to inspect the oven, suggesting focused interest or investigation."
framesdb/images/frame_3jwi6nrvfphi4lp6.jpg,Disquietment,Happiness,0.85,"People are walking on a sunny boardwalk, suggesting leisure and enjoyment.","LABEL: Happiness
CONFIDENCE: 0.85
REASON: People are walking on a sunny boardwalk, suggesting leisure and enjoyment."
mscoco/images/COCO_train2014_000000508449.jpg,Disquietment,Happiness,0.95,"Both individuals are smiling broadly while presenting a congratulatory cake, indicating joy and celebration.","LABEL: Happiness
CONFIDENCE: 0.95
REASON: Both individuals are smiling broadly while presenting a congratulatory cake, indicating joy and celebration."
emodb_small/images/4jdr4joweoi5dedxky.jpg,Disquietment,Disapproval,0.85,The woman’s stern expression and direct gaze suggest disapproval of what the man is saying or doing.,"LABEL: Disapproval
CONFIDENCE: 0.85
REASON: The woman’s stern expression and direct gaze suggest disapproval of what the man is saying or doing."
mscoco/images/COCO_train2014_000000056126.jpg,Disquietment,Engagement,0.95,"People are actively handling and presenting sheep, indicating focused involvement in an event.","LABEL: Engagement
CONFIDENCE: 0.95
REASON: People are actively handling and presenting sheep, indicating focused involvement in an event."
mscoco/images/COCO_train2014_000000021750.jpg,Disquietment,Happiness,0.9,"The child is smiling while eating, and the man is looking at her with a warm expression, suggesting a joyful moment.","LABEL: Happiness
CONFIDENCE: 0.9
REASON: The child is smiling while eating, and the man is looking at her with a warm expression, suggesting a joyful moment."
mscoco/images/COCO_train2014_000000038722.jpg,Disquietment,Anticipation,0.85,"The person is carrying gear and looking toward a warmly lit dining area, suggesting they are waiting for or preparing for an event.","LABEL: Anticipation
CONFIDENCE: 0.85
REASON: The person is carrying gear and looking toward a warmly lit dining area, suggesting they are waiting for or preparing for an event."
framesdb/images/frame_5zj0q9gpt75rrjhy.jpg,Disquietment,Happiness,0.85,"The scene depicts a lively sushi bar with customers enjoying food and staff actively serving, conveying a cheerful and satisfying atmosphere.","LABEL: Happiness
CONFIDENCE: 0.85
REASON: The scene depicts a lively sushi bar with customers enjoying food and staff actively serving, conveying a cheerful and satisfying atmosphere."
emodb_small/images/gdli6adbasjcw7uvim.jpg,Disquietment,Disapproval,0.95,"The man on the left is gesturing aggressively while leaning over the other man, who is covering his ears in distress, suggesting strong disapproval or confrontation.","LABEL: Disapproval
CONFIDENCE: 0.95
REASON: The man on the left is gesturing aggressively while leaning over the other man, who is covering his ears in distress, suggesting strong disapproval or confrontation."
mscoco/images/COCO_train2014_000000031188.jpg,Disquietment,Happiness,0.85,"People are gathered around a table with food, smiling and toasting, suggesting a joyful social meal.","LABEL: Happiness
CONFIDENCE: 0.85
REASON: People are gathered around a table with food, smiling and toasting, suggesting a joyful social meal."
mscoco/images/COCO_train2014_000000030431.jpg,Disquietment,Happiness,0.95,"The central figure is smiling broadly while holding a clock, surrounded by others in a joyful, playful setting.","LABEL: Happiness
CONFIDENCE: 0.95
REASON: The central figure is smiling broadly while holding a clock, surrounded by others in a joyful, playful setting."
mscoco/images/COCO_train2014_000000052751.jpg,Disquietment,Happiness,0.95,"Two baseball players are giving each other a high-five, a clear gesture of joy and celebration after a successful play.","LABEL: Happiness
CONFIDENCE: 0.95
REASON: Two baseball players are giving each other a high-five, a clear gesture of joy and celebration after a successful play."
mscoco/images/COCO_train2014_000000475103.jpg,Disquietment,Excitement,0.85,"The blurred motion of the crowd and player suggests a dynamic, high-energy moment typical of an exciting sports event.","LABEL: Excitement
CONFIDENCE: 0.85
REASON: The blurred motion of the crowd and player suggests a dynamic, high-energy moment typical of an exciting sports event."
mscoco/images/COCO_train2014_000000491140.jpg,Disquietment,Peace,0.85,"The person is sitting calmly on a bench with a relaxed posture, suggesting tranquility.","LABEL: Peace
CONFIDENCE: 0.85
REASON: The person is sitting calmly on a bench with a relaxed posture, suggesting tranquility."
mscoco/images/COCO_train2014_000000485002.jpg,Disquietment,Happiness,0.95,The women are smiling and appear to be enjoying a pleasant outdoor meal with friends.,"LABEL: Happiness
CONFIDENCE: 0.95
REASON: The women are smiling and appear to be enjoying a pleasant outdoor meal with friends."
mscoco/images/COCO_train2014_000000042050.jpg,Disquietment,Happiness,0.9,"The person is smiling broadly while skiing in a snowy landscape, indicating enjoyment and happiness.","LABEL: Happiness
CONFIDENCE: 0.9
REASON: The person is smiling broadly while skiing in a snowy landscape, indicating enjoyment and happiness."
mscoco/images/COCO_train2014_000000484385.jpg,Disquietment,Anticipation,0.85,"Players are intensely focused on the ball near the goal, suggesting they are waiting for the outcome of a critical play.","LABEL: Anticipation
CONFIDENCE: 0.85
REASON: Players are intensely focused on the ball near the goal, suggesting they are waiting for the outcome of a critical play."
mscoco/images/COCO_train2014_000000040298.jpg,Disquietment,Anticipation,0.85,"The player’s focused stance and racket position suggest he is preparing to hit an incoming ball, indicating anticipation of the next move.","LABEL: Anticipation
CONFIDENCE: 0.85
REASON: The player’s focused stance and racket position suggest he is preparing to hit an incoming ball, indicating anticipation of the next move."
mscoco/images/COCO_train2014_000000015546.jpg,Disquietment,Engagement,0.95,"The athlete is fully focused and physically committed to hitting the tennis ball, showing deep involvement in the game.","LABEL: Engagement
CONFIDENCE: 0.95
REASON: The athlete is fully focused and physically committed to hitting the tennis ball, showing deep involvement in the game."
mscoco/images/COCO_train2014_000000506710.jpg,Disquietment,Excitement,0.85,"The skateboarder’s dynamic pose mid-trick suggests thrilling action and energy, evoking excitement.","LABEL: Excitement
CONFIDENCE: 0.85
REASON: The skateboarder’s dynamic pose mid-trick suggests thrilling action and energy, evoking excitement."
mscoco/images/COCO_train2014_000000505611.jpg,Disquietment,Excitement,0.85,"The bustling, crowded street food scene with people actively eating and cooking conveys energetic anticipation and enjoyment.","LABEL: Excitement
CONFIDENCE: 0.85
REASON: The bustling, crowded street food scene with people actively eating and cooking conveys energetic anticipation and enjoyment."
mscoco/images/COCO_train2014_000000496116.jpg,Disquietment,Happiness,0.95,"The man is smiling broadly while proudly holding a large bunch of bananas, indicating joy and satisfaction.","LABEL: Happiness
CONFIDENCE: 0.95
REASON: The man is smiling broadly while proudly holding a large bunch of bananas, indicating joy and satisfaction."
mscoco/images/COCO_train2014_000000015957.jpg,Disquietment,Peace,0.85,"The scene depicts a calm, orderly airport environment with no visible signs of distress or conflict, suggesting a general sense of peace.","LABEL: Peace
CONFIDENCE: 0.85
REASON: The scene depicts a calm, orderly airport environment with no visible signs of distress or conflict, suggesting a general sense of peace."
mscoco/images/COCO_train2014_000000495489.jpg,Disquietment,Engagement,0.85,"The chefs are actively focused on preparing food, showing deep involvement in their tasks.","LABEL: Engagement
CONFIDENCE: 0.85
REASON: The chefs are actively focused on preparing food, showing deep involvement in their tasks."
mscoco/images/COCO_train2014_000000493742.jpg,Disquietment,Excitement,0.9,"The skateboarder is captured mid-air performing a trick, conveying dynamic energy and thrill.","LABEL: Excitement
CONFIDENCE: 0.9
REASON: The skateboarder is captured mid-air performing a trick, conveying dynamic energy and thrill."
mscoco/images/COCO_train2014_000000137681.jpg,Disquietment,Disconnection,0.8,"The individuals appear absorbed in their own paths, not engaging with each other or the environment, suggesting emotional detachment.","LABEL: Disconnection
CONFIDENCE: 0.8
REASON: The individuals appear absorbed in their own paths, not engaging with each other or the environment, suggesting emotional detachment."
mscoco/images/COCO_train2014_000000008872.jpg,Disquietment,Disconnection,0.8,The player's isolated stance and downward gaze suggest detachment from the immediate surroundings or audience.,"LABEL: Disconnection
CONFIDENCE: 0.8
REASON: The player's isolated stance and downward gaze suggest detachment from the immediate surroundings or audience."
mscoco/images/COCO_train2014_000000026699.jpg,Disquietment,Disapproval,0.85,The umpire's stern expression and posture suggest disapproval of something the player did.,"LABEL: Disapproval
CONFIDENCE: 0.85
REASON: The umpire's stern expression and posture suggest disapproval of something the player did."
mscoco/images/COCO_train2014_000000503557.jpg,Disquietment,Excitement,0.85,The man’s focused posture and active engagement with the game controller suggest he is immersed and excited by the gameplay.,"LABEL: Excitement
CONFIDENCE: 0.85
REASON: The man’s focused posture and active engagement with the game controller suggest he is immersed and excited by the gameplay."
mscoco/images/COCO_train2014_000000040449.jpg,Disquietment,Engagement,0.95,"The person is actively taking a selfie with a camera, indicating involvement and focus on capturing the moment.","LABEL: Engagement
CONFIDENCE: 0.95
REASON: The person is actively taking a selfie with a camera, indicating involvement and focus on capturing the moment."
emodb_small/images/er4y04sxe8urhb02w1.jpg,Disquietment,Sadness,0.95,"The woman is visibly crying and holding hands with children, indicating deep sorrow at a solemn event.","LABEL: Sadness
CONFIDENCE: 0.95
REASON: The woman is visibly crying and holding hands with children, indicating deep sorrow at a solemn event."
mscoco/images/COCO_train2014_000000200416.jpg,Disquietment,Excitement,0.9,"The skateboarder is mid-air performing a trick, which typically conveys excitement and adrenaline.","LABEL: Excitement
CONFIDENCE: 0.9
REASON: The skateboarder is mid-air performing a trick, which typically conveys excitement and adrenaline."
mscoco/images/COCO_train2014_000000073864.jpg,Disquietment,Happiness,0.85,"The woman is smiling warmly while styling the child's hair, suggesting a joyful and positive interaction.","LABEL: Happiness
CONFIDENCE: 0.85
REASON: The woman is smiling warmly while styling the child's hair, suggesting a joyful and positive interaction."
mscoco/images/COCO_train2014_000000563364.jpg,Disquietment,Happiness,0.85,"The group is smiling and posing together at a social gathering with food, indicating enjoyment.","LABEL: Happiness
CONFIDENCE: 0.85
REASON: The group is smiling and posing together at a social gathering with food, indicating enjoyment."
framesdb/images/frame_l13azlwi9v5yz5vg.jpg,Disquietment,Happiness,0.95,"People are laughing and splashing joyfully in the ocean, indicating clear happiness.","LABEL: Happiness
CONFIDENCE: 0.95
REASON: People are laughing and splashing joyfully in the ocean, indicating clear happiness."
mscoco/images/COCO_train2014_000000263212.jpg,Disquietment,Engagement,0.85,"The woman is actively using her phone and laptop, suggesting she is focused and involved in her tasks.","LABEL: Engagement
CONFIDENCE: 0.85
REASON: The woman is actively using her phone and laptop, suggesting she is focused and involved in her tasks."
mscoco/images/COCO_train2014_000000488897.jpg,Disquietment,Happiness,0.95,"The man in the center is laughing heartily with an open expression, clearly enjoying the moment.","LABEL: Happiness
CONFIDENCE: 0.95
REASON: The man in the center is laughing heartily with an open expression, clearly enjoying the moment."
mscoco/images/COCO_train2014_000000012424.jpg,Disquietment,Excitement,0.95,The batter's dynamic pose and focused expression suggest high energy and anticipation of a successful hit.,"LABEL: Excitement
CONFIDENCE: 0.95
REASON: The batter's dynamic pose and focused expression suggest high energy and anticipation of a successful hit."
emodb_small/images/8np055tw5fr7i1ycxl.jpg,Fear,Fatigue,0.95,"The man is slumped with eyes closed and arms crossed, clearly resting on a bench labeled for ""tired husbands,"" indicating physical exhaustion.","LABEL: Fatigue
CONFIDENCE: 0.95
REASON: The man is slumped with eyes closed and arms crossed, clearly resting on a bench labeled for ""tired husbands,"" indicating physical exhaustion."
framesdb/images/frame_6h8pczdocglgh0jl.jpg,Fear,Suffering,0.95,"People are scavenging trash, suggesting hardship and distress in a dirty environment.","LABEL: Suffering
CONFIDENCE: 0.95
REASON: People are scavenging trash, suggesting hardship and distress in a dirty environment."
mscoco/images/COCO_train2014_000000387270.jpg,Fear,Excitement,0.85,The surfer’s dynamic posture and focused expression convey thrill and exhilaration from riding the wave.,"LABEL: Excitement
CONFIDENCE: 0.85
REASON: The surfer’s dynamic posture and focused expression convey thrill and exhilaration from riding the wave."
framesdb/images/frame_dzyq9ukbsjiicxhe.jpg,Fear,Happiness,0.9,"The person is smiling and posing playfully on the stairs, conveying joy.","LABEL: Happiness
CONFIDENCE: 0.9
REASON: The person is smiling and posing playfully on the stairs, conveying joy."
emodb_small/images/fdp6ejoy2z5ckxu7uf.jpg,Fear,Surprise,0.95,The wide eyes and clasped hands indicate a startled reaction to unexpected news or events.,"LABEL: Surprise
CONFIDENCE: 0.95
REASON: The wide eyes and clasped hands indicate a startled reaction to unexpected news or events."
framesdb/images/frame_7a68ral9kucogafl.jpg,Fear,Engagement,0.95,"The individuals are actively focused on the archaeological site, pointing and observing closely, indicating deep involvement in their work.","LABEL: Engagement
CONFIDENCE: 0.95
REASON: The individuals are actively focused on the archaeological site, pointing and observing closely, indicating deep involvement in their work."
mscoco/images/COCO_val2014_000000094926.jpg,Fear,Confidence,0.85,The child’s posture and the polar bear’s presence suggest awe or curiosity about the animal in its enclosure.,"LABEL: Wonder
CONFIDENCE: 0.85
REASON: The child’s posture and the polar bear’s presence suggest awe or curiosity about the animal in its enclosure."
mscoco/images/COCO_train2014_000000513077.jpg,Fear,Excitement,0.85,"The man's dynamic posture and focused expression suggest he is actively engaged in a fun, energetic activity like throwing a frisbee.","LABEL: Excitement
CONFIDENCE: 0.85
REASON: The man's dynamic posture and focused expression suggest he is actively engaged in a fun, energetic activity like throwing a frisbee."
mscoco/images/COCO_train2014_000000055637.jpg,Fear,Happiness,0.85,The rider's relaxed posture and smile suggest contentment and enjoyment of the moment.,"LABEL: Happiness
CONFIDENCE: 0.85
REASON: The rider's relaxed posture and smile suggest contentment and enjoyment of the moment."
mscoco/images/COCO_train2014_000000023447.jpg,Fear,Happiness,0.85,"The child is actively engaged in playful activity, suggesting joy and contentment.","LABEL: Happiness
CONFIDENCE: 0.85
REASON: The child is actively engaged in playful activity, suggesting joy and contentment."
mscoco/images/COCO_train2014_000000479095.jpg,Fear,Excitement,0.85,The motorcycle stunt performer executing a wheelie in front of an engaged crowd evokes excitement due to the thrilling and dangerous nature of the act.,"LABEL: Excitement
CONFIDENCE: 0.85
REASON: The motorcycle stunt performer executing a wheelie in front of an engaged crowd evokes excitement due to the thrilling and dangerous nature of the act."
mscoco/images/COCO_train2014_000000139000.jpg,Fear,Happiness,0.85,People are enjoying outdoor winter activity together in a scenic snowy forest.,"LABEL: Happiness
CONFIDENCE: 0.85
REASON: People are enjoying outdoor winter activity together in a scenic snowy forest."
framesdb/images/frame_diwx3zfyqzqdobap.jpg,Fear,Fear,0.95,"The man being charged by the bull is clearly in immediate physical danger, triggering a strong fear response.","LABEL: Fear
CONFIDENCE: 0.95
REASON: The man being charged by the bull is clearly in immediate physical danger, triggering a strong fear response."
mscoco/images/COCO_train2014_000000473733.jpg,Fear,Excitement,0.95,The skateboarder’s dynamic pose mid-air at a skatepark conveys high energy and thrill.,"LABEL: Excitement
CONFIDENCE: 0.95
REASON: The skateboarder’s dynamic pose mid-air at a skatepark conveys high energy and thrill."
mscoco/images/COCO_val2014_000000572453.jpg,Fear,Happiness,0.85,"The woman is smiling while holding her child near a pony, suggesting enjoyment and contentment.","LABEL: Happiness
CONFIDENCE: 0.85
REASON: The woman is smiling while holding her child near a pony, suggesting enjoyment and contentment."
framesdb/images/frame_kdqzkefxm99ebctj.jpg,Fear,Sadness,0.95,"The woman’s posture and hand over her face convey deep sorrow or distress, likely due to the news on TV or personal circumstances.","LABEL: Sadness
CONFIDENCE: 0.95
REASON: The woman’s posture and hand over her face convey deep sorrow or distress, likely due to the news on TV or personal circumstances."
framesdb/images/frame_6s4sfpzryity441d.jpg,Fear,Sadness,0.95,"The image shows men carrying a coffin at what appears to be a funeral, a context strongly associated with sadness.","LABEL: Sadness
CONFIDENCE: 0.95
REASON: The image shows men carrying a coffin at what appears to be a funeral, a context strongly associated with sadness."
mscoco/images/COCO_train2014_000000245598.jpg,Fear,Anticipation,0.85,"The batter is poised to swing, suggesting expectation of an upcoming pitch.","LABEL: Anticipation
CONFIDENCE: 0.85
REASON: The batter is poised to swing, suggesting expectation of an upcoming pitch."
mscoco/images/COCO_train2014_000000396303.jpg,Fear,Peace,0.85,"The relaxed outdoor café setting with people casually enjoying coffee suggests a calm, unhurried atmosphere conducive to peace.","LABEL: Peace
CONFIDENCE: 0.85
REASON: The relaxed outdoor café setting with people casually enjoying coffee suggests a calm, unhurried atmosphere conducive to peace."
framesdb/images/frame_7ijs2w0q2mmojydz.jpg,Fear,Anticipation,0.85,"The individuals are intently looking out windows, suggesting they are waiting for or expecting something significant to happen.","LABEL: Anticipation
CONFIDENCE: 0.85
REASON: The individuals are intently looking out windows, suggesting they are waiting for or expecting something significant to happen."
emodb_small/images/f30ns74m5j2m6ytlky.jpg,Fear,Fear,0.95,"The woman’s wide eyes, tear-streaked face, and tense posture while looking through blinds suggest she is afraid of something unseen.","LABEL: Fear
CONFIDENCE: 0.95
REASON: The woman’s wide eyes, tear-streaked face, and tense posture while looking through blinds suggest she is afraid of something unseen."
emodb_small/images/b2a6r33ptewb81m5qn.jpg,Fear,Surprise,0.85,Her wide eyes and slightly open mouth suggest a startled or astonished reaction.,"LABEL: Surprise
CONFIDENCE: 0.85
REASON: Her wide eyes and slightly open mouth suggest a startled or astonished reaction."
framesdb/images/frame_05uw61tegz1kfic4.jpg,Fear,Happiness,0.9,"The joyful, dynamic pose of the dancers suggests a feeling of happiness and exhilaration.","LABEL: Happiness
CONFIDENCE: 0.9
REASON: The joyful, dynamic pose of the dancers suggests a feeling of happiness and exhilaration."
mscoco/images/COCO_train2014_000000025549.jpg,Fear,Happiness,0.95,"Two children are playing a game on a sunny beach, suggesting joyful, carefree activity.","LABEL: Happiness
CONFIDENCE: 0.95
REASON: Two children are playing a game on a sunny beach, suggesting joyful, carefree activity."
mscoco/images/COCO_train2014_000000199835.jpg,Fear,Pleasure,0.85,"The man is engaged in a personal grooming routine, smiling while shaving with his cat nearby, suggesting enjoyment and contentment.","LABEL: Pleasure
CONFIDENCE: 0.85
REASON: The man is engaged in a personal grooming routine, smiling while shaving with his cat nearby, suggesting enjoyment and contentment."
framesdb/images/frame_8n7h8jtzvy8n9676.jpg,Fear,Sympathy,0.85,"The woman in bed appears unwell, and the others are attending to her with care, suggesting concern and compassion.","LABEL: Sympathy
CONFIDENCE: 0.85
REASON: The woman in bed appears unwell, and the others are attending to her with care, suggesting concern and compassion."
mscoco/images/COCO_train2014_000000579440.jpg,Fear,Happiness,0.85,"The woman is smiling and laughing while playing a game, indicating enjoyment and happiness.","LABEL: Happiness
CONFIDENCE: 0.85
REASON: The woman is smiling and laughing while playing a game, indicating enjoyment and happiness."
mscoco/images/COCO_train2014_000000296424.jpg,Fear,Confidence,0.85,"The batter has just swung and missed, causing the bat to fly away, indicating a failed attempt that likely leads to disappointment.","LABEL: Disappointment
CONFIDENCE: 0.85
REASON: The batter has just swung and missed, causing the bat to fly away, indicating a failed attempt that likely leads to disappointment."
mscoco/images/COCO_train2014_000000037009.jpg,Fear,Peace,0.85,The calm market scene with fresh produce and a person working quietly suggests tranquility.,"LABEL: Peace
CONFIDENCE: 0.85
REASON: The calm market scene with fresh produce and a person working quietly suggests tranquility."
mscoco/images/COCO_train2014_000000519218.jpg,Fear,Excitement,0.9,"The dog is mid-air performing a high jump, and the handler is actively engaged, suggesting a thrilling and energetic moment.","LABEL: Excitement
CONFIDENCE: 0.9
REASON: The dog is mid-air performing a high jump, and the handler is actively engaged, suggesting a thrilling and energetic moment."
mscoco/images/COCO_train2014_000000054351.jpg,Fear,Anticipation,0.85,The player's focused stance and ready swing suggest he is anticipating the ball's trajectory.,"LABEL: Anticipation
CONFIDENCE: 0.85
REASON: The player's focused stance and ready swing suggest he is anticipating the ball's trajectory."
mscoco/images/COCO_train2014_000000480088.jpg,Fear,Fear,0.95,"The bound and gagged individuals show clear signs of distress and helplessness, indicating fear.","LABEL: Fear
CONFIDENCE: 0.95
REASON: The bound and gagged individuals show clear signs of distress and helplessness, indicating fear."
mscoco/images/COCO_train2014_000000502134.jpg,Fear,Happiness,0.9,The festive Santa costumes and cheerful street scene suggest joyful celebration.,"LABEL: Happiness
CONFIDENCE: 0.9
REASON: The festive Santa costumes and cheerful street scene suggest joyful celebration."
framesdb/images/frame_7dyt85w02xs0hyle.jpg,Fear,Excitement,0.95,"The bullfighter's daring acrobatic pose and the bull's aggressive charge create a thrilling, high-stakes moment that evokes excitement.","LABEL: Excitement
CONFIDENCE: 0.95
REASON: The bullfighter's daring acrobatic pose and the bull's aggressive charge create a thrilling, high-stakes moment that evokes excitement."
mscoco/images/COCO_train2014_000000033156.jpg,Fear,Happiness,0.95,The people in the photo are smiling and appear to be enjoying a social gathering.,"LABEL: Happiness
CONFIDENCE: 0.95
REASON: The people in the photo are smiling and appear to be enjoying a social gathering."
mscoco/images/COCO_train2014_000000054738.jpg,Fear,Anticipation,0.8,"The boys are focused on their game controllers, suggesting they are eagerly waiting for the next move or outcome in the game.","LABEL: Anticipation
CONFIDENCE: 0.8
REASON: The boys are focused on their game controllers, suggesting they are eagerly waiting for the next move or outcome in the game."
emodb_small/images/de4b3mu9kk2e5zwv8a.jpg,Pain,Pain,0.95,"The athlete is on the ground clutching his leg with a pained expression, indicating physical injury or discomfort.","LABEL: Pain
CONFIDENCE: 0.95
REASON: The athlete is on the ground clutching his leg with a pained expression, indicating physical injury or discomfort."
emodb_small/images/dsvzuufgy7v1mdsgi0.jpg,Pain,Pain,0.95,"The person's facial expression shows intense agony, consistent with experiencing physical pain.","LABEL: Pain
CONFIDENCE: 0.95
REASON: The person's facial expression shows intense agony, consistent with experiencing physical pain."
emodb_small/images/e15x3ogndoladu97ma.jpg,Pain,Anger,0.95,"The man on the right has an angry expression with his mouth open in a yell, and the man on the left is physically restraining him, indicating a confrontation fueled by anger.","LABEL: Anger
CONFIDENCE: 0.95
REASON: The man on the right has an angry expression with his mouth open in a yell, and the man on the left is physically restraining him, indicating a confrontation fueled by anger."
emodb_small/images/dz2exu795mcqgusx8x.jpg,Pain,Pain,0.95,"The man is being bitten by a dog and appears to be in physical distress, indicating pain.","LABEL: Pain
CONFIDENCE: 0.95
REASON: The man is being bitten by a dog and appears to be in physical distress, indicating pain."
mscoco/images/COCO_train2014_000000034100.jpg,Pain,Anticipation,0.85,The group’s focused expressions and held game controllers suggest they are eagerly awaiting the next move in a game.,"LABEL: Anticipation
CONFIDENCE: 0.85
REASON: The group’s focused expressions and held game controllers suggest they are eagerly awaiting the next move in a game."
framesdb/images/frame_cpbwu7sx99eo3fj0.jpg,Pain,Suffering,0.95,"The patient is in a hospital bed with medical tubes and visible surgical marks, indicating he is undergoing or recovering from a painful medical procedure.","LABEL: Suffering
CONFIDENCE: 0.95
REASON: The patient is in a hospital bed with medical tubes and visible surgical marks, indicating he is undergoing or recovering from a painful medical procedure."
framesdb/images/frame_idipgq1m9tqv219p.jpg,Pain,Fear,0.85,The boxer on the receiving end shows clear signs of fear through his facial expression and body language as he absorbs a powerful punch.,"LABEL: Fear
CONFIDENCE: 0.85
REASON: The boxer on the receiving end shows clear signs of fear through his facial expression and body language as he absorbs a powerful punch."
framesdb/images/frame_hvkeqenbteoc6ljb.jpg,Pain,Sadness,0.95,"The image depicts a funeral procession with mourners and a coffin, strongly indicating grief and sadness.","LABEL: Sadness
CONFIDENCE: 0.95
REASON: The image depicts a funeral procession with mourners and a coffin, strongly indicating grief and sadness."
emodb_small/images/a77hwmd2i3rbcdgy32.jpg,Pain,Suffering,0.95,The person's posture and facial expression convey deep distress and emotional pain.,"LABEL: Suffering
CONFIDENCE: 0.95
REASON: The person's posture and facial expression convey deep distress and emotional pain."
emodb_small/images/77s7vrrfhazmibhvxg.jpg,Pain,Fatigue,0.95,The woman's closed eyes and hand behind her head suggest she is tired or resting.,"LABEL: Fatigue
CONFIDENCE: 0.95
REASON: The woman's closed eyes and hand behind her head suggest she is tired or resting."
emodb_small/images/e0qq1z3hl4ncdgk8q2.jpg,Pain,Pain,0.95,The woman’s facial expression and body posture strongly suggest physical discomfort or pain.,"LABEL: Pain
CONFIDENCE: 0.95
REASON: The woman’s facial expression and body posture strongly suggest physical discomfort or pain."
emodb_small/images/7bbvh08x1q5z47ebbr.jpg,Pain,Happiness,0.95,"The person is lying on the grass with a wide smile, suggesting contentment and joy.","LABEL: Happiness
CONFIDENCE: 0.95
REASON: The person is lying on the grass with a wide smile, suggesting contentment and joy."
mscoco/images/COCO_train2014_000000485852.jpg,Pain,Happiness,0.85,"The riders appear joyful and proud, cruising with flags and smiling, suggesting a celebratory and positive mood.","LABEL: Happiness
CONFIDENCE: 0.85
REASON: The riders appear joyful and proud, cruising with flags and smiling, suggesting a celebratory and positive mood."
emodb_small/images/67rs0lowdqlp274r56.jpg,Pain,Pain,0.95,"The man is bent over with one hand on his lower back, a common posture indicating physical pain.","LABEL: Pain
CONFIDENCE: 0.95
REASON: The man is bent over with one hand on his lower back, a common posture indicating physical pain."
emodb_small/images/dsrsw51o0iv6nwvkkv.jpg,Pain,Pain,0.95,"The player is clutching his leg and grimacing, indicating physical injury or discomfort.","LABEL: Pain
CONFIDENCE: 0.95
REASON: The player is clutching his leg and grimacing, indicating physical injury or discomfort."
emodb_small/images/dc2rq2x20htjbfwo5h.jpg,Pain,Pain,0.95,"The man is grimacing and holding his back, indicating physical discomfort or pain.","LABEL: Pain
CONFIDENCE: 0.95
REASON: The man is grimacing and holding his back, indicating physical discomfort or pain."
mscoco/images/COCO_val2014_000000566923.jpg,Pain,Excitement,0.85,The person's energetic pose and the Halloween costume context suggest playful excitement rather than distress.,"LABEL: Excitement
CONFIDENCE: 0.85
REASON: The person's energetic pose and the Halloween costume context suggest playful excitement rather than distress."
emodb_small/images/dos3optnd365otvthb.jpg,Pain,Pain,0.95,"The man's facial expression and body language strongly indicate physical suffering, consistent with pain.","LABEL: Pain
CONFIDENCE: 0.95
REASON: The man's facial expression and body language strongly indicate physical suffering, consistent with pain."
mscoco/images/COCO_train2014_000000010929.jpg,Pain,Happiness,0.85,"The children are actively playing with frisbees in an outdoor setting, showing joyful engagement and movement.","LABEL: Happiness
CONFIDENCE: 0.85
REASON: The children are actively playing with frisbees in an outdoor setting, showing joyful engagement and movement."
framesdb/images/frame_3ojn4of2k1y7wegp.jpg,Pain,Confidence,0.85,"The coach is demonstrating a technique with focused attention, suggesting he is confident in his instruction.","LABEL: Confidence
CONFIDENCE: 0.85
REASON: The coach is demonstrating a technique with focused attention, suggesting he is confident in his instruction."
framesdb/images/frame_hiq7bbseklb9nx7l.jpg,Pain,Excitement,0.85,"The climbers' gear and posture suggest an adventurous, thrilling activity in a stunning mountain environment.","LABEL: Excitement
CONFIDENCE: 0.85
REASON: The climbers' gear and posture suggest an adventurous, thrilling activity in a stunning mountain environment."
emodb_small/images/dzgd47s8gphnvix1et.jpg,Pain,Pain,0.95,The man's facial expression and hand placement on his chest strongly suggest physical discomfort or pain.,"LABEL: Pain
CONFIDENCE: 0.95
REASON: The man's facial expression and hand placement on his chest strongly suggest physical discomfort or pain."
emodb_small/images/drzbqqu4xwzi7shbiw.jpg,Pain,Pain,0.95,"The man is clutching his chest and grimacing in agony, clearly indicating physical pain.","LABEL: Pain
CONFIDENCE: 0.95
REASON: The man is clutching his chest and grimacing in agony, clearly indicating physical pain."
mscoco/images/COCO_train2014_000000490182.jpg,Pain,Excitement,0.9,"The runner’s dynamic leap and outstretched arms convey high-energy triumph, typical of a thrilling baseball play.","LABEL: Excitement
CONFIDENCE: 0.9
REASON: The runner’s dynamic leap and outstretched arms convey high-energy triumph, typical of a thrilling baseball play."
emodb_small/images/e11uj6f3dy2hc3r7n6.jpg,Pain,Pain,0.95,"The person is hunched over and holding their back, suggesting physical discomfort or pain.","LABEL: Pain
CONFIDENCE: 0.95
REASON: The person is hunched over and holding their back, suggesting physical discomfort or pain."
emodb_small/images/dj8nlghl2i27dcwept.jpg,Pain,Fear,0.85,The child's wide eyes and open mouth suggest fear or distress while being pulled by the adult.,"LABEL: Fear
CONFIDENCE: 0.85
REASON: The child's wide eyes and open mouth suggest fear or distress while being pulled by the adult."
emodb_small/images/e1oqgilaydutrlhfih.jpg,Pain,Pain,0.95,"The person is curled up on the ground holding their leg, indicating physical discomfort or injury.","LABEL: Pain
CONFIDENCE: 0.95
REASON: The person is curled up on the ground holding their leg, indicating physical discomfort or injury."
emodb_small/images/dtp2df4s8zjcgtnjsm.jpg,Pain,Sadness,0.9,"The player is kneeling on the court with her head down, a posture commonly associated with disappointment or sadness after a loss.","LABEL: Sadness
CONFIDENCE: 0.9
REASON: The player is kneeling on the court with her head down, a posture commonly associated with disappointment or sadness after a loss."
emodb_small/images/dcjqh15lunvxk3jur0.jpg,Pain,Pain,0.95,"The man is holding his shoulder with a grimace, indicating physical discomfort or pain.","LABEL: Pain
CONFIDENCE: 0.95
REASON: The man is holding his shoulder with a grimace, indicating physical discomfort or pain."
emodb_small/images/dl5k4ukmcum9z54826.jpg,Pain,Pain,0.95,"The woman in bed is visibly in labor, grimacing in pain with her mouth open, while medical staff attend to her.","LABEL: Pain
CONFIDENCE: 0.95
REASON: The woman in bed is visibly in labor, grimacing in pain with her mouth open, while medical staff attend to her."
mscoco/images/COCO_train2014_000000255459.jpg,Pain,Confidence,0.85,"A baseball player is bent over, appearing injured or in distress while a coach checks on him.","LABEL: Concern
CONFIDENCE: 0.85
REASON: A baseball player is bent over, appearing injured or in distress while a coach checks on him."
mscoco/images/COCO_train2014_000000298031.jpg,Suffering,Disconnection,0.8,The individuals are physically close but appear disengaged and not interacting with each other.,"LABEL: Disconnection
CONFIDENCE: 0.8
REASON: The individuals are physically close but appear disengaged and not interacting with each other."
emodb_small/images/e9b5cftu9bwcw29nnh.jpg,Suffering,Sadness,0.95,"The central figure is visibly crying and being supported, indicating deep sorrow.","LABEL: Sadness
CONFIDENCE: 0.95
REASON: The central figure is visibly crying and being supported, indicating deep sorrow."
mscoco/images/COCO_train2014_000000408917.jpg,Suffering,Surprise,0.85,The child's wide eyes and slightly open mouth suggest a startled or surprised reaction to something unexpected.,"LABEL: Surprise
CONFIDENCE: 0.85
REASON: The child's wide eyes and slightly open mouth suggest a startled or surprised reaction to something unexpected."
mscoco/images/COCO_train2014_000000018656.jpg,Suffering,Anticipation,0.85,"The child is holding a bow and arrow in a focused stance, suggesting readiness for action or play, which evokes anticipation.","LABEL: Anticipation
CONFIDENCE: 0.85
REASON: The child is holding a bow and arrow in a focused stance, suggesting readiness for action or play, which evokes anticipation."
framesdb/images/frame_hxjikqmyt3a45rgh.jpg,Suffering,Anticipation,0.85,"The fighters are in a cage, likely preparing for or pausing during a match, creating tension and expectation for the next move.","LABEL: Anticipation
CONFIDENCE: 0.85
REASON: The fighters are in a cage, likely preparing for or pausing during a match, creating tension and expectation for the next move."
emodb_small/images/c5robr916k7aeap6l9.jpg,Suffering,Disapproval,0.85,The woman's furrowed brow and tense posture suggest she is disapproving of something.,"LABEL: Disapproval
CONFIDENCE: 0.85
REASON: The woman's furrowed brow and tense posture suggest she is disapproving of something."
mscoco/images/COCO_train2014_000000048130.jpg,Suffering,Anticipation,0.8,"The skateboarder's focused posture suggests he is preparing to perform a trick, indicating anticipation.","LABEL: Anticipation
CONFIDENCE: 0.8
REASON: The skateboarder's focused posture suggests he is preparing to perform a trick, indicating anticipation."
mscoco/images/COCO_train2014_000000151563.jpg,Suffering,Happiness,0.9,"The man is smiling while making pizza, indicating enjoyment and contentment.","LABEL: Happiness
CONFIDENCE: 0.9
REASON: The man is smiling while making pizza, indicating enjoyment and contentment."
mscoco/images/COCO_train2014_000000052440.jpg,Suffering,Excitement,0.85,"The festive travel theme and ""new"" luggage suggest anticipation and joy of adventure.","LABEL: Excitement
CONFIDENCE: 0.85
REASON: The festive travel theme and ""new"" luggage suggest anticipation and joy of adventure."
framesdb/images/frame_hvebkks8si2hujg3.jpg,Suffering,Peace,0.85,"The calm outdoor market scene with fresh produce and people casually walking suggests a tranquil, unhurried atmosphere.","LABEL: Peace
CONFIDENCE: 0.85
REASON: The calm outdoor market scene with fresh produce and people casually walking suggests a tranquil, unhurried atmosphere."
framesdb/images/frame_bp97cx6kc443bwbd.jpg,Suffering,Excitement,0.85,The blurred motion and warm lighting suggest energetic movement and enthusiasm typical of a spinning class.,"LABEL: Excitement
CONFIDENCE: 0.85
REASON: The blurred motion and warm lighting suggest energetic movement and enthusiasm typical of a spinning class."
mscoco/images/COCO_train2014_000000121167.jpg,Suffering,Excitement,0.85,"The child’s playful pose and goggles suggest joyful, adventurous excitement in a makeshift slide.","LABEL: Excitement
CONFIDENCE: 0.85
REASON: The child’s playful pose and goggles suggest joyful, adventurous excitement in a makeshift slide."
mscoco/images/COCO_train2014_000000471410.jpg,Suffering,Disconnection,0.85,"The two men are physically close but appear emotionally detached, each absorbed in their own activity.","LABEL: Disconnection
CONFIDENCE: 0.85
REASON: The two men are physically close but appear emotionally detached, each absorbed in their own activity."
mscoco/images/COCO_train2014_000000480088.jpg,Suffering,Fear,0.95,"The bound and gagged individuals appear helpless and distressed, conveying a strong sense of fear.","LABEL: Fear
CONFIDENCE: 0.95
REASON: The bound and gagged individuals appear helpless and distressed, conveying a strong sense of fear."
framesdb/images/frame_66bc289hmy2r81hv.jpg,Suffering,Sadness,0.9,"People are gathered around a grave being dug, suggesting mourning or loss.","LABEL: Sadness
CONFIDENCE: 0.9
REASON: People are gathered around a grave being dug, suggesting mourning or loss."
framesdb/images/frame_81ywrqgcwmx0fatw.jpg,Suffering,Confidence,0.85,"The scene depicts an ancient Egyptian artifact, likely a sarcophagus, which evokes awe and curiosity about history and culture.","LABEL: Wonder
CONFIDENCE: 0.85
REASON: The scene depicts an ancient Egyptian artifact, likely a sarcophagus, which evokes awe and curiosity about history and culture."
mscoco/images/COCO_train2014_000000572737.jpg,Suffering,Fatigue,0.85,"The man is carrying a heavy sack on his head and appears tired, suggesting physical exhaustion.","LABEL: Fatigue
CONFIDENCE: 0.85
REASON: The man is carrying a heavy sack on his head and appears tired, suggesting physical exhaustion."
mscoco/images/COCO_train2014_000000530610.jpg,Suffering,Suffering,0.85,"The person is kneeling in snow with head down, suggesting physical discomfort or emotional distress from a fall.","LABEL: Suffering
CONFIDENCE: 0.85
REASON: The person is kneeling in snow with head down, suggesting physical discomfort or emotional distress from a fall."
framesdb/images/frame_hdepjixs67t3l4zo.jpg,Engagement,Happiness,0.95,"The women are smiling broadly and posing cheerfully in festive attire, suggesting joyous celebration.","LABEL: Happiness
CONFIDENCE: 0.95
REASON: The women are smiling broadly and posing cheerfully in festive attire, suggesting joyous celebration."
mscoco/images/COCO_val2014_000000110392.jpg,Engagement,Engagement,0.85,"The woman is actively talking on her phone while walking, showing focused attention and involvement in her activity.","LABEL: Engagement
CONFIDENCE: 0.85
REASON: The woman is actively talking on her phone while walking, showing focused attention and involvement in her activity."
mscoco/images/COCO_train2014_000000509626.jpg,Engagement,Anticipation,0.85,"The batter is mid-swing, and the catcher and umpire are focused, suggesting high anticipation for the outcome of the pitch.","LABEL: Anticipation
CONFIDENCE: 0.85
REASON: The batter is mid-swing, and the catcher and umpire are focused, suggesting high anticipation for the outcome of the pitch."
mscoco/images/COCO_train2014_000000102225.jpg,Engagement,Anticipation,0.85,"The batter is poised to swing, and the fielders are ready, indicating a moment of suspense before the pitch is hit.","LABEL: Anticipation
CONFIDENCE: 0.85
REASON: The batter is poised to swing, and the fielders are ready, indicating a moment of suspense before the pitch is hit."
mscoco/images/COCO_train2014_000000533291.jpg,Engagement,Excitement,0.85,"The person is performing an impressive, dynamic trick against a clear blue sky, suggesting high energy and thrilling action.","LABEL: Excitement
CONFIDENCE: 0.85
REASON: The person is performing an impressive, dynamic trick against a clear blue sky, suggesting high energy and thrilling action."
framesdb/images/frame_482f0lsguoiv0sk6.jpg,Engagement,Excitement,0.9,The dynamic action of a baseball player sliding into a base with dust flying conveys high-energy excitement typical of competitive sports.,"LABEL: Excitement
CONFIDENCE: 0.9
REASON: The dynamic action of a baseball player sliding into a base with dust flying conveys high-energy excitement typical of competitive sports."
framesdb/images/frame_ddghjgrf7k9jei5j.jpg,Engagement,Happiness,0.85,The group’s relaxed smiles and cozy gathering inside the snow cave convey contentment and joy.,"LABEL: Happiness
CONFIDENCE: 0.85
REASON: The group’s relaxed smiles and cozy gathering inside the snow cave convey contentment and joy."
mscoco/images/COCO_train2014_000000565387.jpg,Engagement,Disapproval,0.85,The crowd's focused attention and body language suggest they are disapproving of the traffic situation or the motorcyclist's actions.,"LABEL: Disapproval
CONFIDENCE: 0.85
REASON: The crowd's focused attention and body language suggest they are disapproving of the traffic situation or the motorcyclist's actions."
framesdb/images/frame_6x5lpc7dh3yvrnc3.jpg,Engagement,Happiness,0.85,"The player in the foreground is smiling and clapping, showing clear joy after a successful play.","LABEL: Happiness
CONFIDENCE: 0.85
REASON: The player in the foreground is smiling and clapping, showing clear joy after a successful play."
framesdb/images/frame_6x5lpc7dh3yvrnc3.jpg,Engagement,Happiness,0.85,"The player in the foreground is smiling and clapping, showing clear joy after a successful play.","LABEL: Happiness
CONFIDENCE: 0.85
REASON: The player in the foreground is smiling and clapping, showing clear joy after a successful play."
framesdb/images/frame_6x5lpc7dh3yvrnc3.jpg,Engagement,Excitement,0.85,"The player's dynamic pose and the umpire's active stance suggest a high-energy, pivotal moment in the game.","LABEL: Excitement
CONFIDENCE: 0.85
REASON: The player's dynamic pose and the umpire's active stance suggest a high-energy, pivotal moment in the game."
framesdb/images/frame_jsnriwfd0ffphs5g.jpg,Engagement,Happiness,0.95,"People are smiling and relaxing in a hot tub surrounded by beautiful snowy scenery, indicating enjoyment and contentment.","LABEL: Happiness
CONFIDENCE: 0.95
REASON: People are smiling and relaxing in a hot tub surrounded by beautiful snowy scenery, indicating enjoyment and contentment."
framesdb/images/frame_63mtckpdjfc0y9q8.jpg,Engagement,Disapproval,0.85,"Players in white jerseys appear frustrated and disengaged while opponents in blue walk away confidently, suggesting disapproval of the game's outcome or play.","LABEL: Disapproval
CONFIDENCE: 0.85
REASON: Players in white jerseys appear frustrated and disengaged while opponents in blue walk away confidently, suggesting disapproval of the game's outcome or play."
framesdb/images/frame_63mtckpdjfc0y9q8.jpg,Engagement,Disapproval,0.85,"Players in white jerseys appear frustrated and disengaged, while opponents in blue seem indifferent, suggesting mutual dissatisfaction with the game's outcome.","LABEL: Disapproval
CONFIDENCE: 0.85
REASON: Players in white jerseys appear frustrated and disengaged, while opponents in blue seem indifferent, suggesting mutual dissatisfaction with the game's outcome."
framesdb/images/frame_98zn80gxar4u0kzg.jpg,Engagement,Disapproval,0.85,"The police officer is looking at his phone while standing near a person in a bunny costume, suggesting he is not amused or approving of the situation.","LABEL: Disapproval
CONFIDENCE: 0.85
REASON: The police officer is looking at his phone while standing near a person in a bunny costume, suggesting he is not amused or approving of the situation."
mscoco/images/COCO_train2014_000000147012.jpg,Engagement,Happiness,0.85,"The group is outdoors in a park, smiling and interacting casually with frisbees, suggesting a joyful, relaxed atmosphere.","LABEL: Happiness
CONFIDENCE: 0.85
REASON: The group is outdoors in a park, smiling and interacting casually with frisbees, suggesting a joyful, relaxed atmosphere."
mscoco/images/COCO_train2014_000000167397.jpg,Engagement,Excitement,0.85,"The woman in the foreground has an engaged, surprised expression with her mouth open, suggesting she is excited by the game being played.","LABEL: Excitement
CONFIDENCE: 0.85
REASON: The woman in the foreground has an engaged, surprised expression with her mouth open, suggesting she is excited by the game being played."
framesdb/images/frame_0v2clxpnah9oj514.jpg,Engagement,Anticipation,0.85,"The man is packing his suitcase, suggesting he is preparing for an upcoming trip or event, which typically involves anticipation.","LABEL: Anticipation
CONFIDENCE: 0.85
REASON: The man is packing his suitcase, suggesting he is preparing for an upcoming trip or event, which typically involves anticipation."
mscoco/images/COCO_val2014_000000160480.jpg,Engagement,Engagement,0.9,"The person is focused on their laptop, suggesting active involvement in their task.","LABEL: Engagement
CONFIDENCE: 0.9
REASON: The person is focused on their laptop, suggesting active involvement in their task."
mscoco/images/COCO_train2014_000000560391.jpg,Engagement,Disconnection,0.8,"The woman is seated apart from the vibrant market activity, appearing absorbed in her own world amidst the goods.","LABEL: Disconnection
CONFIDENCE: 0.8
REASON: The woman is seated apart from the vibrant market activity, appearing absorbed in her own world amidst the goods."
mscoco/images/COCO_train2014_000000028642.jpg,Engagement,Disconnection,0.85,"Soldiers are focused on their phones rather than interacting with each other or their surroundings, suggesting emotional or social disconnection.","LABEL: Disconnection
CONFIDENCE: 0.85
REASON: Soldiers are focused on their phones rather than interacting with each other or their surroundings, suggesting emotional or social disconnection."
framesdb/images/frame_1cnsgmoppetoruv9.jpg,Engagement,Happiness,0.85,"The crowd is socializing at what appears to be a festive outdoor gathering, with people smiling and interacting, indicating a joyful atmosphere.","LABEL: Happiness
CONFIDENCE: 0.85
REASON: The crowd is socializing at what appears to be a festive outdoor gathering, with people smiling and interacting, indicating a joyful atmosphere."
framesdb/images/frame_1cnsgmoppetoruv9.jpg,Engagement,Happiness,0.85,"The crowd is socializing at what appears to be a festive outdoor gathering, with people smiling and interacting, indicating a joyful atmosphere.","LABEL: Happiness
CONFIDENCE: 0.85
REASON: The crowd is socializing at what appears to be a festive outdoor gathering, with people smiling and interacting, indicating a joyful atmosphere."
mscoco/images/COCO_train2014_000000336858.jpg,Engagement,Excitement,0.85,The skier’s dynamic pose and focused expression suggest enjoyment and thrill from skiing.,"LABEL: Excitement
CONFIDENCE: 0.85
REASON: The skier’s dynamic pose and focused expression suggest enjoyment and thrill from skiing."
framesdb/images/frame_ek3zcwpt9ed6j6gm.jpg,Engagement,Happiness,0.95,"Children flying kites in a sunny park evokes joyful, carefree happiness.","LABEL: Happiness
CONFIDENCE: 0.95
REASON: Children flying kites in a sunny park evokes joyful, carefree happiness."
mscoco/images/COCO_train2014_000000025461.jpg,Engagement,Anticipation,0.85,"People are gathered outdoors with musical instruments, suggesting they are preparing for or waiting to begin a performance.","LABEL: Anticipation
CONFIDENCE: 0.85
REASON: People are gathered outdoors with musical instruments, suggesting they are preparing for or waiting to begin a performance."
mscoco/images/COCO_train2014_000000025461.jpg,Engagement,Happiness,0.85,"People are dressed in festive traditional clothing and playing musical instruments outdoors, suggesting joyful participation in a cultural event.","LABEL: Happiness
CONFIDENCE: 0.85
REASON: People are dressed in festive traditional clothing and playing musical instruments outdoors, suggesting joyful participation in a cultural event."
mscoco/images/COCO_train2014_000000024571.jpg,Engagement,Anticipation,0.9,"The batter is poised and focused, ready to swing, indicating anticipation of the pitch.","LABEL: Anticipation
CONFIDENCE: 0.9
REASON: The batter is poised and focused, ready to swing, indicating anticipation of the pitch."
mscoco/images/COCO_train2014_000000213135.jpg,Engagement,Pleasure,0.85,"The child is happily eating a hot dog, showing enjoyment through focused engagement with the food.","LABEL: Pleasure
CONFIDENCE: 0.85
REASON: The child is happily eating a hot dog, showing enjoyment through focused engagement with the food."
mscoco/images/COCO_train2014_000000256276.jpg,Engagement,Happiness,0.95,The couple is smiling and appears joyful while interacting with the bear.,"LABEL: Happiness
CONFIDENCE: 0.95
REASON: The couple is smiling and appears joyful while interacting with the bear."
mscoco/images/COCO_train2014_000000256276.jpg,Engagement,Happiness,0.95,"The couple is smiling warmly while interacting affectionately with the bear, conveying clear joy.","LABEL: Happiness
CONFIDENCE: 0.95
REASON: The couple is smiling warmly while interacting affectionately with the bear, conveying clear joy."
framesdb/images/frame_jbtqq5ahai9ylby3.jpg,Engagement,Happiness,0.95,"The central player is screaming with joy and teammates are celebrating, indicating happiness after scoring a goal.","LABEL: Happiness
CONFIDENCE: 0.95
REASON: The central player is screaming with joy and teammates are celebrating, indicating happiness after scoring a goal."
mscoco/images/COCO_train2014_000000199865.jpg,Engagement,Excitement,0.9,"The skier is mid-air during a high-speed descent, suggesting thrilling action and adrenaline.","LABEL: Excitement
CONFIDENCE: 0.9
REASON: The skier is mid-air during a high-speed descent, suggesting thrilling action and adrenaline."
mscoco/images/COCO_train2014_000000441828.jpg,Engagement,Excitement,0.9,"The surfer's dynamic pose and the splashing water convey intense, thrilling action.","LABEL: Excitement
CONFIDENCE: 0.9
REASON: The surfer's dynamic pose and the splashing water convey intense, thrilling action."
mscoco/images/COCO_train2014_000000087604.jpg,Engagement,Excitement,0.85,The player's dynamic pose and focused expression suggest intense engagement and energy typical of an exciting moment in a tennis match.,"LABEL: Excitement
CONFIDENCE: 0.85
REASON: The player's dynamic pose and focused expression suggest intense engagement and energy typical of an exciting moment in a tennis match."
mscoco/images/COCO_train2014_000000042312.jpg,Engagement,Happiness,0.95,"The person is smiling broadly while holding a box of donuts, indicating joy or contentment.","LABEL: Happiness
CONFIDENCE: 0.95
REASON: The person is smiling broadly while holding a box of donuts, indicating joy or contentment."
mscoco/images/COCO_train2014_000000156763.jpg,Engagement,Anticipation,0.9,"The batter is poised to swing, and the pitcher has just released the ball, creating a moment of high tension and expectation for the outcome.","LABEL: Anticipation
CONFIDENCE: 0.9
REASON: The batter is poised to swing, and the pitcher has just released the ball, creating a moment of high tension and expectation for the outcome."
ade20k/images/sun_ajjqvlkgojhqxjal.jpg,Engagement,Engagement,0.95,"The person is focused on viewing artwork, indicating active involvement and interest.","LABEL: Engagement
CONFIDENCE: 0.95
REASON: The person is focused on viewing artwork, indicating active involvement and interest."
mscoco/images/COCO_train2014_000000230061.jpg,Engagement,Happiness,0.85,"The vibrant flowers and bright, clean setting suggest a joyful, uplifting environment.","LABEL: Happiness
CONFIDENCE: 0.85
REASON: The vibrant flowers and bright, clean setting suggest a joyful, uplifting environment."
mscoco/images/COCO_train2014_000000163435.jpg,Engagement,Excitement,0.85,The dynamic action of the soccer players competing for the ball suggests high energy and enthusiasm.,"LABEL: Excitement
CONFIDENCE: 0.85
REASON: The dynamic action of the soccer players competing for the ball suggests high energy and enthusiasm."
mscoco/images/COCO_train2014_000000030299.jpg,Engagement,Happiness,0.95,"People are playing frisbee on a beach, showing active enjoyment and smiling faces.","LABEL: Happiness
CONFIDENCE: 0.95
REASON: People are playing frisbee on a beach, showing active enjoyment and smiling faces."
